course_id,course_code,title_th,title_en,credits,lecture_hours,lab_hours,self_study_hours,credit_format,description,is_active,created_at,updated_at,in_program_revisions,official_match,official_course_code_full,official_title_th,official_credit_format,official_description_th,official_description_extra,official_versions_available
56fb8ca8-ef2e-4771-8792-a392ba7af7cf,10301362-68,หัวข้อพิเศษทางวิทยาการคอมพิวเตอร์ 2,Special Topics in Computer Science 2,3,2,3,5,3(2-3-5),กลุ่มวิชาหัวข้อพิเศษ (Special Topics),True,2026-08-18T06:54:42.003Z,2026-08-18T06:54:42.003Z,2570,exact_title,10301362-7001,หัวข้อพิเศษทางวิทยาการคอมพิวเตอร์ 2,3(2-3-5),หัวข้อพิเศษทางวิทยาการคอมพิวเตอร์ที่มีความทันสมัยและน่าสนใจ เนื้อหาที่กำหนดและประกาศโดยหลักสูตรก่อนเปิดภาคการศึกษา การศึกษา การปฏิบัติ และการอภิปรายในหัวข้อเฉพาะทาง การติดตามความรู้และวิทยาการใหม่ในสาขาวิชาวิทยาการคอมพิวเตอร์ หัวข้อที่แตกต่างจากรายวิชาอื่นเพื่อเสริมสร้างความรู้ใหม่และความรู้เพิ่มเติม,,10301362-1;10301362-7001
171db115-b376-4861-8bcb-98a3248b30c6,10301361-68,หัวข้อพิเศษทางวิทยาการคอมพิวเตอร์ 1,Special Topics in Computer Science 1,3,2,3,5,3(2-3-5),กลุ่มวิชาหัวข้อพิเศษ (Special Topics),True,2026-08-18T06:54:41.997Z,2026-08-18T06:54:41.997Z,2570,exact_title,10301361-7001,หัวข้อพิเศษทางวิทยาการคอมพิวเตอร์ 1,3(2-3-5),หัวข้อพิเศษทางวิทยาการคอมพิวเตอร์ที่มีความทันสมัยและน่าสนใจ เนื้อหาที่กำหนดและประกาศโดยหลักสูตรก่อนเปิดภาคการศึกษา การศึกษา การปฏิบัติ และการอภิปรายในหัวข้อเฉพาะทาง การติดตามความรู้และวิทยาการใหม่ในสาขาวิชาวิทยาการคอมพิวเตอร์,,10301361-1;10301361-7001
91ab8851-6386-4f9d-95d7-dc22d7cf3475,10301357-68,วิศวกรรมเครือข่ายคอมพิวเตอร์,Computer Network Engineering,3,2,3,5,3(2-3-5),กลุ่มวิชาโครงสร้างพื้นฐานดิจิทัลและเทคโนโลยีล้ำสมัย (Digital Infrastructure & Emerging Technologies),True,2026-08-18T06:54:41.991Z,2026-08-18T06:54:41.991Z,2570,exact_title,10301357-7001,วิศวกรรมเครือข่ายคอมพิวเตอร์,3(2-3-5),สถาปัตยกรรมเครือข่าย ออกแบบและติดตั้งอุปกรณ์ การกำหนดค่าเครือข่าย การบริหารจัดการเครือข่าย เครือข่ายระยะใกล้ เครือข่ายระยะไกล เครือข่ายไร้สาย และเครือข่ายคลาว์ด การวิเคราะห์และแก้ไขปัญหาเครือข่ายคลาวด์และเวอร์ชวลไลเซชัน การสำรองและกู้คืนข้อมูล ความปลอดภัยของเครือข่าย,,10301357-1;10301357-7001
a0425e83-17d6-41d2-af07-5fdfef14ee78,10301356-68,การประมวลผลสัญญาณดิจิทัล,Digital Signal Processing,3,2,3,5,3(2-3-5),กลุ่มวิชาโครงสร้างพื้นฐานดิจิทัลและเทคโนโลยีล้ำสมัย (Digital Infrastructure & Emerging Technologies),True,2026-08-18T06:54:41.985Z,2026-08-18T06:54:41.985Z,2570,exact_title,10301356-7001,การประมวลผลสัญญาณดิจิทัล,3(2-3-5),พื้นฐานเกี่ยวของสัญญาณและระบบ การแทนสัญญาณในโดเมนเวลา การสุ่มตัวอย่าง การควอนไทซ์ การแปลงฟูเรียร์แบบไม่ต่อเนื่อง การวิเคราะห์สัญญาณในโดเมนความถี่ ระบบเชิงเส้นไม่แปรผันตามเวลาและการคอนโวลูชัน การตอบสนองความถี่ การออกแบบตัวกรอง การลดสัญญาณรบกวน เทคนิคการเพิ่มสุ่มตัวอย่างและการลดสุ่มตัวอย่าง การประยุกต์ใช้ในงานประมวลผลเสียงและภาพ,,10301356-1;10301356-7001
8f07ddab-b65f-41a5-9774-49bec2b42fe3,10301355-68,การประมวลผลเชิงควอนตัม,Quantum Computing,3,2,3,5,3(2-3-5),กลุ่มวิชาโครงสร้างพื้นฐานดิจิทัลและเทคโนโลยีล้ำสมัย (Digital Infrastructure & Emerging Technologies),True,2026-08-18T06:54:41.979Z,2026-08-18T06:54:41.979Z,2570,exact_title,10301355-7001,การประมวลผลเชิงควอนตัม,0(0-0-0),กลศาสตร์ควอนตัมที่เกี่ยวข้องกับการประมวลผลข้อมูลเชิงควอนตัม การแทนข้อมูลด้วยคิวบิต การซ้อนทับ (superposition) การพัวพัน (entanglement) การประมวลผลด้วยประตูควอนตัม (quantum gates) วงจรควอนตัม (quantum circuits) อัลกอริทึมควอนตัมที่สำคัญ เช่น อัลกอริทึมของ Shor และ Grover การแก้ไขข้อผิดพลาดเชิงควอนตัม การเขียนโปรแกรมควอนตัมเบื้องต้นผ่านเครื่องมือจำลองหรือฮาร์ดแวร์ควอนตัมจริง,,10301355-1;10301355-7001
a8fd5984-e721-4c86-8225-dfce6c0e64dd,10301354-68,ความมั่นคงปลอดภัยไซเบอร์,Cybersecurity,3,2,3,5,3(2-3-5),กลุ่มวิชาโครงสร้างพื้นฐานดิจิทัลและเทคโนโลยีล้ำสมัย (Digital Infrastructure & Emerging Technologies),True,2026-08-18T06:54:41.973Z,2026-08-18T06:54:41.973Z,2570,exact_title,10301354-7001,ความมั่นคงปลอดภัยไซเบอร์,3(2-3-5),ความมั่นคงปลอดภัยไซเบอร์และประเภทของภัยคุกคาม หลักการความลับ ความถูกต้อง และความพร้อมใช้งาน เทคนิคการเข้ารหัส การพิสูจน์ตัวตน การควบคุมการเข้าถึง การรักษาความปลอดภัยของเครือข่ายและระบบปฏิบัติการ การตรวจจับและตอบสนองต่อเหตุการณ์ การวิเคราะห์มัลแวร์ ความปลอดภัยของแอปพลิเคชัน กฎหมายและจริยธรรมทางไซเบอร์ การทดสอบเจาะระบบ การจัดการความเสี่ยง การวางแผนความต่อเนื่องทางธุรกิจ กฎหมายคอมพิวเตอร์จริยธรรมวิชาชีพและการรับมืออาชญากรรมทางไซเบอร์ในยุคดิจิทัล,,10301354-1;10301354-7001
d94249f5-c72a-494b-8bdb-e13677210656,10301353-68,ตรรกศาสตร์เชิงดิจิทัลและอุปกรณ์อัจฉริยะ,Digital Logic and Intelligent Devices,3,2,3,5,3(2-3-5),กลุ่มวิชาโครงสร้างพื้นฐานดิจิทัลและเทคโนโลยีล้ำสมัย (Digital Infrastructure & Emerging Technologies),True,2026-08-18T06:54:41.968Z,2026-08-18T06:54:41.968Z,2570,exact_title,10301353-7001,ตรรกศาสตร์เชิงดิจิทัลและอุปกรณ์อัจฉริยะ,3(2-3-5),ทฤษฎีเบื้องต้นของวงจรสวิตชิ่ง คณิตศาสตร์แบบบูล ตารางความจริง การลดรูปสมการบูลลีนโดยใช้แผนที่แบบคาร์นอ วงจรเกท วงจรฟลิปฟลอป วงจรนับ วงจรเลื่อนรีจิสเตอร์การออกแบบวงจรคอมไบเนชัน วงจรซีเควนเชียล เครื่องสถานะจำกัด,,10301353-1;10301353-7001
5cfad46b-3411-4a20-9b04-7ce00be1e368,10301352-68,อินเทอร์เน็ตในทุกสิ่ง,Internet of Things,3,2,3,5,3(2-3-5),กลุ่มวิชาโครงสร้างพื้นฐานดิจิทัลและเทคโนโลยีล้ำสมัย (Digital Infrastructure & Emerging Technologies),True,2026-08-18T06:54:41.962Z,2026-08-18T06:54:41.962Z,2570,exact_title,10301352-7001,อินเทอร์เน็ตในทุกสิ่ง,3(2-3-5),"ไมโครคอนโทรลเลอร์ ระบบฝังตัว การเขียนโปรแกรมไมโครคอนโทรลเลอร์ อินพุตเอาต์พุตดิจิทัล พอร์ตอนุกรมและการสื่อสารอนุกรม การแปลงสัญญาณอนาล็อกดิจิทัล การแปลงสัญญาณดิจิทัลอนาล็อก เซนเซอร์และการเชื่อมต่อ การสื่อสารไร้สาย อินเทอร์เน็ตในทุกสิ่ง ปัญญาประดิษฐ์ฝังตัว การเชื่อมต่อระบบคลาวด์ โปรโตคอลเครือข่าย การจัดการพลังงาน การประยุกต์ใช้นวัตกรรม
เอไอโอที และ การประยุกต์ใช้ในระบบกสิกรรมสมัยใหม่และฟาร์มอัจฉริยะ",,10301352-1;10301352-7001
5e2ef34c-ca2e-4e7f-8b43-bf7564beaf9a,10301351-68,การประมวลผลแบบกลุ่มเมฆ,Cloud Computing,3,2,3,5,3(2-3-5),กลุ่มวิชาโครงสร้างพื้นฐานดิจิทัลและเทคโนโลยีล้ำสมัย (Digital Infrastructure & Emerging Technologies),True,2026-08-18T06:54:41.955Z,2026-08-18T06:54:41.955Z,2570,exact_title,10301351-7001,การประมวลผลแบบกลุ่มเมฆ,3(2-3-5),การประมวลผลแบบกลุ่มเมฆ รูปแบบบริการต่าง ๆ การให้บริการโครงสร้างพื้นฐาน การให้บริการแพลตฟอร์ม การให้บริการซอฟต์แวร์ การให้บริการระบบ การจัดเก็บข้อมูลที่มีขนาดใหญ่ และการให้บริการกระบวนการทางธุรกิจ การรักษาความปลอดภัยแบบกลุ่มเมฆ การดำเนินการและการสนับสนุน การประมวลผลที่มีประสิทธิภาพสูง และรองรับข้อมูลขนาดใหญ่แบบกลุ่มเมฆ,,10301351-1;10301351-7001
70003e8a-1c72-4410-b304-43e3c49715d6,10301349,ฟินเทคและการวิเคราะห์ข้อมูลขนาดใหญ่,FinTech and Big Data Analytics,3,2,3,5,3(2-3-5),กลุ่มวิชาวิศวกรรมซอฟต์แวร์และนวัตกรรมดิจิทัล (Software Engineering & Digital Innovation),True,2026-08-18T06:54:41.949Z,2026-08-18T06:54:41.949Z,2570,exact_title,10301349-7001,ฟินเทคและการวิเคราะห์ข้อมูลขนาดใหญ่,3(2-3-5),"การวิเคราะห์ธุรกรรมแบบเวลาจริง สตรีมมิงข้อมูลแบบขับเคลื่อนด้วยเหตุการณ์
การตรวจจับความผิดปกติด้านทุจริต/การเงิน การวิเคราะห์ความเสี่ยงและการให้คะแนนเครดิต คลังฟีเจอร์และท่อส่งข้อมูลที่พร้อมสำหรับงานแมชชีนเลิร์นนิง คุณภาพข้อมูลและการสังเกตการณ์ระบบข้อมูล การกำกับดูแล ความมั่นคงปลอดภัย และความเป็นส่วนตัวของข้อมูล ร่องรอยการตรวจสอบและการวิเคราะห์เพื่อการปฏิบัติตามกฎระเบียบ ตัวชี้วัดและการวิเคราะห์เชิงธุรกิจสำหรับงานการเงิน สถาปัตยกรรมที่ขยายได้และคำนึงถึงต้นทุน",,10301349-7001
b0b27396-9595-44f0-8237-5d244ebbf104,10301348,บล็อกเชน และคริปโทเคอร์เรนซี่,Blockchain and Cryptocurrency,3,2,3,5,3(2-3-5),กลุ่มวิชาวิศวกรรมซอฟต์แวร์และนวัตกรรมดิจิทัล (Software Engineering & Digital Innovation),True,2026-08-18T06:54:41.943Z,2026-08-18T06:54:41.943Z,2570,exact_title,10301348-7001,บล็อกเชน และคริปโทเคอร์เรนซี่,0(0-0-0),เทคโนโลยีบล็อกเชน หลักการการเข้ารหัสลับ ชนิดของบล็อกเชน บิทคอยน์ อีเธอร์เลียม ไฮเปอร์เลจเจอร์ โปรโตคอลอื่น ๆ สมาร์ทคอนแทรกต์ การทำธุรกรรมด้วยคริปโทเคอร์เรนซี่ กฎหมายและข้อบังคับในเทคโนโลยีบล็อกเชน เครื่องมือและเทคนิค การออกแบบและพัฒนาระบบ,,10301348-7001
aacab904-a074-4509-9896-625a33dd78a8,10301347-68,ระบบสารสนเทศเพื่อการจัดการ,Management Information System,3,2,3,5,3(2-3-5),กลุ่มวิชาวิศวกรรมซอฟต์แวร์และนวัตกรรมดิจิทัล (Software Engineering & Digital Innovation),True,2026-08-18T06:54:41.937Z,2026-08-18T06:54:41.937Z,2570,exact_title,10301347-7001,ระบบสารสนเทศเพื่อการจัดการ,3(2-3-5),ความรู้เกี่ยวกับเทคโนโลยีสารสนเทศ วิธีการพัฒนาระบบสารสนเทศเพื่อการบริหารจัดการเพื่อช่วยการตัดสินใจในองค์กรธุรกิจ การวางแผนทรัพยากรขององค์กร การจัดการห่วงโซ่อุปทาน การจัดการลูกค้าสัมพันธ์ การทำธุรกิจผ่านระบบเครือข่ายอินเทอร์เน็ตการพาณิชย์อิเล็กทรอนิกส์ แนะนำระบบสนับสนุนการตัดสินใจ,,10301347-1;10301347-7001
a6a62e4e-d4c9-42b9-bb72-77175f3034b2,10301346-68,ธุรกิจอัจฉริยะ,Business Intelligence,3,2,3,5,3(2-3-5),กลุ่มวิชาวิศวกรรมซอฟต์แวร์และนวัตกรรมดิจิทัล (Software Engineering & Digital Innovation),True,2026-08-18T06:54:41.930Z,2026-08-18T06:54:41.930Z,2570,exact_title,10301346-7006,ธุรกิจอัจฉริยะ,3(2-3-5),หลักการและองค์ประกอบของธุรกิจอัจฉริยะ คลังข้อมูล โมเดลของคลังข้อมูล สถาปัตยกรรมคลังข้อมูล การรวบรวมข้อมูล การบูรณาการข้อมูล การแสดงข้อมูลเชิงภาพ การจัดทำรายงาน การวิเคราะห์ข้อมูล รูปแบบสนับสนุนการตัดสินใจบนพื้นฐานข้อมูล การประยุกต์ใช้ระบบธุรกิจอัจฉริยะ,,10301346-1;10301346-7006
938c90e2-1adc-40d3-9d0f-be312d997156,10301345-68,การพัฒนาซอฟต์แวร์สำหรับการซื้อขายความถี่สูง,High Frequency Trading Software Development,3,2,3,5,3(2-3-5),กลุ่มวิชาวิศวกรรมซอฟต์แวร์และนวัตกรรมดิจิทัล (Software Engineering & Digital Innovation),True,2026-08-18T06:54:41.924Z,2026-08-18T06:54:41.924Z,2570,exact_title,10301345-7001,การพัฒนาซอฟต์แวร์สำหรับการซื้อขายความถี่สูง,3(2-3-5),สถาปัตยกรรมการซื้อขายที่มีความหน่วงต่ำ โครงสร้างข้อมูลสำหรับสมุดคำสั่ง การจัดการเธรด การเขียนโปรแกรมแบบไร้การล็อก การประมวลผลแบบขนาน การจัดการและการเพิ่มประสิทธิภาพหน่วยความจำ การจัดการคิวข้อมูลสำหรับการซื้อขายความเร็วสูง การประยุกต์ใช้ฐานข้อมูลอนุกรมเวลาการซื้อขายทางการเงินที่มีความละเอียดสูง การออกแบบกลยุทธ์การซื้อขายสำหรับการซื้อขายความถี่สูง FPGA และ GPU โปรโตคอลสำหรับการประทับเวลาที่แม่นยำ,,10301345-1;10301345-7001
028ec0f8-d436-4338-83ce-7117311e6427,10301344-68,การพัฒนาซอฟต์แวร์การซื้อขายอัตโนมัติ,Automated Trading Software Development,3,2,3,5,3(2-3-5),กลุ่มวิชาวิศวกรรมซอฟต์แวร์และนวัตกรรมดิจิทัล (Software Engineering & Digital Innovation),True,2026-08-18T06:54:41.918Z,2026-08-18T06:54:41.918Z,2570,exact_title,10301344-7001,การพัฒนาซอฟต์แวร์การซื้อขายอัตโนมัติ,3(2-3-5),ตลาดการเงิน เครื่องมือทางการเงิน โครงสร้างตลาด พื้นฐานการซื้อขายอัตโนมัติ การเขียนโปรแกรมเพื่อการซื้อขาย การจัดการและทำความสะอาดข้อมูล การพัฒนากลยุทธ์การซื้อขาย เทคนิคการทดสอบย้อนหลัง การจัดการความเสี่ยง การกำหนดขนาดสถานะและการบริหารเงิน ประเภทคำสั่งและการดำเนินการ การทำให้การซื้อขายเป็นอัตโนมัติ การซื้อขายจำลอง ฐานข้อมูลอนุกรมเวลา การปรับแต่งกลยุทธ์ การประเมินประสิทธิภาพ,,10301344-1;10301344-7001
a4dced5f-aba4-4c52-b3e9-db09eb30b264,10301343-68,การพัฒนามัลติมีเดียและเกม,Multimedia and Game Development,3,2,3,5,3(2-3-5),กลุ่มวิชาวิศวกรรมซอฟต์แวร์และนวัตกรรมดิจิทัล (Software Engineering & Digital Innovation),True,2026-08-18T06:54:41.911Z,2026-08-18T06:54:41.911Z,2570,exact_title,10301343-7001,การพัฒนามัลติมีเดียและเกม,3(2-3-5),การโปรแกรมสำหรับเกม การพัฒนาเกมด้วยเกมเอนจินในการสร้างเกมสองดีและสามดี การตั้งค่าโครงการ การจัดการทรัพยากร การเขียนสคริปต์ควบคุมวัตถุ การตรวจจับการชน การสร้างส่วนติดต่อผู้ใช้ ปัญญาประดิษฐ์ในเกม แอนิเมชันสำหรับเกม การออกแบบเสียงสำหรับเกม,,10301343-1;10301343-7001
daed82d0-b3e9-4b2f-b4a6-0c307d824c31,10301342-68,การพัฒนาแอปพลิเคชันเชิงสร้างสรรค์ข้ามแพลตฟอร์ม,Creative Cross-Platform Application Development,3,2,3,5,3(2-3-5),กลุ่มวิชาวิศวกรรมซอฟต์แวร์และนวัตกรรมดิจิทัล (Software Engineering & Digital Innovation),True,2026-08-18T06:54:41.905Z,2026-08-18T06:54:41.905Z,2570,fuzzy_title,10301342-7001,การพัฒนาแอปพลิเคชั่นเชิงสร้างสรรค์ข้ามแพลตฟอร์ม,3(2-3-5),สถาปัตยกรรมของปัญญาประดิษฐ์เชิงสร้างสรรค์และเฟรมเวอร์กการพัฒนาข้ามแพลตฟอร์ม การพัฒนาแอปพลิเคชันเชื่อมต่อและอินทิเกรตเอพีไอของปัญญาประดิษฐ์เชิงสร้างสรรค์ การออกแบบประสบการณ์ผู้ใช้และส่วนต่อประสานผู้ใช้ วิเคราะห์และแก้ไขปัญหาด้านจริยธรรม ต้นทุน และประสิทธิภาพปัญญาประดิษฐ์เชิงสร้างสรรค์,,10301342-1;10301342-7001
bbb439eb-6c5d-47f4-912e-a8bed4a1b293,10301341-68,วิศวกรรมซอฟต์แวร์และการเข้าถึง,Software Engineering and Accessibility,3,2,3,5,3(2-3-5),กลุ่มวิชาวิศวกรรมซอฟต์แวร์และนวัตกรรมดิจิทัล (Software Engineering & Digital Innovation),True,2026-08-18T06:54:41.898Z,2026-08-18T06:54:41.898Z,2570,exact_title,10301341-7001,วิศวกรรมซอฟต์แวร์และการเข้าถึง,3(2-3-5),หลักการวิศวกรรมซอฟต์แวร์ การออกแบบส่วนต่อประสานผู้ใช้ที่คำนึงถึงการเข้าถึงได้ มาตรฐานการเข้าถึงได้ เทคโนโลยีสนับสนุนการออกแบบที่รองรับความหลากหลาย การทดสอบและประเมินความสามารถในการเข้าถึงได้ของซอฟต์แวร์ สถาปัตยกรรมแบบโมโนลิธิคและไมโครเซอร์วิส,,10301341-1;10301341-7001
6bb3c19c-c398-4c12-9811-559875411ee1,10301339,เครื่องมือและการประยุกต์ใช้การเล่าเรื่องข้อมูล,Tools and Applications for Data Storytelling,3,2,3,5,3(2-3-5),กลุ่มวิชาปัญญาประดิษฐ์และวิทยาการข้อมูล (AI & Data Science),True,2026-08-18T06:54:41.893Z,2026-08-18T06:54:41.893Z,2570,exact_title,10301339-7001,เครื่องมือและการประยุกต์ใช้การเล่าเรื่องข้อมูล,3(2-3-5),การใช้เครื่องมือสำหรับการวิเคราะห์และการเล่าเรื่องข้อมูล การออกแบบและสร้างการแสดงผลเชิงภาพแบบโต้ตอบ การเลือกใช้กราฟและแดชบอร์ดที่เหมาะสม การผสานข้อมูลเชิงปริมาณและเชิงคุณภาพ การประเมินความถูกต้องของการสื่อสารด้วยข้อมูล การประยุกต์ใช้การเล่าเรื่องข้อมูลเพื่อการตัดสินใจทางธุรกิจและการจัดการ การพัฒนาโครงงานที่ใช้เครื่องมือการแสดงผลข้อมูลอย่างมืออาชีพ จริยธรรมและความรับผิดชอบต่อผู้ใช้ในการเล่าเรื่องข้อมูล,,10301339-7001
8069c373-a351-4012-a345-a801406145e4,10301338,ปัญญาประดิษฐ์เพื่อสุขภาวะที่ยั่งยืน,Artificial Intelligence for Sustainable Well-being,3,2,3,5,3(2-3-5),กลุ่มวิชาปัญญาประดิษฐ์และวิทยาการข้อมูล (AI & Data Science),True,2026-08-18T06:54:41.887Z,2026-08-18T06:54:41.887Z,2570,fuzzy_title,10301338-7001,ปัญญาประดิษฐ์พื่อสุขภาวะที่ยั่งยืน,3(2-3-5),โครงสร้างระบบอินเทอร์เน็ตของสรรพสิ่งและอุปกรณ์เซนเซอร์สุขภาพ การจัดเก็บและแสดงผลข้อมูลผ่านระบบคลาวด์และแดชบอร์ด พื้นฐานของปัญญาประดิษฐ์และการเรียนรู้ของเครื่อง การเตรียมข้อมูลสุขภาพ การสร้างและประเมินโมเดล การบูรณาการโมเดลกับระบบอินเทอร์เน็ตของสรรพสิ่งสำหรับระบบสุขภาพอัจฉริยะ การวิเคราะห์และการแจ้งเตือนภาวะสุขภาพ ความปลอดภัยของข้อมูลและจริยธรรมในการใช้เทคโนโลยี การประยุกต์ใช้ปัญญาประดิษฐ์และนวัตกรรมเกษตรอัจฉริยะในห่วงโซ่อุปทานอาหารเพื่อสุขภาวะ,,10301338-7001
aa432af7-00a5-4e8c-ac7e-205fdb093aa7,10301337,ปัญญาประดิษฐ์สร้างสรรค์และการออกแบบคำสั่ง,Generative Artificial Intelligence and Prompt Engineering,3,2,3,5,3(2-3-5),กลุ่มวิชาปัญญาประดิษฐ์และวิทยาการข้อมูล (AI & Data Science),True,2026-08-18T06:54:41.881Z,2026-08-18T06:54:41.881Z,2570,exact_title,10301337-7001,ปัญญาประดิษฐ์สร้างสรรค์และการออกแบบคำสั่ง,3(2-3-5),หลักการและเทคโนโลยีของปัญญาประดิษฐ์สร้างสรรค์ การสร้างเนื้อหาใหม่ในรูปแบบข้อความ ภาพ เสียง วิดีโอ และโค้ด โครงสร้างโมเดลหลัก เช่น ทรานส์ฟอร์เมอร์ จีเอเอ็นเอส และโมเดลกระจาย เครื่องมือสมัยใหม่ เช่น ไพทอร์ช ฮักกิงเฟซ และสเตเบิล ดิฟฟิวชัน เทคนิคการปรับแต่งโมเดลและการออกแบบคำสั่ง การใช้ปัญญาประดิษฐ์สร้างสรรค์ในงานสร้างสรรค์และการใช้งานทางธุรกิจ จริยธรรมและความปลอดภัยของข้อมูล การพัฒนาโครงการโดยใช้ปัญญาประดิษฐ์สร้างสรรค์ในสถานการณ์จริง,,10301337-7001
379f3765-284b-45c4-8a1f-bc7785011e70,10301336-68,คอมพิวเตอร์วิทัศน์,Computer Vision,3,2,3,5,3(2-3-5),กลุ่มวิชาปัญญาประดิษฐ์และวิทยาการข้อมูล (AI & Data Science),True,2026-08-18T06:54:41.876Z,2026-08-18T06:54:41.876Z,2570,exact_title,10301336-7001,คอมพิวเตอร์วิทัศน์,3(2-3-5),คอมพิวเตอร์วิทัศน์เบื้องต้น เรขาคณิตเชิงภาพฉาย การแปลงแบบคงรูปร่าง การประมาณค่าเชิงสถิติ แบบจำลองกล้อง ภาพสามมิติสองมุมมอง การสร้างภาพขึ้นใหม่จากหลายมุมมอง เทคนิคการตรวจจับและตัดแยกคุณลักษณะเด่นจากภาพ การเรียนรู้ของเครื่องจักรสําหรับการแยกแยะวัตถุ การเรียนรู้เชิงลึกสําหรับการแยกแยะวัตถุ การวิเคราะห์การเคลื่อนที่และการรู้จำท่าทาง การประยุกต์ใช้คอมพิวเตอร์วิทัศน์,,10301336-1;10301336-7001
809e8281-d2e3-4d8b-9224-acc4ab49b4f3,10301335-68,การเรียนรู้ของเครื่องจักร,Machine Learning,3,2,3,5,3(2-3-5),กลุ่มวิชาปัญญาประดิษฐ์และวิทยาการข้อมูล (AI & Data Science),True,2026-08-18T06:54:41.870Z,2026-08-18T06:54:41.870Z,2570,exact_title,10301335-7001,การเรียนรู้ของเครื่องจักร,3(2-3-5),คำนิยามและตัวอย่างของการเรียนรู้ของเครื่องจักร การเรียนรู้โดยวิธีอุปนัย การเรียนรู้โดยอาศัยพื้นฐานทางสถิติ การเรียนรู้โดยสิ่งสนับสนุน การเรียนรู้จากผู้เชี่ยวชาญ การเรียนรู้โดยอาศัยการตัดสินใจเชิงต้นไม้ การเรียนรู้โดยอาศัยโครงข่ายประสาทเทียม การเรียนรู้โดยอาศัยโครงข่ายความเชื่อ อัลกอริทึมการหาเพื่อนบ้านที่ใกล้ที่สุด ทฤษฎีการเรียนรู้ การแก้ปัญหาโดยการหาจุดที่เหมาะสม การเรียนรู้โดยไม่อาศัยผู้เชี่ยวชาญ และการแบ่งกลุ่มข้อมูล,,10301335-1;10301335-7001
c03d9336-e041-49f1-8d11-5e7210b9d72c,10301334-68,การแยกแยะและการแบ่งกลุ่มข้อมูล,Data Classification and Clustering,3,2,3,5,3(2-3-5),กลุ่มวิชาปัญญาประดิษฐ์และวิทยาการข้อมูล (AI & Data Science),True,2026-08-18T06:54:41.863Z,2026-08-18T06:54:41.863Z,2570,exact_title,10301334-7001,การแยกแยะและการแบ่งกลุ่มข้อมูล,3(2-3-5),การแยกแยะข้อมูลและการแบ่งกลุ่มข้อมูล วิธีการและอัลกอริทึมสำหรับการเรียนรู้แบบมีผู้สอนและการเรียนรู้แบบไม่มีผู้สอน การเตรียมข้อมูล โมเดลการจำแนกข้อมูลและการวิเคราะห์เชิงถดถอย การปรับแต่งโมเดล โมเดลการแบ่งกลุ่มข้อมูล การลดมิติข้อมูล การจัดกลุ่มข้อมูลด้วยระยะทาง การจัดกลุ่มข้อมูลตามความหนาแน่น กฎความสัมพันธ์ การเรียนรู้ด้วยข้อมูลที่มีฉลากจำกัด การประเมินการจำแนกและการแบ่งกลุ่มข้อมูล การทดลองกับฐานข้อมูลในมุมมองของวิทยาการคอมพิวเตอร์ การเลือกข้อมูลเพื่อแสดงผล อัลกอริทึมที่เป็นประโยชน์ในระบบการแยกแยะและการแบ่งกลุ่มข้อมูล,,10301334-1;10301334-7001
ae6cad6a-f6ed-4fcd-9799-d9a1cdb8665a,10301333-68,การประมวลผลภาษาธรรมชาติสมัยใหม่,Modern Natural Language Processing,3,2,3,5,3(2-3-5),กลุ่มวิชาปัญญาประดิษฐ์และวิทยาการข้อมูล (AI & Data Science),True,2026-08-18T06:54:41.857Z,2026-08-18T06:54:41.857Z,2570,exact_title,10301333-7001,การประมวลผลภาษาธรรมชาติสมัยใหม่,3(2-3-5),แนวคิดและเทคโนโลยีล่าสุดด้านการประมวลผลภาษาธรรมชาติ แนวทางการเรียนรู้เชิงลึก โครงสร้างทรานส์ฟอร์เมอร์และกลไกการให้ความสนใจด้วยตนเอง การแทนคำด้วยการฝังคำ การฝังคำตามบริบท แบบจำลองภาษา การประยุกต์ใช้แบบจำลองภาษาขนาดใหญ่ ไพทอร์ช เทนเซอร์โฟลว์ ฮักกิงเฟซ การวิเคราะห์และการปรับแต่งแบบจำลองสำหรับงานเฉพาะ จริยธรรมในการประมวลผลภาษาธรรมชาติ การพัฒนาโครงการด้านการประมวลผลภาษาธรรมชาติในโลกจริง,,10301333-1;10301333-7001
0646f786-7714-4b44-9a21-952f15db9596,10301332-68,การประมวลผลเชิงภาพ,Digital Image Processing,3,2,3,5,3(2-3-5),กลุ่มวิชาปัญญาประดิษฐ์และวิทยาการข้อมูล (AI & Data Science),True,2026-08-18T06:54:41.851Z,2026-08-18T06:54:41.851Z,2570,exact_title,10301332-7001,การประมวลผลเชิงภาพ,3(2-3-5),การประมวลผลเชิงภาพเบื้องต้น การรับรู้และการมองเห็น รูปแบบของภาพ การสุ่มและการแบ่งระดับ การปรับปรุงภาพ การทำสัญญาณภาพให้เรียบ การทำสัญญาณภาพให้คมชัด การทำให้ลักษณะสัญญาณภาพกลับคืนมาใหม่ ตัวแบบสี การแยกส่วนสัญญาณภาพ การเทียบแม่แบบ การแปลงโคไซน์แบบไม่ต่อเนื่องและการบีบอัดภาพ และเครื่องมือทางปัญญาประดิษฐ์ที่เกี่ยวข้อง,,10301332-1;10301332-7001
160a9675-9835-4146-b5fd-a05c96052701,10301331-68,พื้นฐานวิทยาการข้อมูล,Fundamental of Data Science,3,2,3,5,3(2-3-5),กลุ่มวิชาปัญญาประดิษฐ์และวิทยาการข้อมูล (AI & Data Science),True,2026-08-18T06:54:41.846Z,2026-08-18T06:54:41.846Z,2570,exact_title,10301331-7001,พื้นฐานวิทยาการข้อมูล,3(2-3-5),ภาพรวมของวิทยาการข้อมูล วงจรการวิเคราะห์ข้อมูล การนำเข้าข้อมูล การจัดเตรียมข้อมูล การทำความสะอาดข้อมูล การสำรวจข้อมูลเพื่อการวิเคราะห์เชิงอธิบาย?การแสดงผลด้วยภาพ การวิเคราะห์เชิงวินิจฉัยข้อมูล การสร้างแบบจำลอง การประเมินผลตัวแบบ การวิเคราะห์เพื่อให้คำแนะนำ จริยธรรมข้อมูล และโครงงานประยุกต์,,10301331-1;10301331-7001
c57fea4d-5043-45ba-b4cc-a022cc3598d6,10301499,การศึกษา หรือ ฝึกงาน หรือ ฝึกอบรมต่างประเทศ,"Overseas Study, Training or Internship",6,0,0,0,6(0-0-0),วิชาเฉพาะด้าน หลักสูตร 2570,True,2026-08-18T06:54:41.840Z,2026-08-18T06:54:41.840Z,2570,exact_title,10301499-7001,การศึกษา หรือ ฝึกงาน หรือ ฝึกอบรมต่างประเทศ,6(0-270-0),การศึกษา การฝึกงาน หรือการฝึกอบรมในต่างประเทศในเรื่องที่เกี่ยวข้องกับสาขาวิชาวิทยาการคอมพิวเตอร์ การเสนอโครงการศึกษา ฝึกงาน หรือฝึกอบรม การรายงานผลในลักษณะรายงานทางวิชาการ การดำเนินงานทุกขั้นตอนภายใต้ความเห็นชอบของอาจารย์ที่ปรึกษารายวิชา,,10301499-7001
268ca592-7cce-4922-98e0-64657855616e,10301498,การเรียนรู้อิสระ,Independent Study,6,0,0,0,6(0-0-0),วิชาเฉพาะด้าน หลักสูตร 2570,True,2026-08-18T06:54:41.834Z,2026-08-18T06:54:41.834Z,2570,exact_title,10301498-7001,การเรียนรู้อิสระ,6(0-270-0),การวิจัย การศึกษา หรือการจัดทำโครงงานวิชาชีพในสาขาวิชาวิทยาการคอมพิวเตอร์ การฝึกอบรมเพื่อเสริมสร้างความรู้ตามความเหมาะสม การดำเนินงานภายใต้การกำกับดูแลของอาจารย์ที่ปรึกษาการเรียนรู้อิสระ การจัดทำโครงการหรือโครงร่างการเรียนรู้อิสระ การจัดทำรายงานฉบับสมบูรณ์ การนำเสนอผลงานภายใน 1 ภาคการศึกษา,,10301498-7001
ec1df78f-1bae-4b3f-8ade-18193863006f,10301497,สหกิจศึกษา,Co-Operative Education,6,0,0,0,6(0-0-0),วิชาเฉพาะด้าน หลักสูตร 2570,True,2026-08-18T06:54:41.828Z,2026-08-18T06:54:41.828Z,2570,exact_title,10301497-7001,สหกิจศึกษา,6(0-270-0),การปฏิบัติงานจริงเสมือนเป็นพนักงานในสถานประกอบการที่เกี่ยวข้องกับสาขาวิชาวิทยาการคอมพิวเตอร์ ระยะเวลาปฏิบัติงานต่อเนื่องไม่น้อยกว่า 16 สัปดาห์ การอบรมเตรียมความพร้อมก่อนไปปฏิบัติงานสหกิจศึกษา การจัดทำรายงานผลการปฏิบัติงานสหกิจศึกษา การนำเสนอผลงานในการสัมมนาร่วมกับนักศึกษา อาจารย์ที่ปรึกษา หรืออาจารย์นิเทศ,,10301497-7001
a218e1c3-58d3-48e2-ba98-bcabded91625,10301461,สัมมนาวิชาการทางวิทยาการคอมพิวเตอร์,Seminar for Computer Science,3,3,0,6,3(3-0-6),วิชาเฉพาะด้าน หลักสูตร 2570,True,2026-08-18T06:54:41.821Z,2026-08-18T06:54:41.821Z,2570,exact_title,10301461-7001,สัมมนาวิชาการทางวิทยาการคอมพิวเตอร์,3(3-0-6),การศึกษา ค้นคว้า ทบทวนวรรณกรรม และการนำเสนอผลงานทางวิชาการ การอภิปรายและแลกเปลี่ยนความรู้ในหัวข้อที่น่าสนใจและทันสมัยทางวิทยาการคอมพิวเตอร์ระดับปริญญาตรี,,10301461-7001
56069156-45c0-4d86-a9d1-edfa6dae0e27,10301330,วิศวกรรมและธรรมาภิบาลข้อมูล,Data Engineering and Governance,3,2,3,5,3(2-3-5),วิชาเฉพาะด้าน หลักสูตร 2570,True,2026-08-18T06:54:41.815Z,2026-08-18T06:54:41.815Z,2570,exact_title,10301330-7001,วิศวกรรมและธรรมาภิบาลข้อมูล,3(2-3-5),บทบาทของวิศวกรรมข้อมูลในกระบวนการวิทยาการข้อมูล การออกแบบและพัฒนาไปป์ไลน์ข้อมูล การประมวลผลข้อมูลด้วยเครื่องมือและเทคโนโลยีสมัยใหม่ การประสานงานกับนักวิเคราะห์ข้อมูลและนักวิทยาศาสตร์ข้อมูล กระบวนการอีทีแอล และอีแอลที การจัดเก็บและแปลงข้อมูลเพื่อการวิเคราะห์ การประเมินและปรับปรุงคุณภาพข้อมูล การประยุกต์ใช้แพลตฟอร์มคลาวด์ เครื่องมือประสานงานเวิร์กโฟลว์ การจัดเก็บข้อมูลในฐานข้อมูล คลังข้อมูล และดาต้าเลค หลักการกำกับดูแลข้อมูล การรักษาความปลอดภัยและความเป็นส่วนตัวของข้อมูล การปฏิบัติตามกฎหมายคุ้มครองข้อมูลส่วนบุคคล และหลักวิศวกรรมซอฟต์แวร์พื้นฐาน,,10301330-7001
f7f80f94-0e79-4ee8-8419-a7354ee84793,10301311-68,ทักษะการเขียนโปรแกรมและการแก้ปัญหา,Programming and Problem-Solving Skills,3,2,3,5,3(2-3-5),วิชาเฉพาะด้าน หลักสูตร 2570,True,2026-08-18T06:54:41.809Z,2026-08-18T06:54:41.809Z,2570,exact_title,10301311-7001,ทักษะการเขียนโปรแกรมและการแก้ปัญหา,3(2-3-5),ทักษะการเขียนโปรแกรม การแก้ปัญหาเชิงคอมพิวเตอร์ การเลือกใช้โครงสร้างข้อมูล การออกแบบขั้นตอนวิธี การวิเคราะห์ประสิทธิภาพโปรแกรม การเขียนโปรแกรมเชิงแข่งขัน การจำลองสถานการณ์ปัญหา การแก้ปัญหาด้วยข้อจำกัดเวลา การพัฒนาโปรแกรมด้วยภาษาเหมาะสม การใช้งานเครื่องมือพัฒนาโปรแกรม การทดสอบและดีบักโปรแกรม การจัดการโครงงานเขียนโปรแกรม การทำงานร่วมกันเป็นทีมโปรแกรมเมอร์ การสื่อสารผลการแก้ปัญหา การเรียนรู้เทคโนโลยีการเขียนโปรแกรมใหม่,,10301311-1;10301311-7001
240c8b95-932a-4e8f-ab01-9bb23818445c,10301243,การพัฒนาและการปฏิบัติการ,DevOps & CICD,3,2,3,5,3(2-3-5),วิชาเฉพาะด้าน หลักสูตร 2570,True,2026-08-18T06:54:41.803Z,2026-08-18T06:54:41.803Z,2570,exact_title,10301243-7001,การพัฒนาและการปฏิบัติการ,3(2-3-5),พื้นฐานเดฟออปส์ การรวมและส่งมอบซอฟต์แวร์อย่างต่อเนื่อง การจัดการโครงสร้างพื้นฐานด้วยโค้ด การใช้คอนเทนเนอร์และการประสานงาน การตรวจสอบ การทำให้เป็นอัตโนมัติ การควบคุมเวอร์ชัน กระบวนการสร้างซอฟต์แวร์ การทำงานร่วมกัน ความปลอดภัย การทดสอบอัตโนมัติด้วยเพลย์ไรต์ การทดสอบในกระบวนการซีไอ/ซีดี การทดสอบการถดถอย,,10301243-7001
eab08d85-4c29-4e01-9c45-10334bee9b4f,10301242,การพัฒนาซอฟต์แวร์บนอุปกรณ์เคลื่อนที่,Mobile Application Development,3,2,3,5,3(2-3-5),วิชาเฉพาะด้าน หลักสูตร 2570,True,2026-08-18T06:54:41.797Z,2026-08-18T06:54:41.797Z,2570,exact_title,10301242-7001,การพัฒนาซอฟต์แวร์บนอุปกรณ์เคลื่อนที่,3(2-3-5),ส่วนติดต่อผู้ใช้สำหรับแอปพลิเคชันบนอุปกรณ์เคลื่อนที่ การให้บริการ การจัดเก็บและการดึงข้อมูลสำหรับแอปพลิเคชันบนอุปกรณ์เคลื่อนที่ เซ็นเซอร์ที่สนับสนุนการทำงานของแอปพลิเคชันบนอุปกรณ์เคลื่อนที่ โครงสร้างของแอปพลิเคชันบนอุปกรณ์เคลื่อนที่ ความเหมือนและความแตกต่างระหว่างแอปพลิเคชันบนเครื่องคอมพิวเตอร์แบบตั้งโต๊ะและบนอุปกรณ์เคลื่อนที่ ความแตกต่างและจุดเด่นของโปรแกรมบนอุปกรณ์เคลื่อนที่ที่ได้รับความนิยม เครื่องมือและภาษาใหม่สำหรับการพัฒนาแอปพลิเคชันบนอุปกรณ์เคลื่อนที่ ความแตกต่างระหว่างการพัฒนาแบบภาษาหลักและแอปพลิเคชันไฮบริด,,10301242-7001
755650ca-e5ce-48cc-961c-b13aca2f9225,10301241,วิศวกรรมระบบฝั่งเซิร์ฟเวอร์,Server-Side System Engineering,3,2,3,5,3(2-3-5),วิชาเฉพาะด้าน หลักสูตร 2570,True,2026-08-18T06:54:41.789Z,2026-08-18T06:54:41.789Z,2570,exact_title,10301241-7001,วิศวกรรมระบบฝั่งเซิร์ฟเวอร์,0(0-0-0),การออกแบบและพัฒนาระบบฝั่งเซิร์ฟเวอร์ การทำงานของโปรโตคอลเอชทีทีพีและเรสท์ฟูลเอพีไอ การสร้างและจัดการบริการเว็บ การเชื่อมต่อและจัดการฐานข้อมูล การจัดการผู้ใช้และการตรวจสอบสิทธิ์ การรักษาความมั่นคงปลอดภัยของระบบ การจัดการประสิทธิภาพและความพร้อมใช้งาน การปรับใช้และการดูแลรักษาระบบบนเซิร์ฟเวอร์และคลาวด์,,10301241-7001
faff95a9-813d-4c3a-8b71-d48223697834,10301231-68,ปัญญาประดิษฐ์,Artificial Intelligence,3,2,3,5,3(2-3-5),วิชาเฉพาะด้าน หลักสูตร 2570,True,2026-08-18T06:54:41.784Z,2026-08-18T06:54:41.784Z,2570,exact_title,10301231-7001,ปัญญาประดิษฐ์,3(2-3-5),ความคิดรวมยอด และวิธีการพื้นฐานของปัญญาประดิษฐ์ในมุมมองของวิทยาการคอมพิวเตอร์ การเลือกข้อมูลเพื่อแสดงผล และอัลกอริทึมที่เป็นประโยชน์ในการออกแบบระบบปัญญาประดิษฐ์ ภาษาทางด้านปัญญาประดิษฐ์,,10301231-1;10301231-7001
842501f6-8e29-4cc0-8e47-60a8f4b8c6e8,10301223-68,การวิเคราะห์และออกแบบเชิงวัตถุ,Object-Oriented Analysis and Design,3,2,3,5,3(2-3-5),วิชาเฉพาะด้าน หลักสูตร 2570,True,2026-08-18T06:54:41.778Z,2026-08-18T06:54:41.778Z,2570,exact_title,10301223-7001,การวิเคราะห์และออกแบบเชิงวัตถุ,3(2-3-5),วัฏจักรการพัฒนาระบบ บทบาทและคุณสมบัติของนักวิเคราะห์ระบบ การคาดการณ์ความเป็นไปได้ การระบุปัญหา ความต้องการผู้ใช้ รูปแบบการแก้ปัญหา การวิเคราะห์เชิงวัตถุ การออกแบบเชิงวัตถุ การเชื่อมความสัมพันธ์ของวัตถุ การออกแบบส่วนติดต่อผู้ใช้ การจัดทำเอกสาร,,10301223-1;10301223-7001
aa612207-c005-487d-a7c6-2c313d859124,10301222-68,ระบบฐานข้อมูล,Database Systems,3,2,3,5,3(2-3-5),วิชาเฉพาะด้าน หลักสูตร 2570,True,2026-08-18T06:54:41.670Z,2026-08-18T06:54:41.670Z,2570,exact_title,10301222-7001,ระบบฐานข้อมูล,3(2-3-5),หลักการและสถาปัตยกรรมระบบฐานข้อมูล การสร้างและใช้แบบจำลองข้อมูล การออกแบบฐานข้อมูลเชิงสัมพันธ์ การทำให้อยู่ในรูปแบบปกติ ภาษาเอสคิวแอล การบริหารจัดการฐานข้อมูล การปรับปรุงประสิทธิภาพการทำงาน ความมั่นคงปลอดภัยของข้อมูล การสำรองและกู้คืนข้อมูล หลักการและประเภทของฐานข้อมูลโนเอสคิวแอล การออกแบบและการจัดการฐานข้อมูลโนเอสคิวแอล การประยุกต์ใช้ฐานข้อมูลโนเอสคิวแอลในระบบสมัยใหม่ ฐานข้อมูลบนคลาวด์,,10301222-1;10301222-7001
2b86f8eb-a646-41ba-9ce0-f7fcdb8eaacd,10301221-68,โครงสร้างข้อมูลและอัลกอริทึม,Data Structures and Algorithms,3,2,3,5,3(2-3-5),วิชาเฉพาะด้าน หลักสูตร 2570,True,2026-08-18T06:54:41.665Z,2026-08-18T06:54:41.665Z,2570,exact_title,10301221-7001,โครงสร้างข้อมูลและอัลกอริทึม,3(2-3-5),ต้นแบบอัลกอริทึมการวิเคราะห์ ชนิดข้อมูลพื้นฐาน โครงสร้างข้อมูลแบบเชิงเส้น โครงสร้างข้อมูลแบบไม่มีเชิงเส้น แถวลำดับ คิว ลิงค์ลิสต์ โครงสร้างต้นไม้ กราฟ การค้นข้อมูล การเรียงลำดับข้อมูล ฟังก์ชันของเวลาเชิงซับซ้อน การแบ่งแยกและเอาชนะ หลักการกำหนดการพลวัต อัลกอริทึมแบบละโมภ เอ็นพีบริบูรณ์,,10301221-1;10301221-7001
821e691f-c179-4752-8553-55e342c25d74,10301151,เครือข่ายคอมพิวเตอร์เบื้องต้น,Computer Networks,3,2,3,5,3(2-3-5),วิชาเฉพาะด้าน หลักสูตร 2570,True,2026-08-18T06:54:41.661Z,2026-08-18T06:54:41.661Z,2570,exact_title,10301151-7001,เครือข่ายคอมพิวเตอร์เบื้องต้น,3(2-3-5),แนวคิดและทฤษฎีการสื่อสารข้อมูล แบบจำลองการสื่อสารโอเอสไอ โปรโตคอลทีซีพีไอพี สถาปัตยกรรมเครือข่ายคอมพิวเตอร์ โครงสร้างและรูปแบบเครือข่าย อินเทอร์เน็ตโพรโทคอล อุปกรณ์เครือข่ายพื้นฐาน อุปกรณ์เครือข่ายไร้สาย สื่อนำสัญญาณมีสายและไร้สาย หมายเลขแมคและหมายเลขไอพี การจัดสรรและการกำหนดเส้นทางไอพี การเขียนโปรแกรมเครือข่ายเบื้องต้น การประยุกต์ใช้ซ็อกเก็ตโปรแกรมมิง การออกแบบระบบเครือข่ายคอมพิวเตอร์ การติดตั้งและการปรับแต่งอุปกรณ์เครือข่าย การทดสอบและการแก้ปัญหาเครือข่าย การบริหารจัดการทราฟฟิกเครือข่าย ความปลอดภัยในเครือข่ายเบื้องต้น การป้องกันภัยคุกคามไซเบอร์ การวิเคราะห์ช่องโหว่ด้านเครือข่าย การจัดการสิทธิ์การเข้าถึงระบบ,,10301151-7001
010054f1-00f7-4e3d-ae4b-2ee1514b2d20,10301141-68,การพัฒนาเว็บแอปพลิเคชัน,Web Application Development,3,2,3,5,3(2-3-5),วิชาเฉพาะด้าน หลักสูตร 2570,True,2026-08-18T06:54:41.655Z,2026-08-18T06:54:41.655Z,2570,exact_title,10301141-7001,การพัฒนาเว็บแอปพลิเคชัน,3(2-3-5),การออกแบบและพัฒนาเว็บส่วนหน้าด้วยภาษาเอชทีเอ็มแอล ซีเอสเอส และจาวาสคริปต์ การใช้เฟรมเวิร์กและเครื่องมือ การประยุกต์ใช้ปัญญาประดิษฐ์ในการสร้างและปรับปรุงองค์ประกอบเว็บ การเพิ่มประสิทธิภาพการตอบสนองของส่วนติดต่อผู้ใช้และประสบการณ์ผู้ใช้ การประเมินคุณภาพและความมั่นคงปลอดภัยของเว็บแอปพลิเคชัน,,10301141-1;10301141-7001
357abc19-ecc6-44c0-a45f-631c0ecae467,10301114-68,องค์ประกอบและสถาปัตยกรรมคอมพิวเตอร์,Computer Organization and Architecture,3,2,3,5,3(2-3-5),วิชาเฉพาะด้าน หลักสูตร 2570,True,2026-08-18T06:54:41.651Z,2026-08-18T06:54:41.651Z,2570,exact_title,10301114-7001,องค์ประกอบและสถาปัตยกรรมคอมพิวเตอร์,0(0-0-0),แนวคิดพื้นฐานของการจัดองค์ประกอบและสถาปัตยกรรมคอมพิวเตอร์ โครงสร้างและการทำงานของระบบคอมพิวเตอร์ หน่วยประมวลผลกลาง หน่วยความจำ ระบบของการนําเข้าและการแสดงผล ระบบตัวเลขฐาน การออกแบบหน่วยตรรกะและหน่วยควบคุม หลักการทำงานและออกแบบด้านวงจรดิจิทัลและวงจรอิเล็กทรอนิกส์ การต่อวงจรอิเล็กทรอนิกส์พื้นฐาน เซ็นเซอร์ การเขียนโปรแกรมโดยใช้ภาษาระดับสูงสำหรับไมโครคอนโทรลเลอร์ การทำงานไมโครโพรเซสเซอร์เบื้องต้น วงจรรวม ชุดของคำสั่งเครื่อง ระบบปฏิบัติการ การวัดสมรรถนะของคอมพิวเตอร์,,10301114-1;10301114-7001
c4169c3a-41d7-4931-bea3-0ecb78d436a6,10355205,ความน่าจะเป็นและสถิติ,Probability and Statistics,3,3,0,6,3(3-0-6),วิชาแกน หลักสูตร 2570,True,2026-08-18T06:54:41.647Z,2026-08-18T06:54:41.647Z,2570,exact_title,10355205-7001,ความน่าจะเป็นและสถิติ,3(3-0-6),แนวคิดพื้นฐานเกี่ยวกับความน่าจะเป็น การแจกแจงความน่าจะเป็น การแจกแจงของตัวแปรสุ่มที่สำคัญ การประมาณค่า ช่วงแห่งความเชื่อมั่น การทดสอบสมมติฐาน การวิเคราะห์ความแปรปรวน การถดถอย ค่าสหสัมพันธ์ การทดสอบไคสแควร์ สถิติศาสตร์ไม่อิงพารามิเตอร์,,10355205-7001
0b155c98-1eca-4bc6-922d-5ea96fd45450,10301211-68,หลักการเขียนโปรแกรมเชิงวัตถุ,Principles of Object-Oriented Programming,3,2,3,5,3(2-3-5),วิชาแกน หลักสูตร 2570,True,2026-08-18T06:54:41.642Z,2026-08-18T06:54:41.642Z,2570,exact_title,10301211-7001,หลักการเขียนโปรแกรมเชิงวัตถุ,3(2-3-5),หลักการเขียนโปรแกรม โครงสร้างของภาษา ชนิดข้อมูล แบบชนิดข้อมูลนามธรรม ความคิดรวบยอดการโปรแกรมเชิงวัตถุ คลาส แพ็กเกจ วัตถุ คุณสมบัติ การห่อหุ้ม โพลิมอร์ฟิซึม โอเวอร์โหลดดิง โอเวอร์ไรดดิง การสืบทอดคุณสมบัติ การตรวจสอบข้อผิดพลาด,,10301211-1;10301211-7001
c993387e-93dc-4c27-8d9a-e685b0f936cd,10301115,คณิตศาสตร์สำหรับวิทยาการคอมพิวเตอร์,Mathematics for Computer Science,3,3,0,6,3(3-0-6),วิชาแกน หลักสูตร 2570,True,2026-08-18T06:54:41.638Z,2026-08-18T06:54:41.638Z,2570,exact_title,10301115-7001,คณิตศาสตร์สำหรับวิทยาการคอมพิวเตอร์,3(3-0-6),"การกำหนดของตัวเลข ระบบเลขมีหลักและเลขไม่มีหลัก ฐานของระบบตัวเลข ระบบเลขฐาน 10, 2, 8, 16 การเปลี่ยนฐานของตัวเลข การบวก ลบ คูณ และหารเลขในฐานต่างๆ การคิดโมดูลัสของเลขแต่ละระบบ เซต ตรรกศาสตร์ พีชคณิตบูลลียน เมทริกซ์ ระบบสมการเชิงเส้นและดีเทอร์มิแนนต์ ลิมิตของฟังก์ชัน และอนุพันธ์",,10301115-7001
ce630069-89ef-40b5-959d-e9f7274b92a6,10301113-68,คณิตศาสตร์ดีสครีต,Discrete Mathematics,3,3,0,6,3(3-0-6),วิชาแกน หลักสูตร 2570,True,2026-08-18T06:54:41.633Z,2026-08-18T06:54:41.633Z,2570,exact_title,10301113-1,คณิตศาสตร์ดีสครีต,3(3-0-6),ทฤษฎีเซต ตรรกศาสตร์ ความสัมพันธ์และฟังก์ชัน การนับ การเรียงสับเปลี่ยนและการจัดกลุ่ม ความสัมพันธ์เวียนเกิด ต้นไม้และการเรียงลำดับ กราฟและการประยุกต์ใช้ อัลกอริทึมข่ายงาน พีชคณิตบูลีน ออโตเมตา,,10301113-1
c98c7bc9-f241-48b3-bc30-3e511da35e72,10301112-68,เทคโนโลยีสารสนเทศและการสื่อสาร,Information and Communication Technology (ICT),3,2,3,5,3(2-3-5),วิชาแกน หลักสูตร 2570,True,2026-08-18T06:54:41.629Z,2026-08-18T06:54:41.629Z,2570,exact_title,10301112-7001,เทคโนโลยีสารสนเทศและการสื่อสาร,0(0-0-0),ทักษะคอมพิวเตอร์ ฮาร์ดแวร์ ระบบเครือข่ายและอินเทอร์เน็ต การสืบค้นข้อมูล ทักษะการใช้โปรแกรมคอมพิวเตอร์ การทำงานร่วมกัน การประมวลผลคำ การนำเสนอ ตารางคำนวณ สื่อผสม การรู้เท่าทันสื่อ การรู้สารสนเทศ ปัญญาประดิษฐ์ และเทคโนโลยีในอนาคต,,10301112-1;10301112-7001
e0419de1-8793-4e93-9772-5ab5b9b8b073,10301111-68,พื้นฐานการเขียนโปรแกรม,Fundamentals of Programming,3,2,3,5,3(2-3-5),วิชาแกน หลักสูตร 2570,True,2026-08-18T06:54:41.624Z,2026-08-18T06:54:41.624Z,2570,exact_title,10301111-7001,พื้นฐานการเขียนโปรแกรม,3(2-3-5),หลักการเขียนโปรแกรมเบื้องต้น อัลกอริทึม โครงสร้างของโปรแกรม การเขียนผังงาน มาตรฐานตัวแปร ชนิดข้อมูล การคำนวณทางคณิตศาสตร์และลอจิก การเขียนโปรแกรมรับข้อมูลและแสดงผล การเขียนโปรแกรมแบบเงื่อนไข การเขียนโปรแกรมแบบวนซ้ำ การประมวลผลข้อมูล(ข้อความ/ไฟล์ข้อความ) การสร้างฟังก์ชัน โครงสร้างข้อมูล การใช้งานไลบราลี่ การพัฒนาทักษะในการโปรแกรม การแก้ปัญหาด้วยการโปรแกรมคอมพิวเตอร์ การใช้โครงสร้างข้อมูลและขั้นตอนวิธีเพื่อแก้ปัญหาให้เหมาะสม การใช้งานเครื่องมือสำหรับพัฒนาโปรแกรมภาษาที่เหมาะสม,,10301111-1;10301111-7001
3c504c45-6a3c-4f42-8d6e-688118ebfc6b,10800501,สื่อสร้างสรรค์เพื่อการเกษตร,Creative Media for Agriculture,3,3,0,6,3(3-0-6),หมวดวิชาศึกษาทั่วไป สมรรถนะด้านการทำงานและการเรียนรู้ตลอดชีวิต,True,2026-08-18T06:54:41.619Z,2026-08-18T06:54:41.619Z,2570,exact_title,10800501-7001,สื่อสร้างสรรค์เพื่อการเกษตร,3(3-0-6),"แนวคิดและทฤษฎีเกี่ยวข้องกับการสื่อสาร เทคนิคและกลยุทธ์การประชาสัมพันธ์ เพื่อการจัดทำสื่อสร้างสรรค์เพื่อการเกษตร เช่น สื่อสิ่งพิมพ์, สื่อดิจิทัล, วิดีโอ, และอื่นๆ แนวคิดการถ่ายทอดความรู้และเทคโนโลยี การขับเคลื่อนการเกษตร อาหาร และสุขภาพ การวางแผนการประยุกต์การสื่อสาร เพื่อการพัฒนาการเกษตรแก่ชุมชนให้เกิดความยั่งยืน",,10800501-7001
61407869-1142-4f82-bfac-4569fa4ee848,10700504,สุขภาวะองค์รวม 360 องศา,360° Wellness,3,3,0,6,3(3-0-6),หมวดวิชาศึกษาทั่วไป สมรรถนะด้านการทำงานและการเรียนรู้ตลอดชีวิต,True,2026-08-18T06:54:41.615Z,2026-08-18T06:54:41.615Z,2570,not_found,,,,,,
be4b2258-83f1-4b83-8c24-35b90f24cb2e,10700503,จิตวิทยาสำหรับผู้เรียนรู้ตลอดชีวิต,Psychology for Lifelong Learner,3,3,0,6,3(3-0-6),หมวดวิชาศึกษาทั่วไป สมรรถนะด้านการทำงานและการเรียนรู้ตลอดชีวิต,True,2026-08-18T06:54:41.611Z,2026-08-18T06:54:41.611Z,2570,not_found,,,,,,
447ff24d-146f-4f10-92c1-7e7734eee59c,10700502,ความฉลาดรู้ดิจิทัลเพื่อการพัฒนาตน,Digital Intelligent for Self-Development,3,2,2,5,3(2-2-5),หมวดวิชาศึกษาทั่วไป สมรรถนะด้านการทำงานและการเรียนรู้ตลอดชีวิต,True,2026-08-18T06:54:41.607Z,2026-08-18T06:54:41.607Z,2570,not_found,,,,,,
6a53c927-091c-4472-b580-c0c637490b81,10700501,การรู้สารสนเทศและการใช้สื่อดิจิทัลเพื่อการเรียนรู้และการดำรงชีวิต,Information Literacy and Digital Media for Lifelong Learning,3,2,2,5,3(2-2-5),หมวดวิชาศึกษาทั่วไป สมรรถนะด้านการทำงานและการเรียนรู้ตลอดชีวิต,True,2026-08-18T06:54:41.602Z,2026-08-18T06:54:41.602Z,2570,not_found,,,,,,
9a89bf4c-fc19-475b-be1b-c941de265529,10400501,นานาสาระเกี่ยวกับอาหารและยา,General Aspects of Food and Drug,3,3,0,6,3(3-0-6),หมวดวิชาศึกษาทั่วไป สมรรถนะด้านการทำงานและการเรียนรู้ตลอดชีวิต,True,2026-08-18T06:54:41.598Z,2026-08-18T06:54:41.598Z,2570,not_found,,,,,,
ec36655e-7521-47b3-b76a-6601bd292ecd,10300505,วิทยาศาสตร์ฉลาดรู้ในยุคดิจิทัลเพื่อพัฒนาที่ยั่งยืน,Scientific Literacy in the Digital Era for Sustainable Development,3,3,0,6,3(3-0-6),หมวดวิชาศึกษาทั่วไป สมรรถนะด้านการทำงานและการเรียนรู้ตลอดชีวิต,True,2026-08-18T06:54:41.594Z,2026-08-18T06:54:41.594Z,2570,not_found,,,,,,
603a8bd8-a3d2-40df-9933-acb50af9176c,10300504,รู้เท่าทันวิทยาศาสตร์และเทคโนโลยี: กุญแจสู่ชีวิตอนาคต,Science & Technology Literacy: Key to the Future,3,2,2,5,3(2-2-5),หมวดวิชาศึกษาทั่วไป สมรรถนะด้านการทำงานและการเรียนรู้ตลอดชีวิต,True,2026-08-18T06:54:41.585Z,2026-08-18T06:54:41.585Z,2570,not_found,,,,,,
73f1d573-1858-4408-9aa8-b2b52c81a36b,10300503,โปรแกรมสำเร็จรูปเพื่อการศึกษาเพื่อการเรียนรู้ตลอดชีวิต,Application Software for Education and Lifelong Learning,3,2,2,5,3(2-2-5),หมวดวิชาศึกษาทั่วไป สมรรถนะด้านการทำงานและการเรียนรู้ตลอดชีวิต,True,2026-08-18T06:54:41.579Z,2026-08-18T06:54:41.579Z,2570,not_found,,,,,,
a8acf341-64f4-4b39-a48a-4947ec645bb8,10300502,การสื่อสารข้อมูลเชิงเรื่องราวเพื่อการทำงานยุคใหม่,Data Storytelling for the Modern Workplace,3,2,2,5,3(2-2-5),หมวดวิชาศึกษาทั่วไป สมรรถนะด้านการทำงานและการเรียนรู้ตลอดชีวิต,True,2026-08-18T06:54:41.572Z,2026-08-18T06:54:41.572Z,2570,not_found,,,,,,
7a56793a-fe3a-4197-a21c-6d68a38bbb4f,10100501,เกษตรเพื่อชีวิต,Agriculture for Life,3,3,0,6,3(3-0-6),หมวดวิชาศึกษาทั่วไป สมรรถนะด้านการทำงานและการเรียนรู้ตลอดชีวิต,True,2026-08-18T06:54:41.565Z,2026-08-18T06:54:41.565Z,2570,not_found,,,,,,
ceeb61c4-4dbc-404e-aef7-b03967366b79,10800401,การออกแบบแนวคิดและการสร้างแบรนด์,Conceptualization and Brand Development,3,2,2,5,3(2-2-5),หมวดวิชาศึกษาทั่วไป สมรรถนะด้านการเป็นผู้ประกอบการ,True,2026-08-18T06:54:41.559Z,2026-08-18T06:54:41.559Z,2570,exact_title,10800401-7001,การออกแบบแนวคิดและการสร้างแบรนด์,3(2-2-5),แนวคิดพลวัตและแนวโน้มของอุตสาหกรรม การทำความเข้าใจผู้บริโภคเชิงลึก การยึดถือมาตรฐานวิชาชีพและจริยธรรม การสร้างความน่าเชื่อถือให้กับแบรนด์ การนำเสนอผลงาน การวางแผนธุรกิจ และการพัฒนานวัตกรรมเชิงสร้างสรรค์ การเป็นผู้ประกอบการในยุคดิจิทัล,,10800401-7001
f00a2a39-862a-4e8b-89e6-b40a974961a4,10500401,เศรษฐศาสตร์เพื่อชีวิตประจำวันและการประกอบการ,Economics in Daily Life and Operations,3,2,2,5,3(2-2-5),หมวดวิชาศึกษาทั่วไป สมรรถนะด้านการเป็นผู้ประกอบการ,True,2026-08-18T06:54:41.553Z,2026-08-18T06:54:41.553Z,2570,not_found,,,,,,
ff698da3-f993-4d0d-be1e-7c16be0f0110,10400402,ผู้ประกอบการนวัตกรรมทางการเกษตร,Agripreneur,3,2,2,5,3(2-2-5),หมวดวิชาศึกษาทั่วไป สมรรถนะด้านการเป็นผู้ประกอบการ,True,2026-08-18T06:54:41.546Z,2026-08-18T06:54:41.546Z,2570,not_found,,,,,,
085d9c99-dec6-4b8b-965a-32a5100b4613,10400401,การออกแบบชีวิตและนวัตกรรมสำหรับผู้ประกอบการ,Life and Innovation Design for Entrepreneurs,3,2,2,5,3(2-2-5),หมวดวิชาศึกษาทั่วไป สมรรถนะด้านการเป็นผู้ประกอบการ,True,2026-08-18T06:54:41.539Z,2026-08-18T06:54:41.539Z,2570,not_found,,,,,,
e9923962-5e9d-4d33-a0cd-0d330a30d5a6,10300403,วิทยาศาสตร์ในครัวเรือนสู่ไอเดียธุรกิจ,Home-based Science to Business Ideas,3,2,2,5,3(2-2-5),หมวดวิชาศึกษาทั่วไป สมรรถนะด้านการเป็นผู้ประกอบการ,True,2026-08-18T06:54:41.533Z,2026-08-18T06:54:41.533Z,2570,code_reused_different_title,,,,,,10300403-01
2b139af1-dfe3-44dd-86e7-45d7abcf1546,10300402,เทคนิคการคิดเพื่อการสร้างสรรค์นวัตกรรมสำหรับผู้ประกอบการ,Innovative Thinking Techniques for Entrepreneurs,3,2,2,5,3(2-2-5),หมวดวิชาศึกษาทั่วไป สมรรถนะด้านการเป็นผู้ประกอบการ,True,2026-08-18T06:54:41.527Z,2026-08-18T06:54:41.527Z,2570,code_reused_different_title,,,,,,10300402-01
ad71ba3f-28d9-4af0-ba3b-d876ad0cdc2e,10300401,การวางแผนธุรกิจและปัญญาประดิษฐ์สำหรับผู้ประกอบการยุคดิจิทัล,Business Planning and Artificial Intelligence for Digital Entrepreneurs,3,2,2,5,3(2-2-5),หมวดวิชาศึกษาทั่วไป สมรรถนะด้านการเป็นผู้ประกอบการ,True,2026-08-18T06:54:41.520Z,2026-08-18T06:54:41.520Z,2570,not_found,,,,,,
75ee9222-811c-48f8-a635-23acfcdc45c1,10200405,เทคโนโลยีดิจิทัลสำหรับผู้ประกอบการ,Digital Technology for Entrepreneurs,3,2,2,5,3(2-2-5),หมวดวิชาศึกษาทั่วไป สมรรถนะด้านการเป็นผู้ประกอบการ,True,2026-08-18T06:54:41.513Z,2026-08-18T06:54:41.513Z,2570,not_found,,,,,,
b7ff2f79-828d-4a9d-807e-1ce55c07d05b,10200404,สมาร์ทไฟแนนซ์,Smart Finance,3,2,2,5,3(2-2-5),หมวดวิชาศึกษาทั่วไป สมรรถนะด้านการเป็นผู้ประกอบการ,True,2026-08-18T06:54:41.507Z,2026-08-18T06:54:41.507Z,2570,not_found,,,,,,
dfb88474-bd90-4851-99b7-ee664e23594e,10200403,ภาษีอากรสำหรับผู้ประกอบการ,Taxation for Entrepreneurship,3,2,2,5,3(2-2-5),หมวดวิชาศึกษาทั่วไป สมรรถนะด้านการเป็นผู้ประกอบการ,True,2026-08-18T06:54:41.501Z,2026-08-18T06:54:41.501Z,2570,not_found,,,,,,
123640f6-93a9-43d6-bcbf-5615f0d0cd5d,10200402,การเป็นผู้ประกอบการ,Entrepreneurship,3,2,2,5,3(2-2-5),หมวดวิชาศึกษาทั่วไป สมรรถนะด้านการเป็นผู้ประกอบการ,True,2026-08-18T06:54:41.495Z,2026-08-18T06:54:41.495Z,2570,not_found,,,,,,
23cd4fb9-9e14-41eb-a372-7c7a78b68c18,10200401,การตลาดบนสมาร์ทโฟน,Marketing on Smartphone,3,2,2,5,3(2-2-5),หมวดวิชาศึกษาทั่วไป สมรรถนะด้านการเป็นผู้ประกอบการ,True,2026-08-18T06:54:41.358Z,2026-08-18T06:54:41.358Z,2570,not_found,,,,,,
d629db88-c388-4b51-9124-f153cff3eed9,10100401,ผู้ประกอบการนวัตกรรมด้านการผลิตพืช,Entrepreneurship and Innovation in Plant Production,3,2,2,5,3(2-2-5),หมวดวิชาศึกษาทั่วไป สมรรถนะด้านการเป็นผู้ประกอบการ,True,2026-08-18T06:54:41.352Z,2026-08-18T06:54:41.352Z,2570,code_reused_different_title,,,,,,10100401-1
8a413209-15e3-4bca-9859-9d18ea2f6be9,10800302,เทคโนโลยีดิจิทัลแห่งอนาคต,Future Digital Technologies,3,2,2,5,3(2-2-5),หมวดวิชาศึกษาทั่วไป สมรรถนะด้านการคิดคำนวณ การใช้เหตุผล และการใช้เทคโนโลยี,True,2026-08-18T06:54:41.346Z,2026-08-18T06:54:41.346Z,2570,exact_title,10800302-7001,เทคโนโลยีดิจิทัลแห่งอนาคต,3(2-2-5),"หลักการและแนวคิดพื้นฐานของเทคโนโลยีดิจิทัลที่กำลังเปลี่ยนแปลงโลกในปัจจุบันและอนาคต เช่น ปัญญาประดิษฐ์ (AI), อินเทอร์เน็ตของสรรพสิ่ง (IoT), ระบบเครือข่ายไร้สายยุคใหม่ (5G/6G), บล็อกเชน (Blockchain), บิ๊กดาต้า (Big Data), คลาวด์คอมพิวติ้ง (Cloud Computing) ความเป็นจริงเสมือน (VR/AR/MR) และ ความปลอดภัยไซเบอร์ (Cybersecurity) แนวโน้มทางเทคโนโลยีที่เกิดขึ้นใหม่ วิเคราะห์การนำเทคโนโลยีเหล่านี้ไปประยุกต์ใช้ในอุตสาหกรรมต่างๆ ตลอดจนผลกระทบทางเศรษฐกิจ สังคม และจริยธรรมที่เกี่ยวข้องกับการพัฒนาและการใช้งานเทคโนโลยี ฝึกฝนทักษะการคิดวิเคราะห์ การให้เหตุผล การแก้ปัญหาอย่างเป็นระบบ เพื่อเตรียมพร้อมสำหรับการปรับตัวและใช้ชีวิตในยุคดิจิทัลอย่างชาญฉลาด",,10800302-7001
d278143b-8e8e-4a48-b67c-f6d40a03ac48,10800301,จักรวาล AI,AI Universe,3,2,2,5,3(2-2-5),หมวดวิชาศึกษาทั่วไป สมรรถนะด้านการคิดคำนวณ การใช้เหตุผล และการใช้เทคโนโลยี,True,2026-08-18T06:54:41.340Z,2026-08-18T06:54:41.340Z,2570,exact_title,10800301-7001,จักรวาล AI,3(2-2-5),ความรู้พื้นฐานเกี่ยวกับปัญญาประดิษฐ์ (AI) โปรแกรม AI และการประยุกต์ใช้ AI ในด้านต่างๆ อาทิ การใช้ AI ในชีวิตประจำวัน การประกอบอาชีพ เกษตรอัจฉริยะ การถ่ายภาพ กราฟิก การสร้างเนื้อหา ความคิดสร้างสรรค์ การแก้ปัญหาด้วย AI การป้อนคำสั่ง (Prompting) การวิเคราะห์กรณีศึกษา การใช้ AI อย่างมีจริยธรรม กฎหมายที่เกี่ยวข้อง และอนาคตของ AI ต่อการเปลี่ยนแปลงชีวิตและสังคม,,10800301-7001
9e19e147-1476-4252-8b8c-b2f82445877a,10400303,อาหารและเทคโนโลยี,Food and Technology,3,3,0,6,3(3-0-6),หมวดวิชาศึกษาทั่วไป สมรรถนะด้านการคิดคำนวณ การใช้เหตุผล และการใช้เทคโนโลยี,True,2026-08-18T06:54:41.336Z,2026-08-18T06:54:41.336Z,2570,not_found,,,,,,
e9abd705-58ee-4352-9df0-afc976fd1a23,10400301,ทักษะดิจิทัลในศตวรรษที่ 21,Digital Skills in 21st Century,3,3,0,6,3(3-0-6),หมวดวิชาศึกษาทั่วไป สมรรถนะด้านการคิดคำนวณ การใช้เหตุผล และการใช้เทคโนโลยี,True,2026-08-18T06:54:41.315Z,2026-08-18T06:54:41.315Z,2570,not_found,,,,,,
065d2231-6aab-4b9a-9a5c-4c83c122dad6,10300305,วิทยาศาสตร์และเทคโนโลยีลวง,Misleading Science and Technology,3,3,0,6,3(3-0-6),หมวดวิชาศึกษาทั่วไป สมรรถนะด้านการคิดคำนวณ การใช้เหตุผล และการใช้เทคโนโลยี,True,2026-08-18T06:54:41.309Z,2026-08-18T06:54:41.309Z,2570,not_found,,,,,,
2f14e40a-be23-453b-86f6-28c8937e0e09,10300304,ถอดรหัสวิทยาศาสตร์เพื่อชีวิตยุคใหม่,Decoding Science for Modern Life,3,2,2,5,3(2-2-5),หมวดวิชาศึกษาทั่วไป สมรรถนะด้านการคิดคำนวณ การใช้เหตุผล และการใช้เทคโนโลยี,True,2026-08-18T06:54:41.302Z,2026-08-18T06:54:41.302Z,2570,not_found,,,,,,
8d16468c-6234-42d8-97cf-1310aa8ea6f3,10300303,ตรรกะดิจิทัลเพื่อการตัดสินใจ,Digital Logic Approach for Decision Making,3,3,0,6,3(3-0-6),หมวดวิชาศึกษาทั่วไป สมรรถนะด้านการคิดคำนวณ การใช้เหตุผล และการใช้เทคโนโลยี,True,2026-08-18T06:54:41.295Z,2026-08-18T06:54:41.295Z,2570,not_found,,,,,,
34ea8bcd-31ad-4dca-b44f-2dffa5de4958,10300302,การตัดสินใจอย่างชาญฉลาดในศตวรรษที่ 21,Intelligent Decision-Making in the 21st Century,3,3,0,6,3(3-0-6),หมวดวิชาศึกษาทั่วไป สมรรถนะด้านการคิดคำนวณ การใช้เหตุผล และการใช้เทคโนโลยี,True,2026-08-18T06:54:41.288Z,2026-08-18T06:54:41.288Z,2570,not_found,,,,,,
29cd5498-0969-4102-a985-8e7b15194d7c,10300301,การใช้ชีวิตในสังคมดิจิทัล,Living in Digital Society,3,2,2,5,3(2-2-5),หมวดวิชาศึกษาทั่วไป สมรรถนะด้านการคิดคำนวณ การใช้เหตุผล และการใช้เทคโนโลยี,True,2026-08-18T06:54:41.282Z,2026-08-18T06:54:41.282Z,2570,not_found,,,,,,
c9cb16e2-094f-4b05-be96-33cca2e50627,10800201,พลเมืองดิจิทัลและการรู้เท่าทันดิจิทัล,Digital Citizenship and Digital Literacy,3,3,0,6,3(3-0-6),หมวดวิชาศึกษาทั่วไป สมรรถนะด้านสังคมและความเป็นมนุษย์,True,2026-08-18T06:54:41.276Z,2026-08-18T06:54:41.276Z,2570,fuzzy_title,10800201-7001,พลเมืองดิจิทัลและการรู้เท่าทันปัญญาประดิษฐ์,3(3-0-6),ศึกษาความหมาย บทบาท และความสำคัญของการเป็นพลเมืองดิจิทัลในศตวรรษที่ 21 ครอบคลุมสิทธิและเสรีภาพทางดิจิทัล การรู้เท่าทันสื่อและภัยออนไลน์ การมีปฏิสัมพันธ์และมารยาทออนไลน์ การดูแลสุขภาวะดิจิทัล การจัดการตัวตนและชื่อเสียงดิจิทัล ตลอดจนการเข้าใจบทบาทของพลเมืองดิจิทัลต่อการเปลี่ยนแปลงทางสังคม การเป็นผู้ประกอบการดิจิทัล การเรียนรู้ตลอดชีวิต และการปรับตัวต่อเทคโนโลยีใหม่ การใช้ปัญญาประดิษฐ์ในชีวิตประจำวันอย่างรู้เท่าทัน กลไกการผลิตและแพร่กระจายของข้อมูลเท็จเชิงลึก อคติของอัลกอริทึม และ ปรากฏการณ์ข้อมูลหลอนจากปัญญาประดิษฐ์ โดยมุ่งเน้นให้นักศึกษาสามารถประยุกต์ใช้ความรู้และทักษะดิจิทัลอย่างมีจริยธรรม รับผิดชอบต่อสังคม และอยู่ร่วมกับผู้อื่นได้อย่างสร้างสรรค์ในโลกดิจิทัลที่เปลี่ยนแปลงอย่างรวดเร็ว,,10800201-7001
5d1ac6bc-a187-48f5-ae90-9b53881bf0b0,10700216,อารยธรรมและโลกสมัยใหม่,Civilizations and the Modern World,3,3,0,6,3(3-0-6),หมวดวิชาศึกษาทั่วไป สมรรถนะด้านสังคมและความเป็นมนุษย์,True,2026-08-18T06:54:41.270Z,2026-08-18T06:54:41.270Z,2570,not_found,,,,,,
297844b2-238c-4b7a-89a3-870f2e399072,10700215,สังคมและสิ่งแวดล้อมยั่งยืน,"Society, Environment and Sustainability",3,3,0,6,3(3-0-6),หมวดวิชาศึกษาทั่วไป สมรรถนะด้านสังคมและความเป็นมนุษย์,True,2026-08-18T06:54:41.262Z,2026-08-18T06:54:41.262Z,2570,not_found,,,,,,
e59bb623-8dda-45bb-bdec-75000f82dec0,10700213,สังคมร่วมสมัย,Contemporary World and Society,3,3,0,6,3(3-0-6),หมวดวิชาศึกษาทั่วไป สมรรถนะด้านสังคมและความเป็นมนุษย์,True,2026-08-18T06:54:41.256Z,2026-08-18T06:54:41.256Z,2570,code_reused_different_title,,,,,,10700213-01
5e293152-4cb6-4ab1-89ea-c557645ba74e,10700212,ศิลปะการใช้ชีวิตในสังคมที่หลากหลาย,The Arts of Living in a Diverse Society,3,3,0,6,3(3-0-6),หมวดวิชาศึกษาทั่วไป สมรรถนะด้านสังคมและความเป็นมนุษย์,True,2026-08-18T06:54:41.250Z,2026-08-18T06:54:41.250Z,2570,code_reused_different_title,,,,,,10700212-01
09d4ab6b-e2cc-47b3-81aa-956ee2807234,10700211,ศิลปะกับความคิดสร้างสรรค์,Art and Creative Thinking,3,1,4,4,3(1-4-4),หมวดวิชาศึกษาทั่วไป สมรรถนะด้านสังคมและความเป็นมนุษย์,True,2026-08-18T06:54:41.243Z,2026-08-18T06:54:41.243Z,2570,code_reused_different_title,,,,,,10700211-01
1b5db6e2-c494-4c58-8314-1ac14a416308,10700209,มนุษย์กับความงามทางศิลปะ,Humans and Artistic Beauty,3,3,0,6,3(3-0-6),หมวดวิชาศึกษาทั่วไป สมรรถนะด้านสังคมและความเป็นมนุษย์,True,2026-08-18T06:54:41.237Z,2026-08-18T06:54:41.237Z,2570,code_reused_different_title,,,,,,10700209-01
e49e58af-7c8d-40c7-9e96-589566ca9187,10700205,จิตอาสาเพื่อพัฒนาสังคม,Volunteer Spirit for Social Development,3,3,0,6,3(3-0-6),หมวดวิชาศึกษาทั่วไป สมรรถนะด้านสังคมและความเป็นมนุษย์,True,2026-08-18T06:54:41.230Z,2026-08-18T06:54:41.230Z,2570,code_reused_different_title,,,,,,10700205-01
de6bf7fe-5ddd-4136-8ef6-1062e7bb4dbd,10700204,จิตวิทยาเพื่อการทำงานและการดำเนินชีวิตในยุคดิจิทัล,Psychology for Working and Living in Digital Age,3,3,0,6,3(3-0-6),หมวดวิชาศึกษาทั่วไป สมรรถนะด้านสังคมและความเป็นมนุษย์,True,2026-08-18T06:54:41.224Z,2026-08-18T06:54:41.224Z,2570,code_reused_different_title,,,,,,10700204-01
de0eb7da-ce88-4226-b4f4-ffc03ee05663,10700203,จิตวิทยาพฤติกรรมมนุษย์,The Psychology of Human Behavior,3,3,0,6,3(3-0-6),หมวดวิชาศึกษาทั่วไป สมรรถนะด้านสังคมและความเป็นมนุษย์,True,2026-08-18T06:54:41.218Z,2026-08-18T06:54:41.218Z,2570,code_reused_different_title,,,,,,10700203-01
5763f457-efcf-46d5-ac35-d50ab59975ed,10700202,จิตวิทยาการปรับตัวในยุคดิจิทัล,Psychology of Adjustment in Digital Age,3,3,0,6,3(3-0-6),หมวดวิชาศึกษาทั่วไป สมรรถนะด้านสังคมและความเป็นมนุษย์,True,2026-08-18T06:54:41.212Z,2026-08-18T06:54:41.212Z,2570,code_reused_different_title,,,,,,10700202-01
904f1e5d-cc50-4fab-ad24-bf8913874efe,10300201,การเงินส่วนบุคคลเพื่อชีวิตยุคใหม่,Personal Finance for Modern Life,3,2,2,5,3(2-2-5),หมวดวิชาศึกษาทั่วไป สมรรถนะด้านสังคมและความเป็นมนุษย์,True,2026-08-18T06:54:41.205Z,2026-08-18T06:54:41.205Z,2570,not_found,,,,,,
360c8cac-f939-4549-ba8b-a70c3ad831ef,10100202,วิถีเกษตรกับสุนทรียภาพในชีวิตประจำวัน,Agri-Aesthetics and Everyday Life,3,3,0,6,3(3-0-6),หมวดวิชาศึกษาทั่วไป สมรรถนะด้านสังคมและความเป็นมนุษย์,True,2026-08-18T06:54:41.199Z,2026-08-18T06:54:41.199Z,2570,not_found,,,,,,
b71af719-e021-4503-86c0-c305fef8b41a,10700108,สมาร์ตทอล์ก,Smart Talk,3,2,2,5,3(2-2-5),หมวดวิชาศึกษาทั่วไป สมรรถนะด้านภาษาและการสื่อสาร รายวิชาภาษาต่างประเทศ ระดับ B1,True,2026-08-18T06:54:41.193Z,2026-08-18T06:54:41.193Z,2570,exact_title,10700108-7001,สมาร์ตทอล์ก,3(2-2-5),คำศัพท์ สำนวนและไวยากรณ์ภาษาอังกฤษที่เกี่ยวข้องกับการทำงาน การเรียน สิ่งแวดล้อม และการท่องเที่ยว โดยมุ่งเน้นการเพิ่มพูนทักษะการสื่อสารในชีวิตประจำวันด้วยการฝึกฟังและพูด,,10700108-01;10700108-7001
a5f89b6e-7cda-4eb8-bc07-8fe3a272479f,10700107,ภาษาอังกฤษเพื่อการเกษตรอัจฉริยะและยั่งยืน,English for Smart and Sustainable Agriculture,3,3,0,6,3(3-0-6),หมวดวิชาศึกษาทั่วไป สมรรถนะด้านภาษาและการสื่อสาร รายวิชาภาษาต่างประเทศ ระดับ B1,True,2026-08-18T06:54:41.187Z,2026-08-18T06:54:41.187Z,2570,exact_title,10700107-7001,ภาษาอังกฤษเพื่อการเกษตรอัจฉริยะและยั่งยืน,3(3-0-6),ศึกษาและฝึกทักษะภาษาอังกฤษที่เกี่ยวข้องกับเกษตรอัจฉริยะและการเกษตรเพื่อความยั่งยืน เน้นคำศัพท์เฉพาะทาง การอ่านจับใจความจากแหล่งข้อมูลจริง การฟังข่าวสารหรือการบรรยายเกี่ยวกับเกษตรสมัยใหม่ ฝึกพูดและเขียนเพื่อการสื่อสารในสถานการณ์ทางวิชาชีพเกษตร ทั้งในระดับท้องถิ่นและระดับนานาชาติ,,10700107-01;10700107-7001
5325dadc-1a21-4107-a4b8-5dd4f0d37bf1,10700106,ภาษาอังกฤษผ่านวัฒนธรรมป๊อป,English through Pop Culture,3,2,2,5,3(2-2-5),หมวดวิชาศึกษาทั่วไป สมรรถนะด้านภาษาและการสื่อสาร รายวิชาภาษาต่างประเทศ ระดับ B1,True,2026-08-18T06:54:41.180Z,2026-08-18T06:54:41.180Z,2570,exact_title,10700106-7001,ภาษาอังกฤษผ่านวัฒนธรรมป๊อป,3(2-2-5),ศึกษาการใช้ภาษาอังกฤษผ่านสื่อวัฒนธรรมร่วมสมัย (Pop Culture) เช่น เพลง ภาพยนตร์ ละครโทรทัศน์ โซเชียลมีเดีย และเนื้อหาดิจิทัล เพื่อพัฒนาทักษะการฟัง พูด อ่าน เขียน และการคิดวิเคราะห์ ฝึกการสื่อสารและการแสดงความคิดเห็นอย่างสร้างสรรค์ในหัวข้อที่เกี่ยวข้องกับสังคมและวัฒนธรรมร่วมสมัย ฝึกใช้ภาษาอังกฤษในบริบทที่หลากหลายผ่านกิจกรรมกลุ่ม การอภิปราย การสร้างสื่อ และการนำเสนอ พร้อมทั้งปลูกฝังจริยธรรมของพลเมืองดิจิทัลและความเคารพต่อความหลากหลายทางวัฒนธรรม,,10700106-01;10700106-7001
03c4cefc-55e1-45e5-8405-fa23d856145c,10700105-68,ภาษาอังกฤษเบื้องต้นสำหรับธุรกิจและสตาร์ทอัพ,Basic English for Business Startups,3,2,2,5,3(2-2-5),หมวดวิชาศึกษาทั่วไป สมรรถนะด้านภาษาและการสื่อสาร รายวิชาภาษาต่างประเทศ ระดับ B1,True,2026-08-18T06:54:41.174Z,2026-08-18T06:54:41.174Z,2570,fuzzy_title,10700105-7001,ภาษาอังกฤษเบื้องต้นสำหรับธุรกิจกิจและสตาร์ทอัพ,3(2-2-5),คำศัพท์ภาษาอังกฤษธุรกิจเบื้องต้น ไวยากรณ์ บทสนทนาและสำนวนเกี่ยวกับการทำธุรกิจ จริยธรรมในการทำธุรกิจ ทักษะการพูดเพื่อนำเสนองานทางธุรกิจเพื่อทำธุรกิจและสตาร์ทอัพ,,10700105-01;10700105-7001
7190bb1d-d2d3-42a0-823a-da83fb912313,10700104,ภาษาอังกฤษในชีวิตประจำวัน,English for Everyday Life,3,2,2,5,3(2-2-5),หมวดวิชาศึกษาทั่วไป สมรรถนะด้านภาษาและการสื่อสาร รายวิชาภาษาต่างประเทศ ระดับ A2,True,2026-08-18T06:54:41.168Z,2026-08-18T06:54:41.168Z,2570,exact_title,10700104-7001,ภาษาอังกฤษในชีวิตประจำวัน,3(2-2-5),พัฒนาทักษะภาษาอังกฤษทั้ง 4 ด้าน ได้แก่ การฟัง การพูด การอ่าน และการเขียน ในระดับพื้นฐาน (A2) เพื่อใช้ในการสื่อสารในชีวิตประจำวัน โดยใช้เนื้อหาและสื่อประกอบจากหนังสือเรียน VOICES (National Geographic Learning) ซึ่งมีเนื้อหาเชื่อมโยงกับชีวิตจริงและวัฒนธรรมจากหลากหลายประเทศ ส่งเสริมการเรียนรู้การสื่อสารภาษาอังกฤษทั้ง 4 ด้าน ผ่านกิจกรรมในบทเรียน การทำงานเป็นคู่ การอภิปรายกลุ่ม และการนำเสนอวิดีโอกลุ่ม มุ่งเน้นให้ผู้เรียนสามารถสื่อสารได้อย่างเหมาะสมในบริบทที่มีความหลากหลายทางวัฒนธรรม ตระหนักถึงการใช้ภาษาและเทคโนโลยีอย่างมีจริยธรรมในการเรียนรู้และการดำเนินชีวิตในสังคม,,10700104-01;10700104-7001
4eb1d554-ae10-4cf7-ae3d-bb58c475507e,10700102,ภาษาไทยเพื่อการสื่อสาร,Thai Language for Communication,3,2,2,5,3(2-2-5),หมวดวิชาศึกษาทั่วไป สมรรถนะด้านภาษาและการสื่อสาร รายวิชาภาษาไทย,True,2026-08-18T06:54:41.162Z,2026-08-18T06:54:41.162Z,2570,exact_title,10700102-7001,ภาษาไทยเพื่อการสื่อสาร,3(2-2-5),ความสำคัญของภาษาไทย การใช้ภาษาไทยเพื่อการสื่อสารให้เหมาะสมกับสถานการณ์ต่าง ๆ การฟังเพื่อสรุปความ การพูดนำเสนอหน้าชั้นเรียนและพูดผ่านสื่อ การอ่านสรุปความ การเขียนย่อหน้าและเขียนให้ความรู้หรือแสดงความคิดเห็น และการรับสารด้วยการฟังละการอ่านอย่างรู้เท่าทันสื่อ,,10700102-01;10700102-7001
5ced78a4-de77-47c4-955e-bd30591530bb,10700101,ภาษาไทยเพื่อการนำเสนอ,Thai Language for Presentation,3,2,2,5,3(2-2-5),หมวดวิชาศึกษาทั่วไป สมรรถนะด้านภาษาและการสื่อสาร รายวิชาภาษาไทย,True,2026-08-18T06:54:41.051Z,2026-08-18T06:54:41.051Z,2570,exact_title,10700101-7001,ภาษาไทยเพื่อการนำเสนอ,3(2-2-5),การใช้ภาษาไทยเพื่อสื่อสารในสถานการณ์ต่าง ๆ ทักษะภาษาไทยด้านการฟัง พูด อ่าน และเขียน เพื่อนำเสนอได้อย่างมีประสิทธิภาพในการทำงานและการดำเนินชีวิต สื่อดิจิทัลเพื่อการนำเสนออย่างเหมาะสมและมีจริยธรรมในการสื่อสาร,,10700101-01;10700101-7001
b4801c55-e9fa-4934-82bc-8293162cf369,SC497,สหกิจศึกษา,Co-operative Education,9,0,0,0,9(0-0-0),วิชาเอกบังคับ,True,2026-08-18T06:54:41.044Z,2026-08-18T06:54:41.044Z,,not_found,,,,,,
c60bb5ef-6bbb-4da0-85af-7b41588f30c4,ST301,หลักสถิติ,Principles of Statistics,3,3,0,6,3(3-0-6),วิชาแกน,True,2026-08-18T06:54:41.037Z,2026-08-18T06:54:41.037Z,,not_found,,,,,,
ca8878d9-62a6-407c-8775-8cfdc412a1bf,PH105,ฟิสิกส์ทั่วไป 1,General Physics 1,3,2,3,5,3(2-3-5),วิชาแกน,True,2026-08-18T06:54:41.031Z,2026-08-18T06:54:41.031Z,,not_found,,,,,,
c423aa70-a6d8-4ba0-aed4-148df0c36311,MA101,แคลคูลัส 1,Calculus 1,3,3,0,6,3(3-0-6),วิชาแกน,True,2026-08-18T06:54:41.025Z,2026-08-18T06:54:41.025Z,,not_found,,,,,,
7f474779-d07b-4cc7-951d-e1b2e4092c36,AP101,เกษตรเพื่อชีวิต,Agriculture for Life,3,3,0,6,3(3-0-6),ศึกษาทั่วไป,True,2026-08-18T06:54:41.018Z,2026-08-18T06:54:41.018Z,,not_found,,,,,,
8a53f5f1-18bf-4268-8586-ee4d22acd3e1,GE242,ภาษาอังกฤษเชิงวิทยาศาสตร์และเทคโนโลยี 2,English for Science and Technology 2,3,2,2,5,3(2-2-5),ศึกษาทั่วไป,True,2026-08-18T06:54:41.012Z,2026-08-18T06:54:41.012Z,,not_found,,,,,,
a03ae3fb-c6f5-494d-b24c-13a333917c9b,GE241,ภาษาอังกฤษเชิงวิทยาศาสตร์และเทคโนโลยี 1,English for Science and Technology 1,3,2,2,5,3(2-2-5),ศึกษาทั่วไป,True,2026-08-18T06:54:41.004Z,2026-08-18T06:54:41.004Z,,not_found,,,,,,
938dddfe-58b2-49d4-bc78-d294b84e4bd5,GE142,ภาษาอังกฤษพื้นฐาน 2,Fundamental English 2,3,2,2,5,3(2-2-5),ศึกษาทั่วไป,True,2026-08-18T06:54:40.996Z,2026-08-18T06:54:40.996Z,,not_found,,,,,,
84eeb6b4-49fd-4abd-9207-d70ac5634fad,GE141,ภาษาอังกฤษพื้นฐาน 1,Fundamental English 1,3,2,2,5,3(2-2-5),ศึกษาทั่วไป,True,2026-08-18T06:54:40.990Z,2026-08-18T06:54:40.990Z,,not_found,,,,,,
e21a01ba-78d1-4787-a7f8-ae2f59c7b53f,GE031,การใช้ภาษาไทย,Thai Language Usage,3,2,2,5,3(2-2-5),ศึกษาทั่วไป,True,2026-08-18T06:54:40.983Z,2026-08-18T06:54:40.983Z,,not_found,,,,,,
7d54694b-b29a-4566-9231-902198454542,CS492,สัมมนาวิชาการทางวิทยาการคอมพิวเตอร์,Seminar in Computer Science,1,0,2,1,1(0-2-1),วิชาเอกบังคับ,True,2026-08-18T06:54:40.977Z,2026-08-18T06:54:40.977Z,,not_found,,,,,,
7823a28e-6bd3-4323-bf1a-289104c95dd5,CS392,การเป็นผู้ประกอบการทางด้านคอมพิวเตอร์และนวัตกรรม,Innovation and Computer-Based Entrepreneurship,3,2,3,5,3(2-3-5),วิชาแกน,True,2026-08-18T06:54:40.970Z,2026-08-18T06:54:40.970Z,,not_found,,,,,,
c7c4e2cc-e6b4-4d62-8084-d2bda60007b0,CS391,การบริหารโครงการคอมพิวเตอร์,Computer Project Management,1,1,0,2,1(1-0-2),วิชาเอกบังคับ,True,2026-08-18T06:54:40.964Z,2026-08-18T06:54:40.964Z,,not_found,,,,,,
faf81826-9ee8-469d-9b53-42f653a2298b,CS347,วิศวกรรมซอฟต์แวร์,Software Engineering,3,2,3,5,3(2-3-5),วิชาเอกบังคับ,True,2026-08-18T06:54:40.958Z,2026-08-18T06:54:40.958Z,,not_found,,,,,,
5e4d63ae-d904-468e-b641-4df71c3231fd,CS344,การพัฒนาระบบซอฟต์แวร์เชิงวัตถุ,Object Oriented Software Development,3,2,3,5,3(2-3-5),วิชาเอกบังคับ,True,2026-08-18T06:54:40.952Z,2026-08-18T06:54:40.952Z,,not_found,,,,,,
b2073c6c-6a21-4aff-b199-0f1ce0b92989,CS343,การวิเคราะห์และออกแบบเชิงวัตถุ,Object Oriented Analysis and Design,3,2,3,5,3(2-3-5),วิชาเอกบังคับ,True,2026-08-18T06:54:40.945Z,2026-08-18T06:54:40.945Z,,not_found,,,,,,
50ef7cc5-31ae-489a-858e-ee6671947d1a,CS341,วิทยาการข้อมูล,Data Science,3,2,3,5,3(2-3-5),วิชาเอกบังคับ,True,2026-08-18T06:54:40.939Z,2026-08-18T06:54:40.939Z,,not_found,,,,,,
69a8c839-ac49-4cb1-938f-41ae4b3dbca4,CS330,การสื่อสารข้อมูลและเครือข่ายคอมพิวเตอร์,Data Communication and Computer Network,3,2,3,5,3(2-3-5),วิชาเอกบังคับ,True,2026-08-18T06:54:40.932Z,2026-08-18T06:54:40.932Z,,not_found,,,,,,
4098c29d-d6f1-4834-8e1b-c2f27909b864,CS320,ระบบปฏิบัติการ,Operating System,3,2,3,5,3(2-3-5),วิชาเอกบังคับ,True,2026-08-18T06:54:40.926Z,2026-08-18T06:54:40.926Z,,not_found,,,,,,
b5db74df-396c-4d52-b089-7ef0337fa0e0,CS313,การพัฒนาโปรแกรมประยุกต์บนเว็บ,Web Application Development,3,2,3,5,3(2-3-5),วิชาเอกบังคับ,True,2026-08-18T06:54:40.920Z,2026-08-18T06:54:40.920Z,,not_found,,,,,,
f8adc0e8-5a1c-4c51-afdd-d97a65364a14,CS252,คณิตศาสตร์สำหรับวิทยาการคอมพิวเตอร์,Mathematics for Computer Science,3,3,0,6,3(3-0-6),วิชาแกน,True,2026-08-18T06:54:40.914Z,2026-08-18T06:54:40.914Z,,not_found,,,,,,
ff469b57-62b6-401f-8ecf-51d276347358,CS241,ระบบฐานข้อมูล,Database Systems,3,2,3,5,3(2-3-5),วิชาเอกบังคับ,True,2026-08-18T06:54:40.907Z,2026-08-18T06:54:40.907Z,,not_found,,,,,,
88697132-62e7-4296-8274-b0552cf3f15d,CS232,สถาปัตยกรรมคอมพิวเตอร์,Computer Architecture,3,2,3,5,3(2-3-5),วิชาเอกบังคับ,True,2026-08-18T06:54:40.901Z,2026-08-18T06:54:40.901Z,,not_found,,,,,,
097c8b50-fabd-4a4f-812a-f75f4b2825ec,CS231,ระบบคอมพิวเตอร์และภาษาแอสเซมบลี,Computer System and Assembly Language,1,0,3,1,1(0-3-1),วิชาเอกบังคับ,True,2026-08-18T06:54:40.895Z,2026-08-18T06:54:40.895Z,,not_found,,,,,,
e0963064-53ea-47b0-b288-cdadeb1a95ca,CS222,การเขียนโปรแกรมมัลติมีเดีย,Multimedia Programming,3,2,3,5,3(2-3-5),วิชาเอกบังคับ,True,2026-08-18T06:54:40.887Z,2026-08-18T06:54:40.887Z,,not_found,,,,,,
6ea31753-b88d-4422-a35b-fb20feffbb2e,CS221,โครงสร้างข้อมูล,Data Structures,3,2,3,5,3(2-3-5),วิชาเอกบังคับ,True,2026-08-18T06:54:40.882Z,2026-08-18T06:54:40.882Z,,not_found,,,,,,
f799f1a0-5910-4918-abaa-089d42b75370,CS213,การวิเคราะห์และออกแบบอัลกอริทึม,Algorithm Analysis and Design,3,2,3,5,3(2-3-5),วิชาเอกบังคับ,True,2026-08-18T06:54:40.876Z,2026-08-18T06:54:40.876Z,,not_found,,,,,,
560ed91e-cf1e-4877-b301-b565167be803,CS151,คณิตศาสตร์ดีสครีต,Discrete Mathematics,3,3,0,6,3(3-0-6),วิชาแกน,True,2026-08-18T06:54:40.870Z,2026-08-18T06:54:40.870Z,,not_found,,,,,,
347a5745-7bf1-4ebd-9212-46c89822067e,CS121,ตรรกศาสตร์เชิงดิจิทัลและอุปกรณ์อัจฉริยะ,Digital Logic and Smart Device,3,2,3,5,3(2-3-5),วิชาแกน,True,2026-08-18T06:54:40.863Z,2026-08-18T06:54:40.863Z,,not_found,,,,,,
b55faf57-5ffa-4112-8983-64287f83ddaa,CS117,หลักการเขียนโปรแกรมเชิงวัตถุ,Principles of Object-Oriented Programming,3,2,3,5,3(2-3-5),วิชาเอกบังคับ,True,2026-08-18T06:54:40.857Z,2026-08-18T06:54:40.857Z,,not_found,,,,,,
26554e03-6ab4-42d2-9073-ba6b9cf23f1f,CS112,วิทยาการคอมพิวเตอร์ 2,Computer Science 2,3,2,3,5,3(2-3-5),วิชาแกน,True,2026-08-18T06:54:40.851Z,2026-08-18T06:54:40.851Z,,not_found,,,,,,
d7d43f77-2778-4c29-b46b-cc1d4054f853,CS111,วิทยาการคอมพิวเตอร์ 1,Computer Science 1,3,2,3,5,3(2-3-5),วิชาแกน,True,2026-08-18T06:54:40.845Z,2026-08-18T06:54:40.845Z,,not_found,,,,,,
37964c7c-18f4-410f-b058-69d31e29e7a6,20314539,หัวข้อที่สนใจทางนวัตกรรมเทคโนโลยีดิจิทัล 3,Selected Topics in Digital Technology Innovation 3,3,2,2,5,3(2-2-5),กลุ่มวิชาบริหารจัดการนวัตกรรม,True,2026-08-18T06:54:40.840Z,2026-08-18T06:54:40.840Z,,not_found,,,,,,
de36b84a-099c-4851-a961-49bbe0a1a8ac,20314538,นวัตกรรมทางธุรกิจ,Innovation in Business,3,2,2,5,3(2-2-5),กลุ่มวิชาบริหารจัดการนวัตกรรม,True,2026-08-18T06:54:40.834Z,2026-08-18T06:54:40.834Z,,not_found,,,,,,
7d2d0df7-b396-410f-b30a-d098da818c01,20314537,โมเดลธุรกิจอัจฉริยะ,Business Intelligence Model,3,2,2,5,3(2-2-5),กลุ่มวิชาบริหารจัดการนวัตกรรม,True,2026-08-18T06:54:40.828Z,2026-08-18T06:54:40.828Z,,not_found,,,,,,
c7a11c05-0348-4720-bce4-580297872ea5,20314536,การจัดการนวัตกรรมทางห่วงโซ่อุปทานและโลจิสติกส์,Innovation Management in Supply Chain and Logistic,3,2,2,5,3(2-2-5),กลุ่มวิชาบริหารจัดการนวัตกรรม,True,2026-08-18T06:54:40.821Z,2026-08-18T06:54:40.821Z,,not_found,,,,,,
bb068d96-9f4b-43bd-a29f-633e31b552d2,20314535,บริหารจัดการโครงการนวัตกรรม,Innovation Project Management,3,2,2,5,3(2-2-5),กลุ่มวิชาบริหารจัดการนวัตกรรม,True,2026-08-18T06:54:40.814Z,2026-08-18T06:54:40.814Z,,not_found,,,,,,
f407bb74-0812-4606-ba0d-d788cf0db73a,20314534,การจัดการตลาดสินค้าดิจิทัล,Digital Marketing Management,3,2,2,5,3(2-2-5),กลุ่มวิชาบริหารจัดการนวัตกรรม,True,2026-08-18T06:54:40.808Z,2026-08-18T06:54:40.808Z,,not_found,,,,,,
4169a4af-f942-4619-8aa2-2809aa8004e7,20314533,ทักษะการเป็นผู้ประกอบการนวัตกรรมดิจิทัล,Digital Innopreneur Skill,3,2,2,5,3(2-2-5),กลุ่มวิชาบริหารจัดการนวัตกรรม,True,2026-08-18T06:54:40.801Z,2026-08-18T06:54:40.801Z,,not_found,,,,,,
903a267e-dc18-4108-a2bc-6669b027f72f,20314532,นวัตกรรมสีเขียว,Green Innovation,3,2,2,5,3(2-2-5),กลุ่มวิชาบริหารจัดการนวัตกรรม,True,2026-08-18T06:54:40.795Z,2026-08-18T06:54:40.795Z,,not_found,,,,,,
1c742402-6b62-463e-ba6c-6021bfa24694,20314531,การจัดการกระบวนการนวัตกรรม,Innovation Process Management,3,2,2,5,3(2-2-5),กลุ่มวิชาบริหารจัดการนวัตกรรม,True,2026-08-18T06:54:40.789Z,2026-08-18T06:54:40.789Z,,not_found,,,,,,
b9998c32-1be2-4a10-a436-e13378a9ecce,20314529,หัวข้อที่สนใจทางนวัตกรรมเทคโนโลยีดิจิทัล 2,Selected Topics in Digital Technology Innovation 2,3,2,2,5,3(2-2-5),กลุ่มวิชานวัตกรรมดิจิทัลเพื่อการเรียนรู้,True,2026-08-18T06:54:40.782Z,2026-08-18T06:54:40.782Z,,not_found,,,,,,
66b8152d-a095-403b-b1a2-2de1dcc6dda5,20314528,อนาคตศึกษาในการเรียนรู้ดิจิทัล,Future Studies in Digital Learning,3,2,2,5,3(2-2-5),กลุ่มวิชานวัตกรรมดิจิทัลเพื่อการเรียนรู้,True,2026-08-18T06:54:40.776Z,2026-08-18T06:54:40.776Z,,not_found,,,,,,
191f8363-e175-44b3-a357-e45ccf8ed16c,20314527,การจำลองระบบและการสร้างตัวแบบข้อมูล,System Simulation and Data Modeling,3,2,2,5,3(2-2-5),กลุ่มวิชานวัตกรรมดิจิทัลเพื่อการเรียนรู้,True,2026-08-18T06:54:40.772Z,2026-08-18T06:54:40.772Z,,not_found,,,,,,
496d4e25-64e9-4591-a260-acf1c6b1997c,20314526,การจัดการความรู้ในนวัตกรรมเทคโนโลยีดิจิทัล,Knowledge Management in Digital Technology Innovation,3,2,2,5,3(2-2-5),กลุ่มวิชานวัตกรรมดิจิทัลเพื่อการเรียนรู้,True,2026-08-18T06:54:40.768Z,2026-08-18T06:54:40.768Z,,not_found,,,,,,
492c9102-d1e0-4aa1-92f3-53d905235e8f,20314525,นวัตกรรมการเรียนรู้ดิจิทัลในชุมชนออนไลน์,Digital Learning Innovation in Online Communities,3,2,2,5,3(2-2-5),กลุ่มวิชานวัตกรรมดิจิทัลเพื่อการเรียนรู้,True,2026-08-18T06:54:40.663Z,2026-08-18T06:54:40.663Z,,not_found,,,,,,
26031cf3-9ea3-4880-9786-5acaeaadf720,20314524,การผลิตสื่อดิจิทัลอัจฉริยะเพื่อการเรียนรู้,Smart Digital Media Production for Learning,3,2,2,5,3(2-2-5),กลุ่มวิชานวัตกรรมดิจิทัลเพื่อการเรียนรู้,True,2026-08-18T06:54:40.661Z,2026-08-18T06:54:40.661Z,,not_found,,,,,,
914ef23e-13e3-435a-a6af-e465d08031c6,20314523,นวัตกรรมเทคโนโลยีดิจิทัลเพื่อพัฒนากระบวนการเรียนรู้,Digital Technology Innovation for Development of Learning Process,3,2,2,5,3(2-2-5),กลุ่มวิชานวัตกรรมดิจิทัลเพื่อการเรียนรู้,True,2026-08-18T06:54:40.659Z,2026-08-18T06:54:40.659Z,,not_found,,,,,,
3cb6ccf9-3fb8-49fc-8582-b823901e038b,20314522,นวัตกรรมเทคโนโลยีดิจิทัลเพื่อการศึกษา,Digital Technology Innovation for Education,3,2,2,5,3(2-2-5),กลุ่มวิชานวัตกรรมดิจิทัลเพื่อการเรียนรู้,True,2026-08-18T06:54:40.657Z,2026-08-18T06:54:40.657Z,,not_found,,,,,,
ad49e60d-aec0-4578-8293-2800a930ae15,20314521,การคิดเชิงนวัตกรรมเพื่อการเรียนรู้ดิจิทัล,Innovative Thinking for Digital Learning,3,3,0,6,3(3-0-6),กลุ่มวิชานวัตกรรมดิจิทัลเพื่อการเรียนรู้,True,2026-08-18T06:54:40.655Z,2026-08-18T06:54:40.655Z,,not_found,,,,,,
1886ada5-582c-4ffd-b14b-7121185f4df2,20314519,หัวข้อที่สนใจทางนวัตกรรมเทคโนโลยีดิจิทัล 1,Selected Topics in Digital Technology Innovation 1,3,2,2,5,3(2-2-5),กลุ่มวิชาพัฒนาระบบสารสนเทศอัจฉริยะ,True,2026-08-18T06:54:40.653Z,2026-08-18T06:54:40.653Z,,not_found,,,,,,
776b789c-3f38-4ac2-90ae-a76cf0a2c7c5,20314518,การประมวลผลบนกลุ่มเมฆขั้นสูง,Advanced Cloud Computing,3,2,2,5,3(2-2-5),กลุ่มวิชาพัฒนาระบบสารสนเทศอัจฉริยะ,True,2026-08-18T06:54:40.651Z,2026-08-18T06:54:40.651Z,,not_found,,,,,,
41b04cb2-09ad-47ff-bf33-71271b27689a,20314517,นวัตกรรมภูมิสารสนเทศเกษตร,Agricultural Geo-informatics Innovation,3,2,2,5,3(2-2-5),กลุ่มวิชาพัฒนาระบบสารสนเทศอัจฉริยะ,True,2026-08-18T06:54:40.648Z,2026-08-18T06:54:40.648Z,,not_found,,,,,,
daddc1ce-7426-496e-84a4-08e5dcf68174,20314516,การประมวลผลเชิงมัลติมีเดีย,Multimedia Processing,3,2,2,5,3(2-2-5),กลุ่มวิชาพัฒนาระบบสารสนเทศอัจฉริยะ,True,2026-08-18T06:54:40.645Z,2026-08-18T06:54:40.645Z,,not_found,,,,,,
b0b53187-a033-4bcf-b131-1f62f8647236,20314515,การค้นคืนสารสนเทศ,Information Retrieval,3,2,2,5,3(2-2-5),กลุ่มวิชาพัฒนาระบบสารสนเทศอัจฉริยะ,True,2026-08-18T06:54:40.643Z,2026-08-18T06:54:40.643Z,,not_found,,,,,,
92e37f12-b0a5-41a3-9633-7c0ea616b686,20314514,การพัฒนาแอพพลิเคชันบนอุปกรณ์อัจฉริยะ,Smart Devices Application Development,3,2,2,5,3(2-2-5),กลุ่มวิชาพัฒนาระบบสารสนเทศอัจฉริยะ,True,2026-08-18T06:54:40.640Z,2026-08-18T06:54:40.640Z,,not_found,,,,,,
b81a86fb-07fa-40b1-90e5-3bea39d5dd2e,20314513,การพัฒนานวัตกรรมเทคโนโลยีดิจิทัล,Digital Technology Innovation Development,3,2,2,5,3(2-2-5),กลุ่มวิชาพัฒนาระบบสารสนเทศอัจฉริยะ,True,2026-08-18T06:54:40.638Z,2026-08-18T06:54:40.638Z,,not_found,,,,,,
b7db35ec-7cd7-48e8-aea5-3ba981e64e6d,20314512,การเรียนรู้ของเครื่องจักรและปัญญาประดิษฐ์,Machine Learning and Artificial Intelligence,3,2,2,5,3(2-2-5),กลุ่มวิชาพัฒนาระบบสารสนเทศอัจฉริยะ,True,2026-08-18T06:54:40.636Z,2026-08-18T06:54:40.636Z,,not_found,,,,,,
93bd8cf9-431c-48fe-9c64-42f73e5f4eae,20314511,วิทยาการข้อมูล,Data Science,3,2,2,5,3(2-2-5),กลุ่มวิชาพัฒนาระบบสารสนเทศอัจฉริยะ,True,2026-08-18T06:54:40.634Z,2026-08-18T06:54:40.634Z,,not_found,,,,,,
0e5e931d-34c7-47cc-9890-01a8709de520,20314504,นวัตกรรมการสื่อสารแบบครบวงจร,Unified Communication Innovation,3,2,2,5,3(2-2-5),วิชาเอกบังคับ,True,2026-08-18T06:54:40.630Z,2026-08-18T06:54:40.630Z,,not_found,,,,,,
4d49101c-328d-4adf-a503-af2cc5856c23,20314503,การพัฒนาแอพพลิเคชันและเซอร์วิส,Application and Services Development,3,2,2,5,3(2-2-5),วิชาเอกบังคับ,True,2026-08-18T06:54:40.628Z,2026-08-18T06:54:40.628Z,,not_found,,,,,,
4c91caff-eaa9-482a-af28-24bd20b6dd0d,20314502,แก่นนวัตกรรมเทคโนโลยีดิจิทัล,Digital Technology Innovation Essential,3,2,2,5,3(2-2-5),วิชาเอกบังคับ,True,2026-08-18T06:54:40.626Z,2026-08-18T06:54:40.626Z,,not_found,,,,,,
96f7d7ba-c8c6-48d2-bc4f-5cc0e597cfce,20314694,วิทยานิพนธ์ 4,Thesis 4,12,0,36,0,12(0-36-0),วิทยานิพนธ์,True,2026-08-18T06:54:40.521Z,2026-08-18T06:54:40.521Z,,not_found,,,,,,
34550897-0dcf-4998-a7d0-74d777138751,20314693,วิทยานิพนธ์ 3,Thesis 3,12,0,36,0,12(0-36-0),วิทยานิพนธ์,True,2026-08-18T06:54:40.515Z,2026-08-18T06:54:40.515Z,,not_found,,,,,,
07a5b1ff-308b-44ee-a327-cca69a170fc1,20314692,วิทยานิพนธ์ 2,Thesis 2,6,0,18,0,6(0-18-0),วิทยานิพนธ์,True,2026-08-18T06:54:40.509Z,2026-08-18T06:54:40.509Z,,not_found,,,,,,
2ca9e21a-53df-4552-8ed1-6a037f256a86,20314691,วิทยานิพนธ์ 1,Thesis 1,6,0,18,0,6(0-18-0),วิทยานิพนธ์,True,2026-08-18T06:54:40.503Z,2026-08-18T06:54:40.503Z,,not_found,,,,,,
406a10b2-cce1-4095-8c70-d36c3b4b0fc6,20314594,สัมมนา 4,Seminar 4,1,0,2,1,1(0-2-1),รายวิชาที่ไม่นับหน่วยกิต,True,2026-08-18T06:54:40.497Z,2026-08-18T06:54:40.497Z,,not_found,,,,,,
9d967f35-f15f-44ac-8418-1a251a573eef,20314593,สัมมนา 3,Seminar 3,1,0,2,1,1(0-2-1),รายวิชาที่ไม่นับหน่วยกิต,True,2026-08-18T06:54:40.491Z,2026-08-18T06:54:40.491Z,,not_found,,,,,,
3e4ced41-3453-4ae8-9174-4b5a89c97ccb,20314592,สัมมนา 2,Seminar 2,1,0,2,1,1(0-2-1),รายวิชาที่ไม่นับหน่วยกิต,True,2026-08-18T06:54:40.485Z,2026-08-18T06:54:40.485Z,,not_found,,,,,,
e9561999-51a4-4190-82af-224aea0f87e5,20314591,สัมมนา 1,Seminar 1,1,0,2,1,1(0-2-1),รายวิชาที่ไม่นับหน่วยกิต,True,2026-08-18T06:54:40.479Z,2026-08-18T06:54:40.479Z,,not_found,,,,,,
08cf768c-fae0-4119-baf2-7e812eca9fe4,20314501,ระเบียบวิธีวิจัยทางนวัตกรรมเทคโนโลยีดิจิทัล,Research Methodology in Digital Technology Innovation,3,2,2,5,3(2-2-5),รายวิชาที่ไม่นับหน่วยกิต,True,2026-08-18T06:54:40.473Z,2026-08-18T06:54:40.473Z,,not_found,,,,,,
a1a3180d-6058-4642-a018-161d9226bac4,10301392,Course 10301392,Course 10301392,3,3,0,6,3(3-0-6),Placeholder for course 10301392,True,2026-08-18T06:54:40.467Z,2026-08-18T06:54:40.467Z,2565,code_only_title_missing_in_csmju,10301392-1,หัวข้อพิเศษทางวิทยาการคอมพิวเตอร์ 2,3(2-3-5),หัวข้อพิเศษที่มีความทันสมัย น่าสนใจจะถูกกำหนดและประกาศโดยหลักสูตรฯ เพื่อให้นักศึกษาได้ศึกษา ปฏิบัติและอภิปรายในหัวข้อพิเศษ รายวิชานี้มีไว้สำหรับนักศึกษาและอาจารย์ได้ติดตามและเรียนรู้ความรู้และวิทยาการใหม่ ๆ ในสาขาวิชาวิทยาการคอมพิวเตอร์,"เว้นหัวข้อที่เคยศึกษามาแล้วในรายวิชาอื่น ๆ เพื่อให้นักศึกษาได้เรียนรู้ และได้รับความรู้ใหม่ ๆ 
เพิ่มมากขึ้น",10301392-1
936f3a20-46a3-48e3-9cd8-701ae97701a0,10301391,Course 10301391,Course 10301391,3,3,0,6,3(3-0-6),Placeholder for course 10301391,True,2026-08-18T06:54:40.462Z,2026-08-18T06:54:40.462Z,2565,code_only_title_missing_in_csmju,10301391-1,หัวข้อพิเศษทางวิทยาการคอมพิวเตอร์ 1,3(2-3-5),หัวข้อพิเศษที่มีความทันสมัย น่าสนใจจะถูกกำหนดและประกาศโดยหลักสูตรฯ เพื่อให้นักศึกษาได้ศึกษา ปฏิบัติและอภิปรายในหัวข้อพิเศษ รายวิชานี้มีไว้สำหรับนักศึกษาและอาจารย์ ได้ติดตามและเรียนรู้ความรู้และวิทยาการใหม่ ๆ ในสาขาวิชาวิทยาการคอมพิวเตอร์,,10301391-1
bd72fb94-835e-4797-9a71-f8a24e2563ad,10301385,Course 10301385,Course 10301385,3,3,0,6,3(3-0-6),Placeholder for course 10301385,True,2026-08-18T06:54:40.455Z,2026-08-18T06:54:40.455Z,2565,code_only_title_missing_in_csmju,10301385-1,ระบบบริหารสารสนเทศเพื่อการจัดการ,3(2-3-5),"ความรู้เกี่ยวกับเทคโนโลยีสารสนเทศ วิธีการพัฒนาระบบสารสนเทศเพื่อ
การบริหารจัดการเพื่อช่วยการตัดสินใจในองค์กรธุรกิจ การวางแผนทรัพยากรขององค์กร","การจัดการห่วงโซ่อุปทาน การจัดการลูกค้าสัมพันธ์ การทำธุรกิจผ่านระบบเครือข่ายอินเทอร์เน็ต 
การพาณิชย์อิเล็กทรอนิกส์ แนะนำระบบสนับสนุนการตัดสินใจ",10301385-1
72d913c1-f80d-4859-83b5-cba3e20116bb,10301384,Course 10301384,Course 10301384,3,3,0,6,3(3-0-6),Placeholder for course 10301384,True,2026-08-18T06:54:40.449Z,2026-08-18T06:54:40.449Z,2565,code_only_title_missing_in_csmju,10301384-1,ระบบธุรกิจอัจฉริยะ,3(2-3-5),ความรู้เบื้องต้นเกี่ยวกับระบบธุรกิจอัจฉริยะ หลักการและองค์ประกอบของธุรกิจอัจฉริยะ เฟรมเวิร์คของข้อมูล การพัฒนาคลังข้อมูล โมเดลของคลังข้อมูล ระดับความซับซ้อนของคลังข้อมูลสถาปัตยกรรมของคลังข้อมูล การวิเคราะห์คลังข้อมูล การออกแบบระบบธุรกิจอัจฉริยะ,"บทบาทของระบบการจัดการลูกค้าสัมพันธ์และการประยุกต์ใช้ระบบธุรกิจอัจฉริยะ
ในการสนับสนุนการตัดสินใจ",10301384-1
686ef30f-3049-4fe1-a527-f42c10d36ec5,10301383,Course 10301383,Course 10301383,3,3,0,6,3(3-0-6),Placeholder for course 10301383,True,2026-08-18T06:54:40.443Z,2026-08-18T06:54:40.443Z,2565,code_only_title_missing_in_csmju,10301383-1,บล็อกเชนและคริปโทเคอร์เรนซี่,3(2-3-5),แนะนำเทคโนโลยีบล็อกเชน หลักการการเข้ารหัสลับ ชนิดของบล็อกเชน บิทคอยน์ อีเธอร์เลียม ไฮเปอร์เลจเจอร์ โปรโตคอลอื่น ๆ สมาร์ทคอนแทรค การจ่ายคริปโทเคอร์เรนซี่ กฎหมายและข้อบังคับในเทคโนโลยีบล็อกเชน เครื่องมือและเทคนิค การออกแบบและพัฒนาระบบ,,10301383-1
6e4ec36b-c06f-4932-98f4-f8e2354b141f,10301382,Course 10301382,Course 10301382,3,3,0,6,3(3-0-6),Placeholder for course 10301382,True,2026-08-18T06:54:40.437Z,2026-08-18T06:54:40.437Z,2565,code_only_title_missing_in_csmju,10301382-1,การเป็นผู้ประกอบการทางด้านคอมพิวเตอร์และนวัตกรรม,3(2-3-5),"ศึกษาความคิดและลักษณะของการเป็นผู้ประกอบการ วิธีการเริ่มธุรกิจหรือพัฒนาธุรกิจใหม่ นับตั้งแต่การวิเคราะห์และประเมินโอกาสทางธุรกิจ การศึกษาความเป็นไปได้ 
การออกแบบเกณฑ์ สำหรับการวางแผน การจัดทำแผนธุรกิจ และการพัฒนาธุรกิจทางด้านคอมพิวเตอร์และนวัตกรรม",,10301382-1
af977e2f-c1e0-4d0f-9e79-663ac1238f5d,10301381,Course 10301381,Course 10301381,3,3,0,6,3(3-0-6),Placeholder for course 10301381,True,2026-08-18T06:54:40.431Z,2026-08-18T06:54:40.431Z,2565,code_only_title_missing_in_csmju,10301381-1,การบริหารโครงการคอมพิวเตอร์,3(2-3-5),แนะนำเกี่ยวกับการจัดการผู้ร่วมทำโครงการ การวางแผนวัฎจักรของโครงการ กรณีศึกษาเกี่ยวกับความเป็นไปได้ของโครงการ การวิเคราะห์การเงินของโครงการ การบริหารความเสี่ยง การวิเคราะห์ภายใต้สถานการณ์ไม่แน่นอน เทคนิคการวางกำหนดการ การติดตามและการควบคุม การจัดสรรทรัพยากร,,10301381-1
fb6fbcae-81eb-4a76-923f-3784d0919310,10301379,Course 10301379,Course 10301379,3,3,0,6,3(3-0-6),Placeholder for course 10301379,True,2026-08-18T06:54:40.425Z,2026-08-18T06:54:40.425Z,2565,code_only_title_missing_in_csmju,10301379-1,คอมพิวเตอร์วิทัศน์,3(2-3-5),คอมพิวเตอร์วิทัศน์เบื้องต้น เรขาคณิตเชิงภาพฉาย การแปลงแบบคงรูปร่าง การประมาณค่าเชิงสถิติ แบบจำลองกล้อง ภาพสามมิติสองมุมมอง การสร้างภาพขึ้นใหม่จากหลายมุมมอง เทคนิคการตรวจจับและตัดแยกคุณลักษณะเด่นจากภาพ การเรียนรู้ของเครื่องจักรสําหรับการแยกแยะวัตถุ การเรียนรู้เชิงลึกสําหรับการแยกแยะวัตถุ การวิเคราะห์การเคลื่อนที่และการรู้จำท่าทาง การประยุกต์ใช้คอมพิวเตอร์วิทัศน์,,10301379-1
6b4386a8-1356-4a76-947c-3d5192a7babb,10301378,Course 10301378,Course 10301378,3,3,0,6,3(3-0-6),Placeholder for course 10301378,True,2026-08-18T06:54:40.420Z,2026-08-18T06:54:40.420Z,2565,code_only_title_missing_in_csmju,10301378-1,การเรียนรู้เครื่องจักรกลสำหรับโมบายแอปพลิเคชัน,3(2-3-5),แนะนำการใช้การเรียนรู้เชิงลึกสำหรับโมบาย การประมวลผลภาพบนโมบาย การสนทนาบนโมบาย การรู้จำชนิดของพืช การสร้างคำบรรยาย การตรวจสอบสิทธิด้วยปัญญาประดิษฐ์ ปัญญาประดิษฐ์สำหรับดนตรี การวิเคราะห์ภาพความละเอียดสูง,,10301378-1
78f1c162-298d-4d7a-8992-8fd117c73891,10301377,Course 10301377,Course 10301377,3,3,0,6,3(3-0-6),Placeholder for course 10301377,True,2026-08-18T06:54:40.412Z,2026-08-18T06:54:40.412Z,2565,code_only_title_missing_in_csmju,10301377-1,การเรียนรู้ของเครื่องจักรขั้นสูง,3(2-3-5),คำนิยามและตัวอย่างของการเรียนรู้ของเครื่องจักรและการเรียนรู้เครื่องจักรเชิงลึก การเรียนรู้โดยวิธีอุปนัย ระบุเป้าหมายที่ต้องการ ของความน่าจะเป็นของข้อมูล การเรียนรู้โดยวิธีอุปนัย การเรียนรู้โดยอาศัยพื้นฐานทางสถิติ การถดถอยอย่างง่าย,"การถดถอยเชิงพหุคูณ การถดถอยเชิงเส้น การถดถอยแบบไม่เชิงเส้น การหาจุดสมดุลภายใต้เงื่อนไข การเคลื่อนลงตามความชัน การเรียนรู้โครงข่ายประสาทเทียมเชิงลึก เพอร์เซปตรอนชั้นเดียว เพอร์เซปตรอน
หลายชั้น การเรียนรู้แบบเสริมกำลัง การเรียนรู้จากผู้เชี่ยวชาญ",10301377-1
cf1dc532-3a55-46a9-b326-8aae14bf779f,10301376,Course 10301376,Course 10301376,3,3,0,6,3(3-0-6),Placeholder for course 10301376,True,2026-08-18T06:54:40.407Z,2026-08-18T06:54:40.407Z,2565,code_only_title_missing_in_csmju,10301376-1,การเรียนรู้ของเครื่องจักร,3(2-3-5),คำนิยามและตัวอย่างของการเรียนรู้ของเครื่องจักร การเรียนรู้โดยวิธีอุปนัย การเรียนรู้โดยอาศัยพื้นฐานทางสถิติ การเรียนรู้จากผู้เชี่ยวชาญ การเรียนรู้โดยอาศัยการตัดสินใจเชิงต้นไม้ การเรียนรู้โดยอาศัยโครงข่ายประสาทเทียม การจำแนกโดยอาศัยทฤษฎีของเบย์ อัลกอริทึม การหาเพื่อนบ้านที่ใกล้ที่สุด เทคนิคการประเมินตัวแบบ การแก้ปัญหาโดยการหาจุดที่เหมาะสม การเรียนรู้โดยร่วมกันตัดสินใจ การเรียนรู้โดยไม่อาศัยผู้เชี่ยวชาญ และการแบ่งกลุ่มข้อมูล,,10301376-1
2cbd5e31-bfa2-4084-a22c-070c961315c2,10301375,Course 10301375,Course 10301375,3,3,0,6,3(3-0-6),Placeholder for course 10301375,True,2026-08-18T06:54:40.401Z,2026-08-18T06:54:40.401Z,2565,code_only_title_missing_in_csmju,10301375-1,การแยกแยะข้อมูลและการแบ่งกลุ่มข้อมูล,3(2-3-5),เบื้องต้นของการแยกแยะกลุ่มข้อมูล การแบ่งกลุ่มข้อมูลในแต่ละวิธีการ หรือ อัลกอริทึม : การเรียนรู้แบบมีผู้สอนและการเรียนรู้แบบไม่มีผู้สอน ข้อมูลไม่สมดุล การจำแนกประเภทและการทำนาย ต้นไม้ตัดสินใจ การจำแนกข้อมูลแบบเบย์ กฎการจำแนกข้อมูล โครงข่ายประสาทเทียม วิธีซัพพอร์ตเวคเตอร์แมทชีน วิธีการเพื่อนบ้านใกล้ที่สุด เค,"ตัว วิธีการเพื่อนบ้านใกล้ที่สุด เค ตัวแบบคลุมเครือ การจำแนกแบบร่วมกันตัดสินใจ การประเมินการจำแนกข้อมูล และ การนำเอามาทดลองกับฐานข้อมูลในมุมมองของวิทยาการคอมพิวเตอร์ การเลือกข้อมูล
เพื่อแสดงผล และอัลกอริทึมที่เป็นประโยชน์ในระบบการจำแนกข้อมูลและแบ่งกลุ่มข้อมูล",10301375-1
798f007f-4021-4240-877d-097720522999,10301374,Course 10301374,Course 10301374,3,3,0,6,3(3-0-6),Placeholder for course 10301374,True,2026-08-18T06:54:40.395Z,2026-08-18T06:54:40.395Z,2565,code_only_title_missing_in_csmju,10301374-1,การประมวลผลภาษาธรรมชาติ,3(2-3-5),"แนวคิดภาษาธรรมชาติ การแบ่งส่วนคำ กำหนดชนิดของคำ การแบ่งส่วน
วาทกรรม การตรวจจับขอบเขตประโยค การวิเคราะห์ส่วนคำในประโยค","การแทนคำในรูปแบบเวกเตอร์ เทคนิคการสร้างโมเดลภาษาและการรู้เชิงลึก การจำแนกอารมณ์ การแปลภาษา การจัดกลุ่มข้อความและการจำแนกข้อความ การสรุปข้อความ การตอบคำถามแบบอัตโนมัติ 
การนำเสนอข้อความ",10301374-1
e45007fe-4543-468a-b9d0-c2eecde572a4,10301373,Course 10301373,Course 10301373,3,3,0,6,3(3-0-6),Placeholder for course 10301373,True,2026-08-18T06:54:40.387Z,2026-08-18T06:54:40.387Z,2565,code_only_title_missing_in_csmju,10301373-1,การประมวลผลเชิงภาพ,3(2-3-5),การประมวลผลเชิงภาพเบื้องต้น การรับรู้และการมองเห็น รูปแบบของภาพ การสุ่มและการแบ่งระดับ การปรับปรุงภาพ การทำสัญญาณภาพให้เรียบ การทำสัญญาณภาพให้คมชัด การทำให้ลักษณะสัญญาณภาพกลับคืนมาใหม่ ตัวแบบสี การแยกส่วนสัญญาณภาพ การเทียบแม่แบบ การแปลงโคไซน์แบบไม่ต่อเนื่องและการบีบอัดภาพ,,10301373-1
61e4f7cc-3896-483b-b226-99073e67a124,10301372,Course 10301372,Course 10301372,3,3,0,6,3(3-0-6),Placeholder for course 10301372,True,2026-08-18T06:54:40.381Z,2026-08-18T06:54:40.381Z,2565,code_only_title_missing_in_csmju,10301372-1,การจำลองโดยคอมพิวเตอร์และการสร้างรูปแบบ,3(2-3-5),แนะนำการจำลองระบบและตัวแบบ ภาพรวมในระดับสูง การจำลองแบบชนิดดิสครีตและแบบต่อเนื่อง วัฏจักรชีวิตของระบบ ได้แก่ การกำหนดตัวปัญหา การพัฒนาตัวแบบ การพัฒนาซอฟต์แวร์ การตรวจสอบยืนยัน การตรวจสอบความถูกต้อง การออกแบบการทดลองเพื่อหาคำตอบ และการวิเคราะห์ผลลัพธ์ การสร้างตัวเลขสุ่ม การจำลองระบบโดยใช้เทคนิคแบบสโตคาสติคและมอนติคาร์โล,,10301372-1
c7b353aa-c13c-4ae5-9c56-4cbd7cbc5ae7,10301371,Course 10301371,Course 10301371,3,3,0,6,3(3-0-6),Placeholder for course 10301371,True,2026-08-18T06:54:40.375Z,2026-08-18T06:54:40.375Z,2565,code_only_title_missing_in_csmju,10301371-1,ปัญญาประดิษฐ์,3(2-3-5),ความคิดรวมยอด และวิธีการพื้นฐานของปัญญาประดิษฐ์ในมุมมองของวิทยาการคอมพิวเตอร์ การเลือกข้อมูลเพื่อแสดงผล และอัลกอริทึมที่เป็นประโยชน์ในการออกแบบระบบปัญญาประดิษฐ์ ภาษาทางด้านปัญญาประดิษฐ์,,10301371-1
16c4659e-916b-49f9-9425-49c26cda5cae,10301367,Course 10301367,Course 10301367,3,3,0,6,3(3-0-6),Placeholder for course 10301367,True,2026-08-18T06:54:40.369Z,2026-08-18T06:54:40.369Z,2565,code_only_title_missing_in_csmju,10301367-1,อิเล็กทรอนิกส์เบื้องต้น,3(2-3-5),"พื้นฐานตัวแปรแผงวงจรไฟฟ้าและองค์ประกอบ กฎของโอห์ม โครงสร้างเครือข่ายวงจร แหล่งจ่ายไฟฟ้า อุปกรณ์และเครื่องมือวัดทางไฟฟ้า ตัวเก็บประจุ ตัวเหนี่ยวนำและหม้อแปลง รีเลย์และโซลินอยด์ ไดโอด ทรานซิสเตอร์ วงจรทรานซิสเตอร์สวิทซ์ วงจรขยาย
แอนะล็อก วงจรขยายเชิงดําเนินการและการประยุกต์ใช้ วงจรแลตช์ วงจรอเนกระรัว",,10301367-1
42fb1309-0863-48c8-bdde-4b7654334478,10301366,Course 10301366,Course 10301366,3,3,0,6,3(3-0-6),Placeholder for course 10301366,True,2026-08-18T06:54:40.364Z,2026-08-18T06:54:40.364Z,2565,code_only_title_missing_in_csmju,10301366-1,วิทยาการสมองกลฝังตัว,3(2-3-5),"หลักการเบื้องต้นของสมองกลฝังตัว ส่วนประกอบของฮาร์ดแวร์ ซอฟต์แวร์ 
การประมวลผลแบบเวลาจริง ไทม์มิ่งไดอะแกรม การแปลงสัญญาณไปกลับระหว่างดิลิทัลและ
แอนะล็อก เทคโนโลยีอินเตอร์เฟส แบบขนานและอนุกรม อุปกรณ์เซ็นเซอร์ การประหยัดพลังงาน",,10301366-1
5db0b8db-6741-4a84-9dba-c5ee9372ac8f,10301365,Course 10301365,Course 10301365,3,3,0,6,3(3-0-6),Placeholder for course 10301365,True,2026-08-18T06:54:40.358Z,2026-08-18T06:54:40.358Z,2565,code_only_title_missing_in_csmju,10301365-1,ระบบคอมพิวเตอร์และภาษาแอสเซมบลี,3(2-3-5),"โครงสร้างของเครื่องคอมพิวเตอร์และภาษาเครื่อง ภาษาแอสเซมบลีและ
การแปลภาษาโดยโปรแกรมแอสเซมเบลอร์ เทคนิคการจัดแอดเดรสโครงสร้างของแอสเซมเบลอร์ 
การเขียนโปรแกรมภาษาแอสเซมบลี การเขียนโปรแกรมแบบแมคโคร โปรแกรมแบบแยกส่วน",,10301365-1
398ccebf-624d-4a16-941f-f47d0576720f,10301364,Course 10301364,Course 10301364,3,3,0,6,3(3-0-6),Placeholder for course 10301364,True,2026-08-18T06:54:40.351Z,2026-08-18T06:54:40.351Z,2565,code_only_title_missing_in_csmju,10301364-1,ตรรกศาสตร์เชิงดิจิทัลและอุปกรณ์อัจฉริยะ,3(2-3-5),ทฤษฎีเบื้องต้นของวงจรสวิตชิ่ง คณิตศาสตร์แบบบูล ตารางความจริง การลดรูปสมการบูลลีนโดยใช้แผนที่แบบคาร์นอ วงจรเกท วงจรฟลิปฟลอป วงจรนับ วงจรเลื่อนรีจิสเตอร์การออกแบบวงจรคอมไบเนชัน วงจรซีเควนเชียล เครื่องสถานะจำกัด,,10301364-1
df7a85cf-c48c-45b8-bd0e-f54d26c5756c,10301363,Course 10301363,Course 10301363,3,3,0,6,3(3-0-6),Placeholder for course 10301363,True,2026-08-18T06:54:40.345Z,2026-08-18T06:54:40.345Z,2565,code_only_title_missing_in_csmju,10301363-1,การออกแบบและการพัฒนาระบบทำงานแบบทันที,3(2-3-5),การโปรแกรมการทำงานแบบทันทีและระบบปฏิบัติการแบบทันที การทำงานแบบหลายภารกิจ การประสานเวลาโปรเซส การจัดการหน่วยความจำ การขัดจังหวะ แผนภาพสถานะ การประยุกต์ใช้ในระบบฝังตัว,,10301363-1
77f83ffd-6653-4ab3-aadb-5024dc22083a,10301362,Course 10301362,Course 10301362,3,3,0,6,3(3-0-6),Placeholder for course 10301362,True,2026-08-18T06:54:40.338Z,2026-08-18T06:54:40.338Z,2565,code_only_title_missing_in_csmju,10301362-1,การโปรแกรมด้วยภาษาระดับต่ำ,3(2-3-5),สถาปัตยกรรมของไมโครโพรเซสเซอร์ ระบบคอมพิวเตอร์ การโปรแกรมในระดับต่ำด้วยภาษาแอสเซมบลี รีจิสเตอร์ การเคลื่อนย้ายข้อมูล การคำนวณทางคณิตศาสตร์ หน่วยความจำภายนอก การขัดจังหวะการทำงาน การประมวลผลแบบทำงานทันที,,10301362-1;10301362-7001
0a627c22-a927-4ad9-8201-601b16227c18,10301361,Course 10301361,Course 10301361,3,3,0,6,3(3-0-6),Placeholder for course 10301361,True,2026-08-18T06:54:40.332Z,2026-08-18T06:54:40.332Z,2565,code_only_title_missing_in_csmju,10301361-1,อินเทอร์เน็ตในทุกสิ่ง,3(2-3-5),แนะนำไมโครคอนโทรลเลอร์ พอร์ตอินพุต เอาท์พุต พอร์ตอนุกรม และการสื่อสารแบบอนุกรม การแปลงจากสัญญาณแอนะล็อก เป็นสัญญาณดิจิทัล การแปลงจากสัญญาณดิจิทัลเป็นสัญญาณแอนะล็อก เซนเซอร์ การเชื่อมต่อและการส่งข้อมูลแบบไร้สาย การสื่อสารระหว่างอินเทอร์เน็ตในทุกสิ่งกับโครงข่ายแบบกลุ่มเมฆ การจัดการพลังงาน โปรโตคอล การจำลองแบบอินเทอร์เน็ตในทุกสิ่ง,,10301361-1;10301361-7001
45a9f855-77a6-48a9-b689-6aa2ec4449a3,10301358,Course 10301358,Course 10301358,3,3,0,6,3(3-0-6),Placeholder for course 10301358,True,2026-08-18T06:54:40.326Z,2026-08-18T06:54:40.326Z,2565,code_only_title_missing_in_csmju,10301358-1,วิศวกรรมข้อมูล,3(2-3-5),"ภาพรวมบทบาทของวิศวกรรมข้อมูลในงานด้านวิทยาการข้อมูล ไปป์ไลน์
การประมวลผลข้อมูล แพลตฟอร์มไปป์ไลน์การประมวลผลข้อมูล กระบวนการอีทีแอล และ กระบวนการอีแอลที กระบวนการเก็บรวบรวมข้อมูล คุณภาพของข้อมูล การแปลงข้อมูลให้เหมาะสมต่อการวิเคราะห์",แพลตฟอร์มคลาวด์เบื้องต้น เทคโนโลยีสปาร์คและฮาร์ดูป กระบวนการจัดเก็บข้อมูลในรูปแบบฐานข้อมูล คลังข้อมูล และ ดาต้าเลค ความรู้พื้นฐานด้านวิศวกรรมซอฟต์แวร์,10301358-1
53939b23-7686-4947-b1ea-8b590b98f3b1,10301357,วิศวกรรมเครือข่ายคอมพิวเตอร์,Computer Network Engineering,3,2,3,5,3(2-3-5),กลุ่มวิชาโครงสร้างพื้นฐานดิจิทัลและเทคโนโลยีล้ำสมัย,True,2026-08-18T06:54:40.320Z,2026-08-18T06:54:40.320Z,2565,exact_title,10301357-7001,วิศวกรรมเครือข่ายคอมพิวเตอร์,3(2-3-5),สถาปัตยกรรมเครือข่าย ออกแบบและติดตั้งอุปกรณ์ การกำหนดค่าเครือข่าย การบริหารจัดการเครือข่าย เครือข่ายระยะใกล้ เครือข่ายระยะไกล เครือข่ายไร้สาย และเครือข่ายคลาว์ด การวิเคราะห์และแก้ไขปัญหาเครือข่ายคลาวด์และเวอร์ชวลไลเซชัน การสำรองและกู้คืนข้อมูล ความปลอดภัยของเครือข่าย,,10301357-1;10301357-7001
1ae6ddf6-fc46-43b5-ac39-55be500de897,10301356,การประมวลผลสัญญาณดิจิทัล,Digital Signal Processing,3,2,3,5,3(2-3-5),กลุ่มวิชาโครงสร้างพื้นฐานดิจิทัลและเทคโนโลยีล้ำสมัย,True,2026-08-18T06:54:40.314Z,2026-08-18T06:54:40.314Z,2565,exact_title,10301356-7001,การประมวลผลสัญญาณดิจิทัล,3(2-3-5),พื้นฐานเกี่ยวของสัญญาณและระบบ การแทนสัญญาณในโดเมนเวลา การสุ่มตัวอย่าง การควอนไทซ์ การแปลงฟูเรียร์แบบไม่ต่อเนื่อง การวิเคราะห์สัญญาณในโดเมนความถี่ ระบบเชิงเส้นไม่แปรผันตามเวลาและการคอนโวลูชัน การตอบสนองความถี่ การออกแบบตัวกรอง การลดสัญญาณรบกวน เทคนิคการเพิ่มสุ่มตัวอย่างและการลดสุ่มตัวอย่าง การประยุกต์ใช้ในงานประมวลผลเสียงและภาพ,,10301356-1;10301356-7001
0e1e3866-fe75-4a4f-adc2-4df70bd844f7,10301355,การประมวลผลเชิงควอนตัม,Quantum Computing,3,2,3,5,3(2-3-5),กลุ่มวิชาโครงสร้างพื้นฐานดิจิทัลและเทคโนโลยีล้ำสมัย,True,2026-08-18T06:54:40.307Z,2026-08-18T06:54:40.307Z,2565,exact_title,10301355-7001,การประมวลผลเชิงควอนตัม,0(0-0-0),กลศาสตร์ควอนตัมที่เกี่ยวข้องกับการประมวลผลข้อมูลเชิงควอนตัม การแทนข้อมูลด้วยคิวบิต การซ้อนทับ (superposition) การพัวพัน (entanglement) การประมวลผลด้วยประตูควอนตัม (quantum gates) วงจรควอนตัม (quantum circuits) อัลกอริทึมควอนตัมที่สำคัญ เช่น อัลกอริทึมของ Shor และ Grover การแก้ไขข้อผิดพลาดเชิงควอนตัม การเขียนโปรแกรมควอนตัมเบื้องต้นผ่านเครื่องมือจำลองหรือฮาร์ดแวร์ควอนตัมจริง,,10301355-1;10301355-7001
45378b5e-b9c4-4737-a321-2febe8cac684,10301354,ความมั่นคงปลอดภัยไซเบอร์,Cybersecurity,3,2,3,5,3(2-3-5),กลุ่มวิชาโครงสร้างพื้นฐานดิจิทัลและเทคโนโลยีล้ำสมัย,True,2026-08-18T06:54:40.301Z,2026-08-18T06:54:40.301Z,2565,exact_title,10301354-7001,ความมั่นคงปลอดภัยไซเบอร์,3(2-3-5),ความมั่นคงปลอดภัยไซเบอร์และประเภทของภัยคุกคาม หลักการความลับ ความถูกต้อง และความพร้อมใช้งาน เทคนิคการเข้ารหัส การพิสูจน์ตัวตน การควบคุมการเข้าถึง การรักษาความปลอดภัยของเครือข่ายและระบบปฏิบัติการ การตรวจจับและตอบสนองต่อเหตุการณ์ การวิเคราะห์มัลแวร์ ความปลอดภัยของแอปพลิเคชัน กฎหมายและจริยธรรมทางไซเบอร์ การทดสอบเจาะระบบ การจัดการความเสี่ยง การวางแผนความต่อเนื่องทางธุรกิจ กฎหมายคอมพิวเตอร์จริยธรรมวิชาชีพและการรับมืออาชญากรรมทางไซเบอร์ในยุคดิจิทัล,,10301354-1;10301354-7001
852372ea-643e-470c-ba05-f24b5e713e15,10301353,ตรรกศาสตร์เชิงดิจิทัลและอุปกรณ์อัจฉริยะ,Digital Logic and Intelligent Devices,3,2,3,5,3(2-3-5),กลุ่มวิชาโครงสร้างพื้นฐานดิจิทัลและเทคโนโลยีล้ำสมัย,True,2026-08-18T06:54:40.295Z,2026-08-18T06:54:40.295Z,2565,exact_title,10301353-7001,ตรรกศาสตร์เชิงดิจิทัลและอุปกรณ์อัจฉริยะ,3(2-3-5),ทฤษฎีเบื้องต้นของวงจรสวิตชิ่ง คณิตศาสตร์แบบบูล ตารางความจริง การลดรูปสมการบูลลีนโดยใช้แผนที่แบบคาร์นอ วงจรเกท วงจรฟลิปฟลอป วงจรนับ วงจรเลื่อนรีจิสเตอร์การออกแบบวงจรคอมไบเนชัน วงจรซีเควนเชียล เครื่องสถานะจำกัด,,10301353-1;10301353-7001
06880c76-da10-4e3c-9120-2403c1733890,10301352,อินเทอร์เน็ตในทุกสิ่ง,Internet of Things,3,2,3,5,3(2-3-5),กลุ่มวิชาโครงสร้างพื้นฐานดิจิทัลและเทคโนโลยีล้ำสมัย,True,2026-08-18T06:54:40.287Z,2026-08-18T06:54:40.287Z,2565,exact_title,10301352-7001,อินเทอร์เน็ตในทุกสิ่ง,3(2-3-5),"ไมโครคอนโทรลเลอร์ ระบบฝังตัว การเขียนโปรแกรมไมโครคอนโทรลเลอร์ อินพุตเอาต์พุตดิจิทัล พอร์ตอนุกรมและการสื่อสารอนุกรม การแปลงสัญญาณอนาล็อกดิจิทัล การแปลงสัญญาณดิจิทัลอนาล็อก เซนเซอร์และการเชื่อมต่อ การสื่อสารไร้สาย อินเทอร์เน็ตในทุกสิ่ง ปัญญาประดิษฐ์ฝังตัว การเชื่อมต่อระบบคลาวด์ โปรโตคอลเครือข่าย การจัดการพลังงาน การประยุกต์ใช้นวัตกรรม
เอไอโอที และ การประยุกต์ใช้ในระบบกสิกรรมสมัยใหม่และฟาร์มอัจฉริยะ",,10301352-1;10301352-7001
969df052-2643-40df-b1ed-8d7080bcf98a,10301351,การประมวลผลแบบกลุ่มเมฆ,Cloud Computing,3,2,3,5,3(2-3-5),กลุ่มวิชาโครงสร้างพื้นฐานดิจิทัลและเทคโนโลยีล้ำสมัย,True,2026-08-18T06:54:40.281Z,2026-08-18T06:54:40.281Z,2565,exact_title,10301351-7001,การประมวลผลแบบกลุ่มเมฆ,3(2-3-5),การประมวลผลแบบกลุ่มเมฆ รูปแบบบริการต่าง ๆ การให้บริการโครงสร้างพื้นฐาน การให้บริการแพลตฟอร์ม การให้บริการซอฟต์แวร์ การให้บริการระบบ การจัดเก็บข้อมูลที่มีขนาดใหญ่ และการให้บริการกระบวนการทางธุรกิจ การรักษาความปลอดภัยแบบกลุ่มเมฆ การดำเนินการและการสนับสนุน การประมวลผลที่มีประสิทธิภาพสูง และรองรับข้อมูลขนาดใหญ่แบบกลุ่มเมฆ,,10301351-1;10301351-7001
679f5481-0f8c-498c-871a-85740983eadd,10301347,Course 10301347,Course 10301347,3,3,0,6,3(3-0-6),Placeholder for course 10301347,True,2026-08-18T06:54:40.274Z,2026-08-18T06:54:40.274Z,2565,code_only_title_missing_in_csmju,10301347-1,วิศวกรรมการพัฒนาปฏิบัติการบนคลาวด์,3(2-3-5),"แนวคิดวิศวกรรมการพัฒนาปฏิบัติ, ระบบควบคุมเวอร์ชัน, จูปิเตอร์ โน๊ตบุ๊ค, เทคนิคกิตฮับ, คอนเทนเนอร์, วีพีเอส, การพัฒนาสถาปัตยกรรมไมโครเซอร์วิส, เอพีไอเกตเวย์, โอทีพีเซอร์วิส, การปรับใช้เว็บแอปพลิเคชันที่ไม่ต้องหยุดทำงาน, ซีไอ ซีดี ไปป์ไลน์",,10301347-1;10301347-7001
2bd6395e-7e3b-47e8-b239-316a4f6a7221,10301346,Course 10301346,Course 10301346,3,3,0,6,3(3-0-6),Placeholder for course 10301346,True,2026-08-18T06:54:40.265Z,2026-08-18T06:54:40.265Z,2565,code_only_title_missing_in_csmju,10301346-1,ระบบปฏิบัติการ,3(2-3-5),โครงสร้างระบบคอมพิวเตอร์ กระบวนการ เทรด การจัดลำดับการทำงานของหน่วยประมวลผลกลาง วิธีการประมวลผลแบบการซิงโครไนซ์ หน่วยความจำหลัก หน่วยความจำเสมือน,การติดต่อกับไฟล์ระบบปฏิบัติการ การทำงานของไฟล์ระบบปฏิบัติการ โครงสร้างที่เก็บข้อมูลขนาดใหญ่ ที่เก็บข้อมูลสำหรับไอโอที (IOT) ระบบรับข้อมูลเข้าและนำข้อมูลออก พลังงานสีเขียว,10301346-1;10301346-7006
e6fdb222-600f-4f8d-81c8-5648f4dfd64a,10301345,Course 10301345,Course 10301345,3,3,0,6,3(3-0-6),Placeholder for course 10301345,True,2026-08-18T06:54:40.258Z,2026-08-18T06:54:40.258Z,2565,code_only_title_missing_in_csmju,10301345-1,ระบบเครือข่ายไร้สาย,3(2-3-5),พื้นฐานระบบเครือข่ายไร้สาย การสื่อสารไร้สายบนชั้นกายภาพ การควบคุมตัวกลางสำหรับการสื่อสารไร้สาย การสื่อสารไร้สายทางไกล เครือข่ายไร้สาย IEEE802.11เครือข่ายไร้สายเฉพาะกิจ เครือข่ายเซ็นเซอร์ไร้สาย โปรโตคอลหาเส้นทางบนเครือข่ายไร้สายเฉพาะกิจ,,10301345-1;10301345-7001
a8bb43d8-fbf6-47cb-a3a9-51a96ef4f823,10301344,Course 10301344,Course 10301344,3,3,0,6,3(3-0-6),Placeholder for course 10301344,True,2026-08-18T06:54:40.251Z,2026-08-18T06:54:40.251Z,2565,code_only_title_missing_in_csmju,10301344-1,เครือข่ายคอมพิวเตอร์,3(2-3-5),ชุดโปรโตคอลทีซีพี/ไอพี การออกแบบเลขที่อยู่แบบไอพี โพรโตคอลหาเส้นทาง การเชื่อมโยงระหว่างเครือข่ายด้วยทีซีพี/ไอพี การจัดการเครือข่าย ความมั่นคงและความปลอดภัยของเครือข่าย การสื่อสารไร้สาย,,10301344-1;10301344-7001
1041c703-21ca-497e-9d26-51fdbc811829,10301343,Course 10301343,Course 10301343,3,3,0,6,3(3-0-6),Placeholder for course 10301343,True,2026-08-18T06:54:40.245Z,2026-08-18T06:54:40.245Z,2565,code_only_title_missing_in_csmju,10301343-1,การเขียนโปรแกรมเครือข่าย,3(2-3-5),"ทีซีพี/ไอพี แบบจำลองการรับ-ให้บริการ การสื่อสารระหว่างกระบวนการ 
การต่อประสานซ็อกเก็ต ทีซีพีและยูดีพีซ็อกเก็ต กระบวนการดีมอน รอว์ซ็อกเก็ต ขั้นตอนวิธีสำหรับผู้รับและผู้ให้บริการ",,10301343-1;10301343-7001
018e6d35-aaee-425c-9199-0785c413801e,10301342,Course 10301342,Course 10301342,3,3,0,6,3(3-0-6),Placeholder for course 10301342,True,2026-08-18T06:54:40.136Z,2026-08-18T06:54:40.136Z,2565,code_only_title_missing_in_csmju,10301342-1,การประมวลผลแบบกลุ่มเมฆ,3(2-3-5),"ศึกษาแนวคิดการประมวลผลแบบกลุ่มเมฆ รูปแบบบริการต่าง ๆ การให้บริการโครงสร้างพื้นฐาน การให้บริการแพลตฟอร์ม การให้บริการซอฟต์แวร์ การให้บริการระบบ
ศึกษาแนวคิดการประมวลผลแบบกลุ่มเมฆ รูปแบบบริการต่าง ๆ การให้บริการโครงสร้างพื้นฐาน การให้บริการแพลตฟอร์ม การให้บริการซอฟต์แวร์ การให้บริการระบบการจัดเก็บข้อมูลที่มีขนาดใหญ่ และการให้บริการกระบวนการทางธุรกิจ การรักษาความปลอดภัย
แบบกลุ่มเมฆ การดำเนินการและการสนับสนุน การประมวลผลที่มีประสิทธิภาพสูง และรองรับข้อมูลขนาดใหญ่แบบกลุ่มเมฆ",,10301342-1;10301342-7001
91132883-0bab-4325-9613-49d399962940,10301341,Course 10301341,Course 10301341,3,3,0,6,3(3-0-6),Placeholder for course 10301341,True,2026-08-18T06:54:40.130Z,2026-08-18T06:54:40.130Z,2565,code_only_title_missing_in_csmju,10301341-1,การเข้ารหัสและความปลอดภัยในเครือข่าย,3(2-3-5),วิทยาการอำพราง วิทยาการรหัสลับ การเข้ารหัสแบบคลาสสิค การเข้ารหัสดิจิทัล การเข้ารหัสแบบกุญแจสมมาตร ดีอีเอส เออีเอส การหาเลขจำนวนเฉพาะ,การเข้ารหัสแบบกุญแจไม่สมมาตร อาร์เอสเอ ฟังก์ชันแฮช การย่อยข้อมูล เอ็มดี5 เอสเอชเอ-1 ลายเซ็นอิเล็กทรอนิกส์ การระบุตัวตน การทำลายน้ำ ประยุกต์กับความปลอดภัยของเครือข่ายคอมพิวเตอร์,10301341-1;10301341-7001
60c78159-1dd4-4da9-88f9-7792ba44c9ed,10301336,Course 10301336,Course 10301336,3,3,0,6,3(3-0-6),Placeholder for course 10301336,True,2026-08-18T06:54:40.124Z,2026-08-18T06:54:40.124Z,2565,code_only_title_missing_in_csmju,10301336-1,คอมพิวเตอร์กราฟิก,3(2-3-5),ความรู้เบื้องต้นเกี่ยวกับขั้นตอนวิธีที่เกี่ยวข้องกับคอมพิวเตอร์กราฟิก สายท่อกราฟิก การวางรูปพื้นผิว แสง เงา การติดตามรังสี โกลบอลอินลูมิเนชัน การทำให้เคลื่อนไหว ฮาร์ดแวร์และเครื่องมือที่เกี่ยวข้อง,,10301336-1;10301336-7001
294d8bf6-bb57-4491-899c-822bffaba605,10301335,Course 10301335,Course 10301335,3,3,0,6,3(3-0-6),Placeholder for course 10301335,True,2026-08-18T06:54:40.118Z,2026-08-18T06:54:40.118Z,2565,code_only_title_missing_in_csmju,10301335-1,การออกแบบรูปแบบสำหรับซอฟต์แวร์,3(2-3-5),"แนะนำการใช้การออกแบบรูปแบบ, ต้นแบบโรงงาน, ต้นแบบการก่อสร้าง, ต้นแบบตัวต่อ, ต้นแบบมัณฑนากร, ต้นแบบส่วนหน้า, ต้นแบบน้ำหนักเบา, ต้นแบบโมเดล วีว คอนโทล์, การต่อการต้นแบบ",,10301335-1;10301335-7001
46174b68-88c0-4b17-8aae-c32dbff0b170,10301334,Course 10301334,Course 10301334,3,3,0,6,3(3-0-6),Placeholder for course 10301334,True,2026-08-18T06:54:40.111Z,2026-08-18T06:54:40.111Z,2565,code_only_title_missing_in_csmju,10301334-1,การพัฒนาแอปพลิเคชันข้ามแพลตฟอร์ม,3(2-3-5),แนะนำการพัฒนาระบบแอปพลิเคชันข้ามแพลตฟอร์ม การออกแบบและการนำไปใช้ การจัดการสเตทฟูลล์และสเตทเลส กลยุทธ์การทำแคชข้อมูลออฟไลน์เฟิร์ส การประสานข้อมูลออนไลน์ออฟไลน์ การพัฒนาเอพีไอ การแปลงรูปแบบข้อมูลระหว่างออบเจ็คและเจสัน และการเขียนโปรแกรมแบบอะซิงโครนัส,,10301334-1;10301334-7001
aa96d3f5-c5c1-4ef6-af24-0c8f552e4f40,10301333,Course 10301333,Course 10301333,3,3,0,6,3(3-0-6),Placeholder for course 10301333,True,2026-08-18T06:54:40.105Z,2026-08-18T06:54:40.105Z,2565,code_only_title_missing_in_csmju,10301333-1,การพัฒนาโปรแกรมประยุกต์บนเดสก์ท็อป,3(2-3-5),การประยุกต์ใช้ส่วนต่อประสานกราฟิกกับผู้ใช้ คำโต้ตอบ กราฟิก รายการเลือก การโปรแกรมเชิงวัตถุ การโปรแกรมเชิงเหตุการณ์ การเข้าถึงแฟ้มข้อมูล ฐานข้อมูล การออกแบบโปรแกรมแบบหลายลำดับชั้น การสร้างชุดติดตั้ง,,10301333-1;10301333-7001
9ffda06f-7036-433b-bb89-78f95065cd29,10301332,Course 10301332,Course 10301332,3,3,0,6,3(3-0-6),Placeholder for course 10301332,True,2026-08-18T06:54:40.099Z,2026-08-18T06:54:40.099Z,2565,code_only_title_missing_in_csmju,10301332-1,การพัฒนาซอฟต์แวร์บนระบบปฏิบัติการยูนิกซ์,3(2-3-5),องค์ประกอบของระบบปฏิบัติการยูนิกซ์ลักษณะการทำงาน โครงสร้างของไดเร็กทอรี่ ส่วนต่อประสานรายคำสั่ง การบริหารและจัดการระบบ โปรแกรมบรรณาธิการและอรรถประโยชน์ การเขียนโปรแกรมเปลือกระบบ แฟ้มข้อมูล โปรเซส สัญญาณ การจัดการข้อผิดพลาด การสื่อสารระหว่างโปรเซส การนำเข้าและส่งออก การทำงานอยู่เบื้องหลัง,,10301332-1;10301332-7001
9eff65e8-8404-4ec8-a1a6-1fcc1ab74d6e,10301331,Course 10301331,Course 10301331,3,3,0,6,3(3-0-6),Placeholder for course 10301331,True,2026-08-18T06:54:40.093Z,2026-08-18T06:54:40.093Z,2565,code_only_title_missing_in_csmju,10301331-1,การพัฒนาซอฟต์แวร์ทางเกษตรบนอุปกรณ์เคลื่อนที่,3(2-3-5),ภาพรวมการปฏิบัติทางเกษตร โมบายแอปพลิเคชันทางเกษตร การพัฒนาโมบายแอปพลิเคชันข้ามแพลตฟอร์ม เซ็นเซอร์และแอคชูเอเตอร์,"การทำงานแบบไม่เชื่อมต่อเครือข่ายเและการประสานข้อมูลคอมพิวเตอร์วิทัศน์เพื่อการเกษตร การจัดการความรู้ทางการเกษตร
บนอุปกรณ์เคลื่อนที่",10301331-1;10301331-7001
6c29d6f6-326f-4f07-a705-fa9d3c018ffa,10301314,Course 10301314,Course 10301314,3,3,0,6,3(3-0-6),Placeholder for course 10301314,True,2026-08-18T06:54:40.087Z,2026-08-18T06:54:40.087Z,2565,code_only_title_missing_in_csmju,10301314-1,หลักการเขียนโปรแกรมเชิงวัตถุ,3(2-3-5),หลักการเขียนโปรแกรม โครงสร้างของภาษาและชนิดข้อมูล ความคิดรวบยอดการโปรแกรมเชิงวัตถุ คลาส แพ็กเกจ วัตถุ เมธอด การห่อหุ้ม โพลิมอร์ฟิซึม โอเวอร์โหลดดิง โอเวอร์ไรดดิง การสืบทอดคุณสมบัติ การตรวจสอบข้อผิดพลาด,,10301314-1
154af2f8-f015-40ff-b0bd-3480ba87ce00,10301313,Course 10301313,Course 10301313,3,3,0,6,3(3-0-6),Placeholder for course 10301313,True,2026-08-18T06:54:40.079Z,2026-08-18T06:54:40.079Z,2565,code_only_title_missing_in_csmju,10301313-1,วิธีการนิวเมอริคัล,3(2-3-5),ความรู้เบื้องต้นเกี่ยวกับระเบียบวิธีทางด้านนิวเมอริคัลและการเขียนโปรแกรมคอมพิวเตอร์ ปัญหา การแก้ปัญหาและเครื่องมือทางด้านนิวเมอริคัล การหาคำตอบของสมการแบบเชิงเส้น และแบบไม่ใช่เชิงเส้น,การอินเตอร์โพเลชัน และการประมาณค่า การประมาณค่าอนุพันธ์และค่าอินทิเกรต การแก้ปัญหาสมการเชิงอนุพันธ์,10301313-1
8b3c93a3-faf7-4d27-91fd-a794db1d0c23,10301312,Course 10301312,Course 10301312,3,3,0,6,3(3-0-6),Placeholder for course 10301312,True,2026-08-18T06:54:40.072Z,2026-08-18T06:54:40.072Z,2565,code_only_title_missing_in_csmju,10301312-1,เทคนิคการเขียนโปรแกรมคอมพิวเตอร์,3(2-3-5),แนะนําพื้นฐานแนวความคิดและเทคนิคของการเขียนโปรแกรม ชนิดของข้อมูล รูปแบบโครงสร้างการควบคุมฟังก์ชัน อาเรย์ ไฟล์ การจัดการขั้นตอนการทํางาน การทดสอบและตรวจหาข้อผิดพลาด,,10301312-1
5a6b80c8-5754-4539-a265-088cd1abbe70,10301311,Course 10301311,Course 10301311,3,3,0,6,3(3-0-6),Placeholder for course 10301311,True,2026-08-18T06:54:40.066Z,2026-08-18T06:54:40.066Z,2565,code_only_title_missing_in_csmju,10301311-1,ทฤษฎีการคำนวณ,3(2-3-5),ทฤษฏีการคำนวณเบื้องต้น ออโตมาตาแบบจำกัด รูปแบบการคำนวณ เครื่องจักรแบบทัวริง ความสัมพันธ์ระหว่างออโต,"มาตาและภาษาปกติ เครื่องจักรที่มีกฎเกณฑ์แน่นอนและ
ไม่แน่นอน นิพจน์ปกติ ไวยากรณ์ที่ไม่พึ่งบริบท ปัญหาที่ไม่สามารถตัดสินใจได้ คำถามที่เกี่ยวกับปัญหาทางด้านเอ็นพี",10301311-1;10301311-7001
50029a76-5db6-4542-a308-32312f2b6b97,10301233,Course 10301233,Course 10301233,3,3,0,6,3(3-0-6),Placeholder for course 10301233,True,2026-08-18T06:54:40.059Z,2026-08-18T06:54:40.059Z,2565,code_only_title_missing_in_csmju,10301233-1,การพัฒนาซอฟต์แวร์บนอุปกรณ์เคลื่อนที่,3(2-3-5),"การติดต่อกับผู้ใช้ผ่านแอปพลิเคชันบนอุปกรณ์เคลื่อนที่ การให้บริการ และ
การจัดเก็บ หรือการดึงข้อมูล เซ็นเซอร์ต่าง ๆ ซึ่งสนับสนุนในส่วนของแอปพลิเคชันบนอุปกรณ์เคลื่อนที่ โครงสร้าง เปรียบเทียบความเหมือน และความแตกต่างระหว่างแอปพลิเคชันบนเครื่องคอมพิวเตอร์แบบตั้งโต๊ะ และแบบอุปกรณ์เคลื่อนที่ เปรียบเทียบความแตกต่าง และจุดเด่น
ของโปรแกรมบนอุปกรณ์เคลื่อนที่ ที่ได้รับความนิยมเรียนรู้เครื่องมือใหม่ในการพัฒนา
แอปพลิเคชันบนอุปกรณ์เคลื่อนที่ เข้าใจความแตกต่างของการโปรแกรมด้วยภาษาหลักและ
แบบเว็บแอปพลิเคชัน",,10301233-1
7b6321c2-6516-4ed2-8650-f0cb9b8c2355,10301232,Course 10301232,Course 10301232,3,3,0,6,3(3-0-6),Placeholder for course 10301232,True,2026-08-18T06:54:40.053Z,2026-08-18T06:54:40.053Z,2565,code_only_title_missing_in_csmju,10301232-1,การพัฒนาระบบฝั่งเซิร์ฟเวอร์,3(2-3-5),"แสดงให้เห็นถึงความเข้าใจในแนวคิดฝั่งเซิร์ฟเวอร์ การสร้างและกำหนดค่าเซิร์ฟเวอร์ส่วนหลังโดยใช้เฟรมเวิร์ก การสร้างรูปแบบสถาปัตยกรรมการจัดการข้อมูลสำหรับ
ส่วนการแสดงผล เพื่อเข้าถึงบริการแบ็กเอนด์ การรับรองความถูกต้องและความปลอดภัย",,10301232-1
a568e0ee-5b15-4703-9e82-d6a0bb7ab37e,10301231,Course 10301231,Course 10301231,3,3,0,6,3(3-0-6),Placeholder for course 10301231,True,2026-08-18T06:54:40.046Z,2026-08-18T06:54:40.046Z,2565,code_only_title_missing_in_csmju,10301231-1,เว็บเทคโนโลยี,3(2-3-5),แนวคิดพื้นฐานในการออกแบบประสบการณ์ของผู้ใช้งานและส่วนติดต่อระหว่างผู้ใช้กับระบบ กระบวนการออกแบบประสบการณ์ของผู้ใช้งาน การสร้างแบบร่างและต้นแบบ,การวิจัยด้านประสบการณ์ของผู้ใช้งานและทดสอบแนวคิดเบื้องต้น การออกแบบเว็บที่ตอบสนอง ภาษาเอชทีเอ็มแอล ซีเอสเอส จาวาสคริปต์ และชุด เฟรมเวิร์กของส่วนการแสดงผล,10301231-1;10301231-7001
8893a731-0195-4f0a-84b5-6e47082031bc,10301225,Course 10301225,Course 10301225,3,3,0,6,3(3-0-6),Placeholder for course 10301225,True,2026-08-18T06:54:40.040Z,2026-08-18T06:54:40.040Z,2565,code_only_title_missing_in_csmju,10301225-1,วิศวกรรมซอฟต์แวร์,3(2-3-5),การวิเคราะห์และออกแบบซอฟต์แวร์เบื้องต้น บทบาทและคุณสมบัติของทีมพัฒนาซอฟต์แวร์ วัฏจักรของการพัฒนาซอฟต์แวร์ ตัวแบบกระบวนการการพัฒนาซอฟต์แวร์ การทดสอบซอฟต์แวร์ วิศวกรรมซอฟต์แวร์ใช้คอมพิวเตอร์ช่วย เอกสารการพัฒนาซอฟต์แวร์ มาตรฐานไอเอสโอ,,10301225-1
1e5ffdcd-418e-4625-bbf6-cf7d9e250b53,10301224,Course 10301224,Course 10301224,3,3,0,6,3(3-0-6),Placeholder for course 10301224,True,2026-08-18T06:54:40.034Z,2026-08-18T06:54:40.034Z,2565,code_only_title_missing_in_csmju,10301224-1,ฐานข้อมูลแบบไม่มีโครงสร้าง,3(2-3-5),"พื้นฐานของฐานข้อมูลไม่มีโครงสร้าง การออกแบบ พัฒนาโปรแกรมฐานข้อมูล
โนเอสคิวแอล ฐานข้อมูลแบบเอกสาร ฐานข้อมูลแบบกราฟ ฐานข้อมูลแบบค่าคีย์ ฐานข้อมูล
แบบไม่จำกัดคอลัมภ์ ฐานข้อมูลเชิงวัตถุ การออกแบบแอปพลิเคชันเพื่อความน่าเชื่อถือ สามารถ
ขยายต่อยอดและบำรุงรักษาต่อได้",,10301224-1
2d2083de-823d-4a01-a676-207834ba262d,10301223,Course 10301223,Course 10301223,3,3,0,6,3(3-0-6),Placeholder for course 10301223,True,2026-08-18T06:54:40.028Z,2026-08-18T06:54:40.028Z,2565,code_only_title_missing_in_csmju,10301223-1,ฐานข้อมูลโครงสร้างเชิงสัมพันธ์,3(2-3-5),"การออกแบบและประยุกต์ใช้งานด้านระบบฐานข้อมูล พีชคณิตเชิงสัมพันธ์ แบบจำลองข้อมูล กระบวนการนอร์มัลไลเซชั่น ภาษาสำหรับการสืบค้น (เอสคิวแอล การรวบรวมชุดคำสั่ง ) การประมวลผลการสืบค้น (การเชื่อมโยง, การเรียงลำดับ, การรวม, การเพิ่มประสิทธิภาพ)",,10301223-1;10301223-7001
c18c64ed-a7f6-416b-9a98-21e563da9502,10301222,Course 10301222,Course 10301222,3,3,0,6,3(3-0-6),Placeholder for course 10301222,True,2026-08-18T06:54:40.021Z,2026-08-18T06:54:40.021Z,2565,code_only_title_missing_in_csmju,10301222-1,โครงสร้างข้อมูลและอัลกอริทึม,3(2-3-5),ต้นแบบอัลกอริทึมการวิเคราะห์ โครงสร้างข้อมูลแบบเชิงเส้น โครงสร้างข้อมูลแบบไม่มีเชิงเส้น แถวลำดับ คิว ลิงค์ลิสต์ โครงสร้างต้นไม้ กราฟ การค้นข้อมูล การเรียงลำดับข้อมูล ฟังก์ชันของเวลาเชิงซับซ้อน การแบ่งแยกและเอาชนะ หลักการกำหนดการพลวัต อัลกอริทึมแบบละโมภ เอ็นพีบริบูรณ์,,10301222-1;10301222-7001
f5e55201-a92a-48b9-adcc-da8774b518b6,10301221,Course 10301221,Course 10301221,3,3,0,6,3(3-0-6),Placeholder for course 10301221,True,2026-08-18T06:54:40.015Z,2026-08-18T06:54:40.015Z,2565,code_only_title_missing_in_csmju,10301221-1,การวิเคราะห์และออกแบบเชิงวัตถุ,3(2-3-5),"วัฏจักรการพัฒนาระบบ บทบาทและคุณสมบัติของนักวิเคราะห์ระบบ 
การคาดการณ์ความเป็นไปได้ การระบุปัญหา ความต้องการผู้ใช้ รูปแบบการแก้ปัญหา พื้นฐาน","การวิเคราะห์และออกแบบระบบเชิงโครงสร้าง การวิเคราะห์เชิงวัตถุ การออกแบบเชิงวัตถุ 
การเชื่อมความสัมพันธ์ของวัตถุ การออกแบบส่วนติดต่อผู้ใช้",10301221-1;10301221-7001
1ec67f19-82d3-4b5f-a3fc-76284b7c5074,10301212,Course 10301212,Course 10301212,3,3,0,6,3(3-0-6),Placeholder for course 10301212,True,2026-08-18T06:54:40.009Z,2026-08-18T06:54:40.009Z,2565,code_only_title_missing_in_csmju,10301212-1,การเขียนโปรแกรมและทักษะการแก้ปัญหา,3(2-3-5),การพัฒนาทักษะในการโปรแกรม การแก้ปัญหาด้วยการโปรแกรมคอมพิวเตอร์ การใช้โครงสร้างข้อมูลและขั้นตอนวิธีเพื่อแก้ปัญหาให้เหมาะสม การใช้งานเครื่องมือสำหรับพัฒนาโปรแกรมภาษาต่าง ๆ ที่เหมาะสม,,10301212-1
4259d9b9-9c7c-4507-ab7f-f346e367d0de,10301141,Course 10301141,Course 10301141,3,3,0,6,3(3-0-6),Placeholder for course 10301141,True,2026-08-18T06:54:40.003Z,2026-08-18T06:54:40.003Z,2565,code_only_title_missing_in_csmju,10301141-1,เครือข่ายคอมพิวเตอร์เบื้องต้น,3(2-3-5),แนวคิดและทฤษฎีการสื่อสารข้อมูล แบบจำลองโอเอสไอ ทีซีพี/ไอพี ระบบเครือข่ายคอมพิวเตอร์ รูปร่างเครือข่าย อินเทอร์เน็ตโพรโทคอล อุปกรณ์เครือข่าย,"สื่อนำสัญญาณ หมายเลขแมค หมายเลขไอพี การออกแบบและการประยุกต์ใช้งานเครือข่าย ความปลอดภัย
ในเครือข่าย อุปกรณ์เครือข่าย สื่อนำสัญญาณไร้สาย",10301141-1;10301141-7001
dfc37723-6aa9-41dc-b4c0-26f85970067f,10301114,Course 10301114,Course 10301114,3,3,0,6,3(3-0-6),Placeholder for course 10301114,True,2026-08-18T06:54:39.996Z,2026-08-18T06:54:39.996Z,2565,code_only_title_missing_in_csmju,10301114-1,องค์ประกอบและสถาปัตยกรรมคอมพิวเตอร์,3(2-3-5),"แนวคิดพื้นฐานของการจัดองค์ประกอบและสถาปัตยกรรมคอมพิวเตอร์ โครงสร้างและการทำงานของระบบคอมพิวเตอร์ หน่วยประมวลผลกลาง หน่วยความจำ ระบบของ
การนําเข้าและการแสดงผล ระบบตัวเลขฐาน","การออกแบบหน่วยตรรกะและหน่วยควบคุม หลักการทำงานและออกแบบด้านวงจรดิจิทัลและวงจรอิเล็กทรอนิกส์ การทำงานไมโครโพรเซสเซอร์เบื้องต้น สำหรับไอโอที วงจรรวม ชุดของคำสั่งเครื่อง การวัดสมรรถนะ
ของคอมพิวเตอร์ ระบบปฏิบัติการ เชลล์ สคริปต์ ผู้ใช้ขั้นสูง ไอทีซัพพอร์ท",10301114-1;10301114-7001
1d0cd686-741a-435c-a8ae-66a8ac2f09a6,10301112,Course 10301112,Course 10301112,3,3,0,6,3(3-0-6),Placeholder for course 10301112,True,2026-08-18T06:54:39.990Z,2026-08-18T06:54:39.990Z,2565,code_only_title_missing_in_csmju,10301112-1,เทคโนโลยีสารสนเทศและการสื่อสาร,3(2-3-5),"ระบบสารสนเทศ โปรแกรมสำนักงานพื้นฐาน การทำงานด้านเอกสาร งานด้าน
การคำนวณและวิเคราะห์ข้อมูล หลักการสืบค้นรวบรวมและอ้างอิงข้อมูล การป้องกันข้อมูล
ในระบบคอมพิวเตอร์ บทบาทสื่อสังคมออนไลน์",ทฤษฎีและองค์ประกอบการออกแบบมัลติมีเดีย การนำเสนอข้อมูล การสร้างสรรค์ผลงานด้านดิจิทัลเพื่อสื่อสารกับกลุ่มเป้าหมายในรูปแบบต่าง ๆ ทั้งข้อความ รูปภาพ วิดีโอ และข้อมูลเชิงภาพ,10301112-1;10301112-7001
3e79bab4-21f7-42f6-a759-a2b826a9fd9e,10301211,Course 10301211,Course 10301211,3,3,0,6,3(3-0-6),Placeholder for course 10301211,True,2026-08-18T06:54:39.984Z,2026-08-18T06:54:39.984Z,2565,code_only_title_missing_in_csmju,10301211-1,คณิตศาสตร์สำหรับวิทยาการคอมพิวเตอร์,3(3-0-6),"ความรู้เบื้องต้นเกี่ยวกับเมตริกซ์ การดำเนินการของเมตริกซ์ การดำเนิน
การตามแถวและหลัก รูปแบบแอชชิลอนของเมตริกซ์ ระบบสมการเชิงเส้น ดีเทอร์มิแนนท์ ปริภูมิเวกเตอร์ การโปรแกรมเชิงเส้น",,10301211-1;10301211-7001
87e4b06a-33c9-4db9-82b1-73d0eaa29ee0,10305108,Course 10305108,Course 10305108,3,3,0,6,3(3-0-6),Placeholder for course 10305108,True,2026-08-18T06:54:39.978Z,2026-08-18T06:54:39.978Z,2565,code_only_title_missing_in_csmju,10305108-1,แคลคูลัสสำหรับวิทยาศาสตร์และเทคโนโลยี,3(3-0-6),ลิมิตและความต่อเนื่องของฟังก์ชัน อนุพันธ์ของฟังก์ชันและการประยุกต์ อินทิกรัลไม่จำกัดเขตและอินทิกรัลจำกัดเขต สมการเชิงอนุพันธ์สามัญอันดับหนึ่งและการประยุกต์ เมทริกซ์และการหาผลเฉลยของระบบสมการเชิงเส้น,,10305108-1
ffe8661c-111b-4d93-9360-6350f8d47769,10301111,Course 10301111,Course 10301111,3,3,0,6,3(3-0-6),Placeholder for course 10301111,True,2026-08-18T06:54:39.971Z,2026-08-18T06:54:39.971Z,2565,code_only_title_missing_in_csmju,10301111-1,การเขียนโปรแกรมเบื้องต้น,3(2-3-5),หลักการเขียนโปรแกรมเบื้องต้น อัลกอริทึม โครงสร้างของโปรแกรม การเขียนผังงาน มาตรฐานตัวแปร ชนิดข้อมูลการคำนวณทางคณิตศาสตร์และลอจิก การเขียนโปรแกรมรับข้อมูลและแสดงผล การเขียนโปรแกรมแบบเงื่อนไข การเขียนโปรแกรมแบบวนซ้ำ,การประมวลผลข้อมูล(ข้อความ/ไฟล์) การสร้างฟังก์ชัน โครงสร้างข้อมูล การใช้งานไลบราลี่ต่าง ๆ,10301111-1;10301111-7001
d8d59106-a196-494a-bfc1-4e6ed558b121,10300499,การศึกษา หรือ ฝึกงาน หรือฝึกอบรมต่างประเทศ,Study or Internship or Training Abroad,0,0,0,0,0(0-0-0),,True,2026-08-18T06:54:39.965Z,2026-08-18T06:54:39.965Z,2565,exact_title,10300499-1,การศึกษา หรือ ฝึกงาน หรือ ฝึกอบรมต่างประเทศ,6(0-270-0),การศึกษา หรือ ฝึกงาน หรือ ฝึกอบรมต่างประเทศ ในสาขาวิชาที่เกี่ยวข้อง นักศึกษาต้องเขียน โครงการศึกษา ส่งรายงานฉบับสมบูรณ์ และนำเสนอผลงาน โดยทุกขั้นตอนอยู่ในความเห็นชอบของ อาจารย์ที่ปรึกษาวิชาการศึกษา หรือ ฝึกงาน หรือ ฝึกอบรมต่างประเทศ,,10300499-1
27f09671-2e03-4adc-8071-d416e78923b2,10300498,การเรียนรู้อิสระ,Independent Study,0,0,0,0,0(0-0-0),,True,2026-08-18T06:54:39.959Z,2026-08-18T06:54:39.959Z,2565,exact_title,10300498-1,การเรียนรู้อิสระ,6(0-270-0),การวิจัยหรือศึกษาหรือทำโครงงานวิชาชีพ ในสาขาวิชาที่เกี่ยวข้อง อาจมีการฝึกอบรมเพื่อเสริมสร้างความรู้ในการทำวิจัยหรือศึกษาหรือทำโครงงานวิชาชีพได้ตามความเหมาะสมภายใต้การกำกับดูแลของอาจารย์ที่ปรึกษาการเรียนรู้อิสระ นักศึกษาต้องเขียนโครงการหรือโครงร่างการเรียนรู้อิสระ ส่งรายงานฉบับสมบูรณ์ และนำเสนอผลงานภายใน 1 ภาคการศึกษา,,10300498-1
3fd36aa3-1b21-4758-a370-da72cc43825e,10300497,สหกิจศึกษา,Cooperative Education,0,0,0,0,0(0-0-0),,True,2026-08-18T06:54:39.953Z,2026-08-18T06:54:39.953Z,2565,exact_title,10300497-1,สหกิจศึกษา,6(0-270-0),การปฏิบัติงานจริงเสมือนหนึ่งเป็นพนักงานในสถานประกอบการที่มีการดำเนินงานเกี่ยวข้องกับสาขาวิชาที่ศึกษาอยู่เป็นระยะเวลา ไม่น้อยกว่า 16 สัปดาห์ต่อเนื่อง นักศึกษาจะต้องผ่านการอบรม เตรียมความพร้อมก่อนไปปฏิบัติงานสหกิจศึกษา ต้องจัดทำรายงาน ผลการปฏิบัติงานสหกิจศึกษา และนำเสนอผลงานในการสัมมนาระหว่างนักศึกษา อาจารย์ที่ปรึกษา หรือ อาจารย์นิเทศ หลังจากเสร็จสิ้นการปฏิบัติงานแล้ว,,10300497-1
f4abaa34-1c6e-4aa0-98d9-56616882da8a,10200504,การเป็นผู้ประกอบการ,Entrepreneurship,3,2,2,5,3(2-2-5),หมวดวิชาศึกษาทั่วไป กลุ่มการเป็นผู้ประกอบการ (ELO 5),True,2026-08-18T06:54:39.947Z,2026-08-18T06:54:39.947Z,2565,exact_title,10200504-01,การเป็นผู้ประกอบการ,3(2-2-5),ศึกษาความหมายและแนวคิดของการเป็นผู้ประกอบการ คุณลักษณะและแรงบันดาลใจในการเป็นผู้ประกอบการ การคัดเลือกธุรกิจที่เหมาะสมกับผู้ประกอบการและการตั้งเป้าหมาย รวมถึงศึกษาภาพรวมของการเขียนแผนธุรกิจ,,10200504-01
7c1a82df-6b74-4f0a-a3c1-2c7f76945d3f,10300410,ความฉลาดรู้ด้านวิทยาศาสตร์สำหรับโลกสมัยใหม่,Scientific Literacy for the Modern World,3,3,0,6,3(3-0-6),หมวดวิชาศึกษาทั่วไป กลุ่มการคิดคำนวณการใช้เหตุผลและเทคโนโลยี (ELO 4),True,2026-08-18T06:54:39.940Z,2026-08-18T06:54:39.940Z,2565,exact_title,10300410-01,ความฉลาดรู้ด้านวิทยาศาสตร์สำหรับโลกสมัยใหม่,3(3-0-6),การวิจารณ์สารสนเทศเชิงปริมาณทางด้านวิทยาศาสตร์และเทคโนโลยี วิธีการทางวิทยาศาสตร์และคณิตศาสตร์ ศักยภาพและข้อจำกัดของวิทยาศาสตร์และเทคโนโลยี การให้เหตุผลทางสถิติเพื่ออธิบายและแปรผลข้อมูล และการประยุกต์ใช้ทักษะการให้เหตุผลเชิงวิเคราะห์ทางวิทยาศาสตร์และคณิตศาสตร์กับประเด็นเหตุการณ์สำคัญในโลกปัจจุบัน,,10300410-01
c16db456-27ff-42bd-ab82-ee90c14e5ef0,10301491,สัมมนาวิชาการทางวิทยาการคอมพิวเตอร์,Seminar in Computer Science,3,3,0,6,3(3-0-6),,True,2026-08-18T06:54:39.934Z,2026-08-18T06:54:39.934Z,2565,exact_title,10301491-1,สัมมนาวิชาการทางวิทยาการคอมพิวเตอร์,3(3-0-6),"การฝึกปฏิบัติการทบทวนวรรณกรรม การนำเสนอและการอภิปรายหัวข้อ
ที่น่าสนใจ และทันสมัย ในทางวิทยาการคอมพิวเตอร์ ระดับปริญญาตรี",,10301491-1
641c86b1-ff08-4308-b5c7-7b10a6aee3fb,10300411,วิทยาศาสตร์เพื่อชีวิต,Science for Life,3,2,2,5,3(2-2-5),หมวดวิชาศึกษาทั่วไป กลุ่มการคิดคำนวณการใช้เหตุผลและเทคโนโลยี (ELO 4),True,2026-08-18T06:54:39.928Z,2026-08-18T06:54:39.928Z,2565,exact_title,10300411-01,วิทยาศาสตร์เพื่อชีวิต,3(2-2-5),เป็นการศึกษาวิทยาศาสตร์โดยรวมที่มีผลกระทบต่อชีวิตทั้งบวกและลบ บทบาทวิทยาศาสตร์ต่อชีวิต มนุษย์และเอกภพ ภูมิอากาศและภัยพิบัติ พลังงานกับชีวิตประจำวัน มนุษย์ สิ่งแวดล้อมและปัญหาด้านสิ่งแวดล้อม เคมีในอาหาร ผลิตภัณฑ์เคมีในชีวิตประจำวัน เทคโนโลยีชีวภาพในชีวิตประจำวัน สิ่งมีชีวิตดัดแปลงพันธุกรรมและผลกระทบ คณิตศาสตร์ในชีวิตประจำวัน คณิตศาสตร์เพื่อการตัดสินใจในสังคมยุคใหม่ สถิติในชีวิตประจำวัน เทคโนโลยีสารสนเทศในชีวิตประจำวัน เทคโนโลยีสารสนเทศเพื่อการสนับสนุนสังคม,,10300411-01
d9184a74-a718-47b7-8cfd-72793e0cd052,10700320,ภาษาอังกฤษเพื่อการศึกษาต่อและการประกอบอาชีพ,English for Further Study and Careers,3,2,2,5,3(2-2-5),หมวดวิชาศึกษาทั่วไป กลุ่มวิชาภาษาและการสื่อสาร (ELO 3) รายวิชาภาษาต่างประเทศ,True,2026-08-18T06:54:39.922Z,2026-08-18T06:54:39.922Z,2565,exact_title,10700320-01,ภาษาอังกฤษเพื่อการศึกษาต่อและการประกอบอาชีพ,3(2-2-5),คำศัพท์ สำนวน และทักษะภาษาอังกฤษที่จำเป็นต่อการศึกษาต่อและการประกอบอาชีพ,,10700320-01
4f9e0f88-c7f4-414c-a9ae-acace1c67519,10700105,มนุษย์ สังคม เทคโนโลยีและสิ่งแวดล้อม,"Man, Society, Technology and Environment",3,3,0,6,3(3-0-6),หมวดวิชาศึกษาทั่วไป กลุ่มวิชาสังคมและวัฒนธรรม (ELO 1),True,2026-08-18T06:54:39.916Z,2026-08-18T06:54:39.916Z,2565,exact_title,10700105-01,มนุษย์ สังคม เทคโนโลยีและสิ่งแวดล้อม,3(3-0-6),ศึกษาความเป็นมาของมนุษย์ ความสัมพันธ์ของมนุษย์ และธรรมชาติ วิวัฒนาการของ สังคม เทคโนโลยี และผลกระทบต่อสังคมและสิ่งแวดล้อม ประชากร การเปลี่ยนแปลงของสังคมโลก ความเสี่ยง และผลกระทบในการพัฒนาที่มีต่อธรรมชาติและระบบนิเวศและการพัฒนาอย่างยั่งยืนเพื่อรักษาทรัพยากรธรรมชาติและสิ่งแวดล้อม,,10700105-01;10700105-7001
103f1591-0044-465d-93af-0fabd8c2e029,10304205,ความน่าจะเป็นและสถิติ,Probability and Statistics,3,3,0,6,3(3-0-6),,True,2026-08-18T06:54:39.909Z,2026-08-18T06:54:39.909Z,2565,exact_title,10304205-1,ความน่าจะเป็นและสถิติ,3(3-0-6),"แนวคิดพื้นฐานเกี่ยวกับความน่าจะเป็น การแจกแจงความน่าจะเป็น 
การแจกแจงของตัวแปรสุ่มที่สำคัญ การประมาณค่า ช่วงแห่งความเชื่อมั่น การทดสอบสมมติฐาน การวิเคราะห์ความแปรปรวน การถดถอย สหสัมพันธ์ การทดสอบไคกำลังสอง สถิติศาสตร์ไม่อิงพารามิเตอร์",,10304205-1
7375902c-18ec-4d41-8039-8eb94a8f0a12,10700313,ภาษาอังกฤษเชิงวิทยาศาสตร์และนวัตกรรม,English for Science and Innovation,3,2,2,5,3(2-2-5),หมวดวิชาศึกษาทั่วไป กลุ่มวิชาภาษาและการสื่อสาร (ELO 3),True,2026-08-18T06:54:39.903Z,2026-08-18T06:54:39.903Z,2565,exact_title,10700313-01,ภาษาอังกฤษเชิงวิทยาศาสตร์และนวัตกรรม,3(2-2-5),คำศัพท์เฉพาะด้าน โครงสร้างทางไวยากรณ์ ในบริบทของวิทยาศาสตร์และนวัตกรรม โดยใช้ทักษะสัมพันธ์ด้านการฟัง พูด อ่านและเขียน ประกอบกับการใช้เทคโนโลยีที่เหมาะสมเพื่อส่งเสริมการเรียนรู้ในศตวรรษที่ 21,,10700313-01
851ce869-4316-45b2-86fe-66703cb9c92d,10700309,สนทนาภาษาอังกฤษ,English Conversation,3,2,2,5,3(2-2-5),หมวดวิชาศึกษาทั่วไป กลุ่มวิชาภาษาและการสื่อสาร (ELO 3) รายวิชาภาษาต่างประเทศ,True,2026-08-18T06:54:39.897Z,2026-08-18T06:54:39.897Z,2565,exact_title,10700309-1,สนทนาภาษาอังกฤษ,3(2-2-5),พัฒนาความสามารถในการพูดภาษาอังกฤษและสื่อสารในชีวิตประจำวัน โดยครอบคลุมถึงภาษาอังกฤษในการทำงาน และฝึกการออกเสียงที่ถูกต้อง,,10700309-01;10700309-1
e4e7e727-e153-4a2a-bb32-0bc54e4ec69d,10800113,พลเมืองดิจิทัล,Digital Citizenship,3,3,0,6,3(3-0-6),หมวดวิชาศึกษาทั่วไป กลุ่มวิชาสังคมและวัฒนธรรม (ELO 1),True,2026-08-18T06:54:39.890Z,2026-08-18T06:54:39.890Z,2565,exact_title,10800113-01,พลเมืองดิจิทัล,3(3-0-6),ความสําคัญ แนวคิดและแนวปฏิบัติเกี่ยวกับการเป็นพลเมืองดิจิทัล ได้แก่ การสื่อสารดิจิทัล (Digital Communication) การรู้เท่าทันดิจิทัล (Digital Literacy) การซื้อขายธุรกิจผ่าน / สื่อดิจิทัล (Digital Commerce) การเข้าถึงสื่อดิจิทัล (Digital Access) การใช้สื่ออย่างมีมารยาท (Digital Etiquette) กฎหมายดิจิทัล (Digital Law) สิทธิทางดิจิทัลและความรับผิดชอบ (Digital Right & Responsibilities) ความปลอดภัยทางดิจิทัล (Digital Security) และการใช้สื่อดิจิทัลอย่างมีสุขภาวะทางกายทางใจ (Digital Health) ไปจนถึงเข้าใจผลกระทบของเทคโนโลยีดิจิทัลที่มีต่อสังคม และใช่เพื่อสร้างการเปลี่ยนแปลงทางสังคมในเชิงบวก,,10800113-01
7e556c07-dfc4-4f15-9667-6f1b0c3c57db,10301113,คณิตศาสตร์ดีสครีต,Discrete Mathematics,3,3,0,6,3(3-0-6),,True,2026-08-18T06:54:39.884Z,2026-08-18T06:54:39.884Z,2565,exact_title,10301113-1,คณิตศาสตร์ดีสครีต,3(3-0-6),ทฤษฎีเซต ตรรกศาสตร์ ความสัมพันธ์และฟังก์ชัน การนับ การเรียงสับเปลี่ยนและการจัดกลุ่ม ความสัมพันธ์เวียนเกิด ต้นไม้และการเรียงลำดับ กราฟและการประยุกต์ใช้ อัลกอริทึมข่ายงาน พีชคณิตบูลีน ออโตเมตา,,10301113-1
cb8dbf5e-fa16-4f13-bf18-d11449108b71,10700308,ภาษาอังกฤษในชีวิตประจำวัน,English in Everyday Life,3,2,2,5,3(2-2-5),หมวดวิชาศึกษาทั่วไป กลุ่มวิชาภาษาและการสื่อสาร (ELO 3) รายวิชาภาษาต่างประเทศ,True,2026-08-18T06:54:39.878Z,2026-08-18T06:54:39.878Z,2565,exact_title,10700308-01,ภาษาอังกฤษในชีวิตประจำวัน,3(2-2-5),ภาษาอังกฤษเพื่อการสื่อสารในชีวิตประจำวัน เน้นคำศัพท์ ไวยากรณ์ ทักษะการฟัง การพูด การอ่านและการเขียน,,10700308-01
b0ab34ab-e4b0-4ec0-9c99-d2f7a71e9b07,10700301,ภาษาไทยเพื่อการนำเสนอ,Thai for Presentation,3,2,2,5,3(2-2-5),หมวดวิชาศึกษาทั่วไป กลุ่มวิชาภาษาและการสื่อสาร (ELO 3) รายวิชาภาษาไทย,True,2026-08-18T06:54:39.870Z,2026-08-18T06:54:39.870Z,2565,exact_title,10700301-01,ภาษาไทยเพื่อการนำเสนอ,3(2-2-5),ฝึกทักษะการใช้ภาษาไทยเพื่อการนำเสนอในรูปแบบต่างๆ ได้อย่างมีประสิทธิภาพเหมาะสมกับสถานการณ์และสื่อต่างๆ อย่างสร้างสรรค์,,10700301-01
74e0fb02-827e-4a35-b043-e4e260377815,10100214,เกษตรเพื่อชีวิต,Agriculture for Life,3,3,0,6,3(3-0-6),หมวดวิชาศึกษาทั่วไป กลุ่มคุณค่าความเป็นมนุษย์และการใช้ชีวิต (ELO 2),True,2026-08-18T06:54:39.863Z,2026-08-18T06:54:39.863Z,2565,exact_title,10100214-01,เกษตรเพื่อชีวิต,3(3-0-6),วิวัฒนาการ และความสำคัญของการเกษตร ความหลากหลายทางชีวภาพในระบบนิเวศวิทยา ปัจจัยด้านสิ่งแวดล้อมที่มีผลต่อปัจจัยการผลิตทางการเกษตร ระบบการเกษตร ทรัพยากรการผลิตด้านจุลินทรีย์ พืช สัตว์ ประมง: ความหลากหลายของทรัพยากร การนำมาใช้ประโยชน์ การจัดการและการอนุรักษ์ เพื่อการเกษตรที่ยั่งยืน และเป็นมิตรต่อสิ่งแวดล้อม การสื่อสารองค์ความรู้ทางการเกษตร การพัฒนาตามแนวพระราชดำริกับการเกษตร,,10100214-01
