acadyear_be,semester,course_code,title_th,section,day_th,weekday_index,start,end,room,building_code,building_name,type,instructors
2569,1,10100214,เกษตรเพื่อชีวิต,1,จันทร์,0,15:00,18:00,ศูนย์กีฬา,110,ศูนย์กีฬาเฉลิมพระเกียรติ (โซน B),C,ผู้ช่วยศาสตราจารย์ ดร.อรพินธุ์ สฤษดิ์นำ; ผู้ช่วยศาสตราจารย์ ดร.ชินพันธ์ ธนารุจ; อาจารย์ ดร.มัลลิกา ดวงเขตต์; รองศาสตราจารย์ ดร.อภินันท์ สุวรรณรักษ์; อาจารย์ ดร.อำพล สอนสระเกษ; อาจารย์ ดร.นงพงา แสงเจริญ; ผู้ช่วยศาสตราจารย์ ดร.เฉลิมศรี นนทสวัสดิ์ศรี; นางสาวสุภาภรณ์ สิริกรม; นางกาญจนา ภักดิ์สันติพงศ์; นายปรีชา รัตนัง; นายสันต์ชัย มุกดา; นายครรชิต ชมภูพันธ์; ว่าที่ร้อยตรีสมบูรณ์ ระดม
2569,1,10100214,เกษตรเพื่อชีวิต,2,พฤหัสบดี,3,15:00,18:00,80-201,147,อาคารเรียนรวม 80 ปี,C,รองศาสตราจารย์ ดร.ดวงพร อมรเลิศพิศาล; อาจารย์ ดร.ขจรเกียรติ์ ศรีนวลสม; อาจารย์ ดร.กาญจนา จอมสังข์; อาจารย์ ดร.ธนะภูมิ เหล่าจันตา; ผู้ช่วยศาสตราจารย์ ดร.ผานิตย์ นาขยัน; ว่าที่ร้อยตรีสมบูรณ์ ระดม; นางกาญจนา ภักดิ์สันติพงศ์; นายกิตติพงษ์ ทิพยะ; นายสัมพันธ์ ตาติวงค์; ผู้ช่วยศาสตราจารย์ ดร.ณัฏฐ์พัชร เถียรวรกานต์; ผู้ช่วยศาสตราจารย์ ดร.อรพินธุ์ สฤษดิ์นำ; อาจารย์ ว่าที่ร้อยตรี ดร.ปรมินทร์ นาระทะ; ผู้ช่วยศาสตราจารย์ ดร.รัชชานนท์ สมบูรณ์ชัย; ศาสตราจารย์ ดร.อานัฐ ตันโช
2569,1,10100214,เกษตรเพื่อชีวิต,3,อังคาร,1,15:00,18:00,ศูนย์กีฬา,110,ศูนย์กีฬาเฉลิมพระเกียรติ (โซน B),C,ผู้ช่วยศาสตราจารย์ ดร.เจนจิรา หม่องอ้น; รองศาสตราจารย์ ดร.ศุภธิดา อ่ำทอง; ผู้ช่วยศาสตราจารย์ ดร.โชคชัย ยาทองไชย; ผู้ช่วยศาสตราจารย์ ดร.สาวิกา กอนแสง; ผู้ช่วยศาสตราจารย์ ดร.วาสนา วิรุญรัตน์; ผู้ช่วยศาสตราจารย์ ดร.อรพินธุ์ สฤษดิ์นำ; ผู้ช่วยศาสตราจารย์ ดร.นภัสถ์ จันทร์มี; ผู้ช่วยศาสตราจารย์ ดร.ปฏิภาณ สุทธิกุลบุตร; ดร.วัฒนาพงษ์ ใหม่เฟย; อาจารย์ ดร.สุภาพร ดาวทอง; อาจารย์ ดร.สุเทพ วัชรเวชศฤงคาร; ผู้ช่วยศาสตราจารย์ ดร.ฉัตรสุดา เผือกใจแผ้ว; อาจารย์ ดร.วงค์พันธ์ พรหมวงศ์; นายจักรพงษ์ สุภาวรรณ์; อาจารย์ ดร.กุลชา ชยรพ; อาจารย์ ดร.อำพล สอนสระเกษ; อาจารย์ ดร.จักรพงษ์ ไชยวงศ์; รองศาสตราจารย์ ดร.ณัฐดนัย ลิขิตตระการ; รองศาสตราจารย์ ดร.จีราภรณ์ อินทสาร; อาจารย์ ดร.แสงเดือน อินชนบท; ผู้ช่วยศาสตราจารย์ ดร.จุฑามาศ พิลาดี
2569,1,10100214,เกษตรเพื่อชีวิต,1,จันทร์,0,15:00,18:00,N104:811,811,,C,อาจารย์ ดร.วันวสา วิโรจนารมย์; อาจารย์ ดร.อนุวัฒน์ จรัสรัตนไพบูลย์; รองศาสตราจารย์ ดร.ณัฐพร จันทร์ฉาย; ผู้ช่วยศาสตราจารย์ ดร.ขวัญจรัส เชิงปัญญา; ผู้ช่วยศาสตราจารย์ ดร.ศิริโสภา อินขะ วรรณวงศ์; ผู้ช่วยศาสตราจารย์ ดร.วรรณา มังกิตะ; ผู้ช่วยศาสตราจารย์ ดร.กฤษดา พงษ์การัณยภาส; ผู้ช่วยศาสตราจารย์ ดร.ดุจดาว คนยัง; ดร.ศตพล กัลยา
2569,1,10100214,เกษตรเพื่อชีวิต,2,พฤหัสบดี,3,15:00,18:00,N104:811,811,,C,อาจารย์ ดร.อนุวัฒน์ จรัสรัตนไพบูลย์; ผู้ช่วยศาสตราจารย์ ดร.ดุจดาว คนยัง; ผู้ช่วยศาสตราจารย์ ดร.กฤษดา พงษ์การัณยภาส; ผู้ช่วยศาสตราจารย์ ดร.วรรณา มังกิตะ; ดร.ศตพล กัลยา; ผู้ช่วยศาสตราจารย์ ดร.ขวัญจรัส เชิงปัญญา; อาจารย์ ดร.วันวสา วิโรจนารมย์; รองศาสตราจารย์ ดร.ณัฐพร จันทร์ฉาย; ผู้ช่วยศาสตราจารย์ ดร.ศิริโสภา อินขะ วรรณวงศ์
2569,1,10100214,เกษตรเพื่อชีวิต,3,ศุกร์,4,17:00,20:00,TBA(แพร่),TBA,,C,ดร.ศตพล กัลยา; ผู้ช่วยศาสตราจารย์ ดร.ดุจดาว คนยัง; ผู้ช่วยศาสตราจารย์ ดร.กฤษดา พงษ์การัณยภาส; ผู้ช่วยศาสตราจารย์ ดร.วรรณา มังกิตะ; ผู้ช่วยศาสตราจารย์ ดร.ศิริโสภา อินขะ วรรณวงศ์; ผู้ช่วยศาสตราจารย์ ดร.ขวัญจรัส เชิงปัญญา; รองศาสตราจารย์ ดร.ณัฐพร จันทร์ฉาย; อาจารย์ ดร.วันวสา วิโรจนารมย์; อาจารย์ ดร.อนุวัฒน์ จรัสรัตนไพบูลย์
2569,1,10100214,เกษตรเพื่อชีวิต,1,อังคาร,1,13:00,16:00,306,716,,C,อาจารย์ปิยนุช จันทรัมพร
2569,1,10200503,การประยุกต์ใช้โปรแกรมสำเร็จรูปทางธุรกิจ,1,จันทร์,0,17:00,19:00,BA 204 ห้อง lab,107,คณะบริหารธุรกิจ,C,อาจารย์ ดร.กฤตวยาน์ ทองคู่
2569,1,10200503,การประยุกต์ใช้โปรแกรมสำเร็จรูปทางธุรกิจ,1,จันทร์,0,19:00,21:00,BA 204 ห้อง lab,107,คณะบริหารธุรกิจ,L,อาจารย์ ดร.กฤตวยาน์ ทองคู่
2569,1,10200503,การประยุกต์ใช้โปรแกรมสำเร็จรูปทางธุรกิจ,2,จันทร์,0,17:00,19:00,BA 206,107,คณะบริหารธุรกิจ,C,อาจารย์ ดร.กรรณิกาณ์ ด้วงเจริญ
2569,1,10200503,การประยุกต์ใช้โปรแกรมสำเร็จรูปทางธุรกิจ,2,จันทร์,0,19:00,21:00,BA 206,107,คณะบริหารธุรกิจ,L,อาจารย์ ดร.กรรณิกาณ์ ด้วงเจริญ
2569,1,10200503,การประยุกต์ใช้โปรแกรมสำเร็จรูปทางธุรกิจ,3,พฤหัสบดี,3,17:00,19:00,BA 204 ห้อง lab,107,คณะบริหารธุรกิจ,C,อาจารย์ญาณิศา ไชยศรีหา
2569,1,10200503,การประยุกต์ใช้โปรแกรมสำเร็จรูปทางธุรกิจ,3,พฤหัสบดี,3,19:00,21:00,BA 204 ห้อง lab,107,คณะบริหารธุรกิจ,L,อาจารย์ญาณิศา ไชยศรีหา
2569,1,10200503,การประยุกต์ใช้โปรแกรมสำเร็จรูปทางธุรกิจ,4,ศุกร์,4,17:00,19:00,BA 204 ห้อง lab,107,คณะบริหารธุรกิจ,C,อาจารย์ญาณิศา ไชยศรีหา
2569,1,10200503,การประยุกต์ใช้โปรแกรมสำเร็จรูปทางธุรกิจ,4,ศุกร์,4,19:00,21:00,BA 204 ห้อง lab,107,คณะบริหารธุรกิจ,L,อาจารย์ญาณิศา ไชยศรีหา
2569,1,10200503,การประยุกต์ใช้โปรแกรมสำเร็จรูปทางธุรกิจ,5,เสาร์,5,08:00,10:00,BA 204 ห้อง lab,107,คณะบริหารธุรกิจ,C,อาจารย์ธิดาทิตย์ จันคนา
2569,1,10200503,การประยุกต์ใช้โปรแกรมสำเร็จรูปทางธุรกิจ,5,เสาร์,5,10:00,12:00,BA 204 ห้อง lab,107,คณะบริหารธุรกิจ,L,อาจารย์ธิดาทิตย์ จันคนา
2569,1,10200503,การประยุกต์ใช้โปรแกรมสำเร็จรูปทางธุรกิจ,6,เสาร์,5,13:00,15:00,BA 204 ห้อง lab,107,คณะบริหารธุรกิจ,C,อาจารย์ธิดาทิตย์ จันคนา
2569,1,10200503,การประยุกต์ใช้โปรแกรมสำเร็จรูปทางธุรกิจ,6,เสาร์,5,15:00,17:00,BA 204 ห้อง lab,107,คณะบริหารธุรกิจ,L,อาจารย์ธิดาทิตย์ จันคนา
2569,1,10200503,การประยุกต์ใช้โปรแกรมสำเร็จรูปทางธุรกิจ,1,จันทร์,0,08:00,10:00,C3 COM : 801,801,,C,อาจารย์ ดร.วัชรี เลขะวิพัฒน์
2569,1,10200503,การประยุกต์ใช้โปรแกรมสำเร็จรูปทางธุรกิจ,1,พฤหัสบดี,3,08:00,10:00,C1 COM : 801,801,,L,อาจารย์ ดร.วัชรี เลขะวิพัฒน์
2569,1,10200504,การเป็นผู้ประกอบการ,1,อังคาร,1,10:00,12:00,ศร301,125,อาคารแม่โจ้ 70 ปี : สร้างปัญญาเพื่อแผ่นดิน,C,รองศาสตราจารย์ปกรณ์ อุดมธนะสารสกุล
2569,1,10200504,การเป็นผู้ประกอบการ,1,ศุกร์,4,10:00,12:00,ศร301,125,อาคารแม่โจ้ 70 ปี : สร้างปัญญาเพื่อแผ่นดิน,L,รองศาสตราจารย์ปกรณ์ อุดมธนะสารสกุล
2569,1,10200504,การเป็นผู้ประกอบการ,2,จันทร์,0,08:00,10:00,ศร301,125,อาคารแม่โจ้ 70 ปี : สร้างปัญญาเพื่อแผ่นดิน,C,รองศาสตราจารย์ปกรณ์ อุดมธนะสารสกุล
2569,1,10200504,การเป็นผู้ประกอบการ,2,พฤหัสบดี,3,08:00,10:00,ศร301,125,อาคารแม่โจ้ 70 ปี : สร้างปัญญาเพื่อแผ่นดิน,L,รองศาสตราจารย์ปกรณ์ อุดมธนะสารสกุล
2569,1,10200504,การเป็นผู้ประกอบการ,3,อังคาร,1,08:00,10:00,ศร301,125,อาคารแม่โจ้ 70 ปี : สร้างปัญญาเพื่อแผ่นดิน,C,อาจารย์ฉันทวัต วันดี
2569,1,10200504,การเป็นผู้ประกอบการ,3,ศุกร์,4,08:00,10:00,ศร301,125,อาคารแม่โจ้ 70 ปี : สร้างปัญญาเพื่อแผ่นดิน,L,อาจารย์ฉันทวัต วันดี
2569,1,10200504,การเป็นผู้ประกอบการ,4,อังคาร,1,15:00,17:00,ศร301,125,อาคารแม่โจ้ 70 ปี : สร้างปัญญาเพื่อแผ่นดิน,C,รองศาสตราจารย์ปกรณ์ อุดมธนะสารสกุล
2569,1,10200504,การเป็นผู้ประกอบการ,4,ศุกร์,4,15:00,17:00,ศร301,125,อาคารแม่โจ้ 70 ปี : สร้างปัญญาเพื่อแผ่นดิน,L,รองศาสตราจารย์ปกรณ์ อุดมธนะสารสกุล
2569,1,10200505,การตลาดบนสมาร์ทโฟน,1,อังคาร,1,16:00,17:30,ศร304,125,อาคารแม่โจ้ 70 ปี : สร้างปัญญาเพื่อแผ่นดิน,C,อาจารย์ ดร.สุตาภัทร คงเกิด
2569,1,10200505,การตลาดบนสมาร์ทโฟน,1,ศุกร์,4,16:00,17:30,ศร304,125,อาคารแม่โจ้ 70 ปี : สร้างปัญญาเพื่อแผ่นดิน,C,อาจารย์ ดร.สุตาภัทร คงเกิด
2569,1,10200505,การตลาดบนสมาร์ทโฟน,1,จันทร์,0,10:00,11:30,N109:811,811,,C,ผู้ช่วยศาสตราจารย์ ดร.น้ำฝน รักประยูร
2569,1,10200505,การตลาดบนสมาร์ทโฟน,1,พฤหัสบดี,3,10:00,11:30,N109:811,811,,L,ผู้ช่วยศาสตราจารย์ ดร.น้ำฝน รักประยูร
2569,1,10200506,การวางแผนการเงินในชีวิตประจำวัน,1,จันทร์,0,13:00,14:30,80-501,147,อาคารเรียนรวม 80 ปี,C,ผู้ช่วยศาสตราจารย์โสภณ ฟองเพชร
2569,1,10200506,การวางแผนการเงินในชีวิตประจำวัน,1,พฤหัสบดี,3,13:00,14:30,80-501,147,อาคารเรียนรวม 80 ปี,C,ผู้ช่วยศาสตราจารย์โสภณ ฟองเพชร
2569,1,10200506,การวางแผนการเงินในชีวิตประจำวัน,2,อังคาร,1,13:00,14:30,BA 304,107,คณะบริหารธุรกิจ,C,ผู้ช่วยศาสตราจารย์โสภณ ฟองเพชร
2569,1,10200506,การวางแผนการเงินในชีวิตประจำวัน,2,ศุกร์,4,13:00,14:30,BA 304,107,คณะบริหารธุรกิจ,C,ผู้ช่วยศาสตราจารย์โสภณ ฟองเพชร
2569,1,10200507,ภาษีอากรสำหรับผู้ประกอบการ,1,พฤหัสบดี,3,17:00,20:00,BA 402,107,คณะบริหารธุรกิจ,C,นางสาวณิภาวรรณ มหาไม้
2569,1,10300402,การใช้ชีวิตในสังคมดิจิทัล,1,อังคาร,1,13:00,15:00,ศร201_2,125,อาคารแม่โจ้ 70 ปี : สร้างปัญญาเพื่อแผ่นดิน,C,อาจารย์ ดร.จิราวรรณ รอนราญ
2569,1,10300402,การใช้ชีวิตในสังคมดิจิทัล,1,ศุกร์,4,13:00,15:00,ศร201_2,125,อาคารแม่โจ้ 70 ปี : สร้างปัญญาเพื่อแผ่นดิน,L,อาจารย์ ดร.จิราวรรณ รอนราญ
2569,1,10300402,การใช้ชีวิตในสังคมดิจิทัล,2,จันทร์,0,17:00,19:00,Lab IT 3202-1,105,คณะวิทยาศาสตร์,C,ผู้ช่วยศาสตราจารย์ ดร.สายัณห์ อุ่นนันกาศ; ว่าที่ร้อยตรี ดร.มาโนชญ์ ตนสิงห์
2569,1,10300402,การใช้ชีวิตในสังคมดิจิทัล,2,พฤหัสบดี,3,17:00,19:00,Lab IT 3202-1,105,คณะวิทยาศาสตร์,L,ผู้ช่วยศาสตราจารย์ ดร.สายัณห์ อุ่นนันกาศ; ว่าที่ร้อยตรี ดร.มาโนชญ์ ตนสิงห์
2569,1,10300402,การใช้ชีวิตในสังคมดิจิทัล,3,จันทร์,0,16:00,18:00,80-301,147,อาคารเรียนรวม 80 ปี,C,อาจารย์ ดร.จักรกฤช เตโช; อาจารย์ ดร.วัชรินทร์ สาระไชย
2569,1,10300402,การใช้ชีวิตในสังคมดิจิทัล,3,พฤหัสบดี,3,16:00,18:00,80-301,147,อาคารเรียนรวม 80 ปี,L,อาจารย์ ดร.จักรกฤช เตโช; อาจารย์ ดร.วัชรินทร์ สาระไชย
2569,1,10300403,โปรแกรมสำเร็จรูปเพื่อการศึกษา,1,อังคาร,1,10:00,12:00,ห้องคอม C,125,อาคารแม่โจ้ 70 ปี : สร้างปัญญาเพื่อแผ่นดิน,C,อาจารย์ทัศนีย์ ชัยยา
2569,1,10300403,โปรแกรมสำเร็จรูปเพื่อการศึกษา,1,ศุกร์,4,10:00,12:00,ห้องคอม C,125,อาคารแม่โจ้ 70 ปี : สร้างปัญญาเพื่อแผ่นดิน,L,อาจารย์ทัศนีย์ ชัยยา
2569,1,10300403,โปรแกรมสำเร็จรูปเพื่อการศึกษา,2,อังคาร,1,08:00,10:00,วิทย์ 1108,105,คณะวิทยาศาสตร์,C,อาจารย์ทัศนีย์ ชัยยา
2569,1,10300403,โปรแกรมสำเร็จรูปเพื่อการศึกษา,2,ศุกร์,4,08:00,10:00,ห้องคอม C,125,อาคารแม่โจ้ 70 ปี : สร้างปัญญาเพื่อแผ่นดิน,L,อาจารย์ทัศนีย์ ชัยยา
2569,1,10300403,โปรแกรมสำเร็จรูปเพื่อการศึกษา,1,อังคาร,1,10:00,12:00,N104:811,811,,C,อาจารย์ ดร.พัชรณัฐ ดาวดึงษ์
2569,1,10300403,โปรแกรมสำเร็จรูปเพื่อการศึกษา,1,อังคาร,1,15:00,17:00,C3 COM : 801,801,,L,อาจารย์ ดร.พัชรณัฐ ดาวดึงษ์
2569,1,10300403,โปรแกรมสำเร็จรูปเพื่อการศึกษา,2,อังคาร,1,10:00,12:00,N104:811,811,,C,อาจารย์ ดร.พัชรณัฐ ดาวดึงษ์; อาจารย์ณฐวุฒ พยัฆคิน
2569,1,10300403,โปรแกรมสำเร็จรูปเพื่อการศึกษา,2,ศุกร์,4,08:00,10:00,C3 COM : 801,801,,L,อาจารย์ ดร.พัชรณัฐ ดาวดึงษ์; อาจารย์ณฐวุฒ พยัฆคิน
2569,1,10300403,โปรแกรมสำเร็จรูปเพื่อการศึกษา,3,อังคาร,1,10:00,12:00,N104:811,811,,C,อาจารย์ ดร.พัชรณัฐ ดาวดึงษ์; อาจารย์ณฐวุฒ พยัฆคิน
2569,1,10300403,โปรแกรมสำเร็จรูปเพื่อการศึกษา,3,พฤหัสบดี,3,08:00,10:00,C3 COM : 801,801,,L,อาจารย์ ดร.พัชรณัฐ ดาวดึงษ์; อาจารย์ณฐวุฒ พยัฆคิน
2569,1,10300403,โปรแกรมสำเร็จรูปเพื่อการศึกษา,4,อังคาร,1,10:00,12:00,N104:811,811,,C,อาจารย์ ดร.พัชรณัฐ ดาวดึงษ์; อาจารย์ณฐวุฒ พยัฆคิน
2569,1,10300403,โปรแกรมสำเร็จรูปเพื่อการศึกษา,4,ศุกร์,4,10:00,12:00,C3 COM : 801,801,,L,อาจารย์ ดร.พัชรณัฐ ดาวดึงษ์; อาจารย์ณฐวุฒ พยัฆคิน
2569,1,10300404,การตัดสินใจในชีวิตประจำวัน,1,อังคาร,1,11:00,12:30,80-305 (สำรอง),147,อาคารเรียนรวม 80 ปี,C,ผู้ช่วยศาสตราจารย์ ดร.ศิริพร สมุทรวชิรวงษ์
2569,1,10300404,การตัดสินใจในชีวิตประจำวัน,1,ศุกร์,4,11:00,12:30,80-305 (สำรอง),147,อาคารเรียนรวม 80 ปี,C,ผู้ช่วยศาสตราจารย์ ดร.ศิริพร สมุทรวชิรวงษ์
2569,1,10300404,การตัดสินใจในชีวิตประจำวัน,2,อังคาร,1,13:00,14:30,80-305 (สำรอง),147,อาคารเรียนรวม 80 ปี,C,ผู้ช่วยศาสตราจารย์ ดร.ศิริพร สมุทรวชิรวงษ์
2569,1,10300404,การตัดสินใจในชีวิตประจำวัน,2,ศุกร์,4,13:00,14:30,80-305 (สำรอง),147,อาคารเรียนรวม 80 ปี,C,ผู้ช่วยศาสตราจารย์ ดร.ศิริพร สมุทรวชิรวงษ์
2569,1,10300404,การตัดสินใจในชีวิตประจำวัน,3,จันทร์,0,14:30,16:00,ศร401,125,อาคารแม่โจ้ 70 ปี : สร้างปัญญาเพื่อแผ่นดิน,C,ผู้ช่วยศาสตราจารย์ ดร.หนึ่งหทัย ชัยอาภร
2569,1,10300404,การตัดสินใจในชีวิตประจำวัน,3,พฤหัสบดี,3,14:30,16:00,ศร401,125,อาคารแม่โจ้ 70 ปี : สร้างปัญญาเพื่อแผ่นดิน,C,ผู้ช่วยศาสตราจารย์ ดร.หนึ่งหทัย ชัยอาภร
2569,1,10300404,การตัดสินใจในชีวิตประจำวัน,4,จันทร์,0,13:00,14:30,80-406,147,อาคารเรียนรวม 80 ปี,C,ผู้ช่วยศาสตราจารย์ ดร.หนึ่งหทัย ชัยอาภร
2569,1,10300404,การตัดสินใจในชีวิตประจำวัน,4,พฤหัสบดี,3,13:00,14:30,80-406,147,อาคารเรียนรวม 80 ปี,C,ผู้ช่วยศาสตราจารย์ ดร.หนึ่งหทัย ชัยอาภร
2569,1,10300404,การตัดสินใจในชีวิตประจำวัน,5,จันทร์,0,10:00,11:30,ศร204,125,อาคารแม่โจ้ 70 ปี : สร้างปัญญาเพื่อแผ่นดิน,C,ผู้ช่วยศาสตราจารย์รุ่งกานต์ ใจวงค์ยะ; ผู้ช่วยศาสตราจารย์ ดร.ศิริพร สมุทรวชิรวงษ์
2569,1,10300404,การตัดสินใจในชีวิตประจำวัน,5,พฤหัสบดี,3,10:00,11:30,ศร204,125,อาคารแม่โจ้ 70 ปี : สร้างปัญญาเพื่อแผ่นดิน,C,ผู้ช่วยศาสตราจารย์รุ่งกานต์ ใจวงค์ยะ; ผู้ช่วยศาสตราจารย์ ดร.ศิริพร สมุทรวชิรวงษ์
2569,1,10300404,การตัดสินใจในชีวิตประจำวัน,6,อังคาร,1,10:00,11:30,ศร401,125,อาคารแม่โจ้ 70 ปี : สร้างปัญญาเพื่อแผ่นดิน,C,ผู้ช่วยศาสตราจารย์รุ่งกานต์ ใจวงค์ยะ; ผู้ช่วยศาสตราจารย์ ดร.หนึ่งหทัย ชัยอาภร
2569,1,10300404,การตัดสินใจในชีวิตประจำวัน,6,ศุกร์,4,10:00,11:30,ศร401,125,อาคารแม่โจ้ 70 ปี : สร้างปัญญาเพื่อแผ่นดิน,C,ผู้ช่วยศาสตราจารย์รุ่งกานต์ ใจวงค์ยะ; ผู้ช่วยศาสตราจารย์ ดร.หนึ่งหทัย ชัยอาภร
2569,1,10300405,การคำนวณทางธุรกิจและการลงทุนสำหรับผู้ประกอบการยุคใหม่,1,จันทร์,0,10:00,12:00,ห้องคอม C,125,อาคารแม่โจ้ 70 ปี : สร้างปัญญาเพื่อแผ่นดิน,C,ผู้ช่วยศาสตราจารย์ ดร.อุไรลักษมณ์ สิงห์ทอง; ผู้ช่วยศาสตราจารย์กมลเทพ มีคำ; อาจารย์ ดร.พิกุล ศรีดารัตน์; ผู้ช่วยศาสตราจารย์ ดร.จีรวรรณ พัชรประกิติ
2569,1,10300405,การคำนวณทางธุรกิจและการลงทุนสำหรับผู้ประกอบการยุคใหม่,1,พฤหัสบดี,3,10:00,12:00,ห้องคอม C,125,อาคารแม่โจ้ 70 ปี : สร้างปัญญาเพื่อแผ่นดิน,L,ผู้ช่วยศาสตราจารย์ ดร.อุไรลักษมณ์ สิงห์ทอง; ผู้ช่วยศาสตราจารย์กมลเทพ มีคำ; อาจารย์ ดร.พิกุล ศรีดารัตน์; ผู้ช่วยศาสตราจารย์ ดร.จีรวรรณ พัชรประกิติ
2569,1,10300405,การคำนวณทางธุรกิจและการลงทุนสำหรับผู้ประกอบการยุคใหม่,2,อังคาร,1,15:00,17:00,ห้องคอม C,125,อาคารแม่โจ้ 70 ปี : สร้างปัญญาเพื่อแผ่นดิน,C,ผู้ช่วยศาสตราจารย์กมลเทพ มีคำ; อาจารย์ ดร.พิกุล ศรีดารัตน์; ผู้ช่วยศาสตราจารย์ ดร.อุไรลักษมณ์ สิงห์ทอง; ผู้ช่วยศาสตราจารย์ ดร.จีรวรรณ พัชรประกิติ
2569,1,10300405,การคำนวณทางธุรกิจและการลงทุนสำหรับผู้ประกอบการยุคใหม่,2,ศุกร์,4,15:00,17:00,ห้องคอม C,125,อาคารแม่โจ้ 70 ปี : สร้างปัญญาเพื่อแผ่นดิน,L,ผู้ช่วยศาสตราจารย์กมลเทพ มีคำ; อาจารย์ ดร.พิกุล ศรีดารัตน์; ผู้ช่วยศาสตราจารย์ ดร.อุไรลักษมณ์ สิงห์ทอง; ผู้ช่วยศาสตราจารย์ ดร.จีรวรรณ พัชรประกิติ
2569,1,10300405,การคำนวณทางธุรกิจและการลงทุนสำหรับผู้ประกอบการยุคใหม่,3,อังคาร,1,13:00,15:00,ห้องคอม C,125,อาคารแม่โจ้ 70 ปี : สร้างปัญญาเพื่อแผ่นดิน,C,อาจารย์ ดร.พิกุล ศรีดารัตน์; ผู้ช่วยศาสตราจารย์ ดร.จีรวรรณ พัชรประกิติ; ผู้ช่วยศาสตราจารย์กมลเทพ มีคำ; ผู้ช่วยศาสตราจารย์ ดร.อุไรลักษมณ์ สิงห์ทอง
2569,1,10300405,การคำนวณทางธุรกิจและการลงทุนสำหรับผู้ประกอบการยุคใหม่,3,ศุกร์,4,13:00,15:00,ห้องคอม C,125,อาคารแม่โจ้ 70 ปี : สร้างปัญญาเพื่อแผ่นดิน,L,อาจารย์ ดร.พิกุล ศรีดารัตน์; ผู้ช่วยศาสตราจารย์ ดร.จีรวรรณ พัชรประกิติ; ผู้ช่วยศาสตราจารย์กมลเทพ มีคำ; ผู้ช่วยศาสตราจารย์ ดร.อุไรลักษมณ์ สิงห์ทอง
2569,1,10300405,การคำนวณทางธุรกิจและการลงทุนสำหรับผู้ประกอบการยุคใหม่,4,จันทร์,0,15:00,17:00,ห้องคอม C,125,อาคารแม่โจ้ 70 ปี : สร้างปัญญาเพื่อแผ่นดิน,C,ผู้ช่วยศาสตราจารย์กมลเทพ มีคำ; อาจารย์ ดร.พิกุล ศรีดารัตน์; ผู้ช่วยศาสตราจารย์ ดร.อุไรลักษมณ์ สิงห์ทอง; ผู้ช่วยศาสตราจารย์ ดร.จีรวรรณ พัชรประกิติ
2569,1,10300405,การคำนวณทางธุรกิจและการลงทุนสำหรับผู้ประกอบการยุคใหม่,4,พฤหัสบดี,3,15:00,17:00,ห้องคอม C,125,อาคารแม่โจ้ 70 ปี : สร้างปัญญาเพื่อแผ่นดิน,L,ผู้ช่วยศาสตราจารย์กมลเทพ มีคำ; อาจารย์ ดร.พิกุล ศรีดารัตน์; ผู้ช่วยศาสตราจารย์ ดร.อุไรลักษมณ์ สิงห์ทอง; ผู้ช่วยศาสตราจารย์ ดร.จีรวรรณ พัชรประกิติ
2569,1,10300405,การคำนวณทางธุรกิจและการลงทุนสำหรับผู้ประกอบการยุคใหม่,1,อังคาร,1,08:00,10:00,107 : 801,801,,C,อาจารย์กรรณิการ์ มอญแก้ว; อาจารย์ ดร.วิลาสินี บุญธรรม; อาจารย์ ดร.รัชนีวรรณ คำตัน
2569,1,10300405,การคำนวณทางธุรกิจและการลงทุนสำหรับผู้ประกอบการยุคใหม่,1,ศุกร์,4,08:00,10:00,N109:811,811,,L,อาจารย์กรรณิการ์ มอญแก้ว; อาจารย์ ดร.วิลาสินี บุญธรรม; อาจารย์ ดร.รัชนีวรรณ คำตัน
2569,1,10300405,การคำนวณทางธุรกิจและการลงทุนสำหรับผู้ประกอบการยุคใหม่,2,เสาร์,5,08:00,12:00,TBA(แพร่),TBA,,C,อาจารย์ ดร.รัชนีวรรณ คำตัน; อาจารย์ ดร.วิลาสินี บุญธรรม; อาจารย์กรรณิการ์ มอญแก้ว
2569,1,10300409,คณิตศาสตร์เพื่อชีวิตสมัยใหม่,1,จันทร์,0,14:30,16:00,วิทย์ 1108,105,คณะวิทยาศาสตร์,C,ผู้ช่วยศาสตราจารย์ ดร.สิตา ชากฤษณ์; ผู้ช่วยศาสตราจารย์ ดร.พิลาศลักษณ์ ศรแก้ว; อาจารย์ ดร.ธวัชชัย เพชรธาราทิพย์
2569,1,10300409,คณิตศาสตร์เพื่อชีวิตสมัยใหม่,1,พฤหัสบดี,3,14:30,16:00,วิทย์ 1108,105,คณะวิทยาศาสตร์,C,ผู้ช่วยศาสตราจารย์ ดร.สิตา ชากฤษณ์; ผู้ช่วยศาสตราจารย์ ดร.พิลาศลักษณ์ ศรแก้ว; อาจารย์ ดร.ธวัชชัย เพชรธาราทิพย์
2569,1,10300409,คณิตศาสตร์เพื่อชีวิตสมัยใหม่,2,จันทร์,0,08:00,09:30,วิทย์ 1108,105,คณะวิทยาศาสตร์,C,
2569,1,10300409,คณิตศาสตร์เพื่อชีวิตสมัยใหม่,2,พฤหัสบดี,3,08:00,09:30,วิทย์ 1108,105,คณะวิทยาศาสตร์,C,
2569,1,10300410,ความฉลาดรู้ด้านวิทยาศาสตร์สำหรับโลกสมัยใหม่,1,จันทร์,0,09:30,11:00,วิทย์ 2205,105,คณะวิทยาศาสตร์,C,
2569,1,10300410,ความฉลาดรู้ด้านวิทยาศาสตร์สำหรับโลกสมัยใหม่,1,พฤหัสบดี,3,09:30,11:00,วิทย์ 2205,105,คณะวิทยาศาสตร์,C,
2569,1,10300410,ความฉลาดรู้ด้านวิทยาศาสตร์สำหรับโลกสมัยใหม่,2,จันทร์,0,11:00,12:30,วิทย์ 2205,105,คณะวิทยาศาสตร์,C,รองศาสตราจารย์ ดร.ดารา ภูสง่า; ว่าที่ร้อยตรี ดร.มาโนชญ์ ตนสิงห์; ผู้ช่วยศาสตราจารย์ ดร.ฐปน ชื่นบาล; ผู้ช่วยศาสตราจารย์ ดร.นิตยา ใจทนง; ผู้ช่วยศาสตราจารย์ ดร.ศุภรัตน์ นาคสิทธิพันธุ์; ผู้ช่วยศาสตราจารย์ ดร.ชนิกานต์ เอมหฤทัย; ผู้ช่วยศาสตราจารย์ ดร.นภัสถ์ จันทร์มี; ผู้ช่วยศาสตราจารย์ ดร.ศิราภรณ์ ชื่นบาล
2569,1,10300410,ความฉลาดรู้ด้านวิทยาศาสตร์สำหรับโลกสมัยใหม่,2,พฤหัสบดี,3,11:00,12:30,วิทย์ 2205,105,คณะวิทยาศาสตร์,C,รองศาสตราจารย์ ดร.ดารา ภูสง่า; ว่าที่ร้อยตรี ดร.มาโนชญ์ ตนสิงห์; ผู้ช่วยศาสตราจารย์ ดร.ฐปน ชื่นบาล; ผู้ช่วยศาสตราจารย์ ดร.นิตยา ใจทนง; ผู้ช่วยศาสตราจารย์ ดร.ศุภรัตน์ นาคสิทธิพันธุ์; ผู้ช่วยศาสตราจารย์ ดร.ชนิกานต์ เอมหฤทัย; ผู้ช่วยศาสตราจารย์ ดร.นภัสถ์ จันทร์มี; ผู้ช่วยศาสตราจารย์ ดร.ศิราภรณ์ ชื่นบาล
2569,1,10300410,ความฉลาดรู้ด้านวิทยาศาสตร์สำหรับโลกสมัยใหม่,3,อังคาร,1,09:30,11:00,วิทย์ 2205,105,คณะวิทยาศาสตร์,C,รองศาสตราจารย์ ดร.ดารา ภูสง่า; ว่าที่ร้อยตรี ดร.มาโนชญ์ ตนสิงห์; ผู้ช่วยศาสตราจารย์ ดร.ฐปน ชื่นบาล; ผู้ช่วยศาสตราจารย์ ดร.ศิราภรณ์ ชื่นบาล; ผู้ช่วยศาสตราจารย์ ดร.นภัสถ์ จันทร์มี; ผู้ช่วยศาสตราจารย์ ดร.ชนิกานต์ เอมหฤทัย; ผู้ช่วยศาสตราจารย์ ดร.ศุภรัตน์ นาคสิทธิพันธุ์; ผู้ช่วยศาสตราจารย์ ดร.นิตยา ใจทนง
2569,1,10300410,ความฉลาดรู้ด้านวิทยาศาสตร์สำหรับโลกสมัยใหม่,3,ศุกร์,4,09:30,11:00,วิทย์ 2205,105,คณะวิทยาศาสตร์,C,รองศาสตราจารย์ ดร.ดารา ภูสง่า; ว่าที่ร้อยตรี ดร.มาโนชญ์ ตนสิงห์; ผู้ช่วยศาสตราจารย์ ดร.ฐปน ชื่นบาล; ผู้ช่วยศาสตราจารย์ ดร.ศิราภรณ์ ชื่นบาล; ผู้ช่วยศาสตราจารย์ ดร.นภัสถ์ จันทร์มี; ผู้ช่วยศาสตราจารย์ ดร.ชนิกานต์ เอมหฤทัย; ผู้ช่วยศาสตราจารย์ ดร.ศุภรัตน์ นาคสิทธิพันธุ์; ผู้ช่วยศาสตราจารย์ ดร.นิตยา ใจทนง
2569,1,10300410,ความฉลาดรู้ด้านวิทยาศาสตร์สำหรับโลกสมัยใหม่,4,อังคาร,1,11:00,12:30,วิทย์ 2205,105,คณะวิทยาศาสตร์,C,ผู้ช่วยศาสตราจารย์ ดร.นิตยา ใจทนง; ว่าที่ร้อยตรี ดร.มาโนชญ์ ตนสิงห์; ผู้ช่วยศาสตราจารย์ ดร.ฐปน ชื่นบาล; ผู้ช่วยศาสตราจารย์ ดร.ศิราภรณ์ ชื่นบาล; ผู้ช่วยศาสตราจารย์ ดร.นภัสถ์ จันทร์มี; ผู้ช่วยศาสตราจารย์ ดร.ชนิกานต์ เอมหฤทัย; ผู้ช่วยศาสตราจารย์ ดร.ศุภรัตน์ นาคสิทธิพันธุ์; รองศาสตราจารย์ ดร.ดารา ภูสง่า
2569,1,10300410,ความฉลาดรู้ด้านวิทยาศาสตร์สำหรับโลกสมัยใหม่,4,ศุกร์,4,11:00,12:30,วิทย์ 2205,105,คณะวิทยาศาสตร์,C,ผู้ช่วยศาสตราจารย์ ดร.นิตยา ใจทนง; ว่าที่ร้อยตรี ดร.มาโนชญ์ ตนสิงห์; ผู้ช่วยศาสตราจารย์ ดร.ฐปน ชื่นบาล; ผู้ช่วยศาสตราจารย์ ดร.ศิราภรณ์ ชื่นบาล; ผู้ช่วยศาสตราจารย์ ดร.นภัสถ์ จันทร์มี; ผู้ช่วยศาสตราจารย์ ดร.ชนิกานต์ เอมหฤทัย; ผู้ช่วยศาสตราจารย์ ดร.ศุภรัตน์ นาคสิทธิพันธุ์; รองศาสตราจารย์ ดร.ดารา ภูสง่า
2569,1,10300411,วิทยาศาสตร์เพื่อชีวิต,1,จันทร์,0,08:00,10:00,ศร201_1,125,อาคารแม่โจ้ 70 ปี : สร้างปัญญาเพื่อแผ่นดิน,C,ผู้ช่วยศาสตราจารย์กมลเทพ มีคำ; ผู้ช่วยศาสตราจารย์ ดร.พรพรรณ อุตมัง; อาจารย์ ดร.สุภาพร ดาวทอง; ผู้ช่วยศาสตราจารย์ ดร.จุฑามาศ มณีวงศ์; ผู้ช่วยศาสตราจารย์ ดร.นภัสถ์ จันทร์มี; ผู้ช่วยศาสตราจารย์ ดร.ยุพเยาว์ คบพิมาย; ผู้ช่วยศาสตราจารย์ ดร.โชคชัย ยาทองไชย; ผู้ช่วยศาสตราจารย์ ดร.ทิพปภา พิสิษฐ์กุล; รองศาสตราจารย์ ดร.ชูพงษ์ ภาคภูมิ; ผู้ช่วยศาสตราจารย์ ดร.ชนิกานต์ เอมหฤทัย
2569,1,10300411,วิทยาศาสตร์เพื่อชีวิต,1,พฤหัสบดี,3,08:00,10:00,ศร201_1,125,อาคารแม่โจ้ 70 ปี : สร้างปัญญาเพื่อแผ่นดิน,L,ผู้ช่วยศาสตราจารย์กมลเทพ มีคำ; ผู้ช่วยศาสตราจารย์ ดร.พรพรรณ อุตมัง; อาจารย์ ดร.สุภาพร ดาวทอง; ผู้ช่วยศาสตราจารย์ ดร.จุฑามาศ มณีวงศ์; ผู้ช่วยศาสตราจารย์ ดร.นภัสถ์ จันทร์มี; ผู้ช่วยศาสตราจารย์ ดร.ยุพเยาว์ คบพิมาย; ผู้ช่วยศาสตราจารย์ ดร.โชคชัย ยาทองไชย; ผู้ช่วยศาสตราจารย์ ดร.ทิพปภา พิสิษฐ์กุล; รองศาสตราจารย์ ดร.ชูพงษ์ ภาคภูมิ; ผู้ช่วยศาสตราจารย์ ดร.ชนิกานต์ เอมหฤทัย
2569,1,10300411,วิทยาศาสตร์เพื่อชีวิต,2,จันทร์,0,15:00,17:00,ศร201_1,125,อาคารแม่โจ้ 70 ปี : สร้างปัญญาเพื่อแผ่นดิน,C,รองศาสตราจารย์ ดร.ช่อทิพา สกูลสิงหาโรจน์; รองศาสตราจารย์ ดร.ชูพงษ์ ภาคภูมิ; อาจารย์ ดร.สุภาพร ดาวทอง; อาจารย์ ดร.พิชามญชุ์ ลิ่มเจริญชาติ; ผู้ช่วยศาสตราจารย์ ดร.นภัสถ์ จันทร์มี; ผู้ช่วยศาสตราจารย์ ดร.ชนิกานต์ เอมหฤทัย; ผู้ช่วยศาสตราจารย์ ดร.โชคชัย ยาทองไชย; ผู้ช่วยศาสตราจารย์ ดร.ทิพปภา พิสิษฐ์กุล; ผู้ช่วยศาสตราจารย์ ดร.พรพรรณ อุตมัง; ผู้ช่วยศาสตราจารย์กมลเทพ มีคำ
2569,1,10300411,วิทยาศาสตร์เพื่อชีวิต,2,พฤหัสบดี,3,15:00,17:00,ศร201_1,125,อาคารแม่โจ้ 70 ปี : สร้างปัญญาเพื่อแผ่นดิน,L,รองศาสตราจารย์ ดร.ช่อทิพา สกูลสิงหาโรจน์; รองศาสตราจารย์ ดร.ชูพงษ์ ภาคภูมิ; อาจารย์ ดร.สุภาพร ดาวทอง; อาจารย์ ดร.พิชามญชุ์ ลิ่มเจริญชาติ; ผู้ช่วยศาสตราจารย์ ดร.นภัสถ์ จันทร์มี; ผู้ช่วยศาสตราจารย์ ดร.ชนิกานต์ เอมหฤทัย; ผู้ช่วยศาสตราจารย์ ดร.โชคชัย ยาทองไชย; ผู้ช่วยศาสตราจารย์ ดร.ทิพปภา พิสิษฐ์กุล; ผู้ช่วยศาสตราจารย์ ดร.พรพรรณ อุตมัง; ผู้ช่วยศาสตราจารย์กมลเทพ มีคำ
2569,1,10300411,วิทยาศาสตร์เพื่อชีวิต,3,จันทร์,0,13:00,15:00,ศร201_1,125,อาคารแม่โจ้ 70 ปี : สร้างปัญญาเพื่อแผ่นดิน,C,รองศาสตราจารย์ ดร.ชูพงษ์ ภาคภูมิ; ผู้ช่วยศาสตราจารย์กมลเทพ มีคำ; ผู้ช่วยศาสตราจารย์ ดร.นภัสถ์ จันทร์มี; ผู้ช่วยศาสตราจารย์ ดร.จุฑามาศ มณีวงศ์; ผู้ช่วยศาสตราจารย์ ดร.ชนิกานต์ เอมหฤทัย; ผู้ช่วยศาสตราจารย์ ดร.นฤมล เข็มกลัดเงิน; ผู้ช่วยศาสตราจารย์ ดร.โชคชัย ยาทองไชย; ผู้ช่วยศาสตราจารย์ ดร.ทิพปภา พิสิษฐ์กุล; ผู้ช่วยศาสตราจารย์ ดร.พรพรรณ อุตมัง; อาจารย์ ดร.สุภาพร ดาวทอง
2569,1,10300411,วิทยาศาสตร์เพื่อชีวิต,3,พฤหัสบดี,3,13:00,15:00,ศร201_1,125,อาคารแม่โจ้ 70 ปี : สร้างปัญญาเพื่อแผ่นดิน,L,รองศาสตราจารย์ ดร.ชูพงษ์ ภาคภูมิ; ผู้ช่วยศาสตราจารย์กมลเทพ มีคำ; ผู้ช่วยศาสตราจารย์ ดร.นภัสถ์ จันทร์มี; ผู้ช่วยศาสตราจารย์ ดร.จุฑามาศ มณีวงศ์; ผู้ช่วยศาสตราจารย์ ดร.ชนิกานต์ เอมหฤทัย; ผู้ช่วยศาสตราจารย์ ดร.นฤมล เข็มกลัดเงิน; ผู้ช่วยศาสตราจารย์ ดร.โชคชัย ยาทองไชย; ผู้ช่วยศาสตราจารย์ ดร.ทิพปภา พิสิษฐ์กุล; ผู้ช่วยศาสตราจารย์ ดร.พรพรรณ อุตมัง; อาจารย์ ดร.สุภาพร ดาวทอง
2569,1,10300411,วิทยาศาสตร์เพื่อชีวิต,4,จันทร์,0,17:00,19:00,3102,141,อาคารจุฬาภรณ์,C,ผู้ช่วยศาสตราจารย์ ดร.พรพรรณ อุตมัง; รองศาสตราจารย์ ดร.ช่อทิพา สกูลสิงหาโรจน์; อาจารย์ ดร.สุภาพร ดาวทอง; อาจารย์ ดร.พิชามญชุ์ ลิ่มเจริญชาติ; ผู้ช่วยศาสตราจารย์ ดร.ทิพปภา พิสิษฐ์กุล; รองศาสตราจารย์ ดร.ชูพงษ์ ภาคภูมิ; ผู้ช่วยศาสตราจารย์ ดร.นภัสถ์ จันทร์มี; ผู้ช่วยศาสตราจารย์กมลเทพ มีคำ; ผู้ช่วยศาสตราจารย์ ดร.ชนิกานต์ เอมหฤทัย; ผู้ช่วยศาสตราจารย์ ดร.โชคชัย ยาทองไชย
2569,1,10300411,วิทยาศาสตร์เพื่อชีวิต,4,พฤหัสบดี,3,17:00,19:00,3102,141,อาคารจุฬาภรณ์,L,ผู้ช่วยศาสตราจารย์ ดร.พรพรรณ อุตมัง; รองศาสตราจารย์ ดร.ช่อทิพา สกูลสิงหาโรจน์; อาจารย์ ดร.สุภาพร ดาวทอง; อาจารย์ ดร.พิชามญชุ์ ลิ่มเจริญชาติ; ผู้ช่วยศาสตราจารย์ ดร.ทิพปภา พิสิษฐ์กุล; รองศาสตราจารย์ ดร.ชูพงษ์ ภาคภูมิ; ผู้ช่วยศาสตราจารย์ ดร.นภัสถ์ จันทร์มี; ผู้ช่วยศาสตราจารย์กมลเทพ มีคำ; ผู้ช่วยศาสตราจารย์ ดร.ชนิกานต์ เอมหฤทัย; ผู้ช่วยศาสตราจารย์ ดร.โชคชัย ยาทองไชย
2569,1,10300411,วิทยาศาสตร์เพื่อชีวิต,5,อังคาร,1,17:00,19:00,3102,141,อาคารจุฬาภรณ์,C,ผู้ช่วยศาสตราจารย์กมลเทพ มีคำ; รองศาสตราจารย์ ดร.ชูพงษ์ ภาคภูมิ; อาจารย์ ดร.พิชามญชุ์ ลิ่มเจริญชาติ; อาจารย์ ดร.สุภาพร ดาวทอง; รองศาสตราจารย์ ดร.ธีรพล ธุระกิจเสรี; ผู้ช่วยศาสตราจารย์ ดร.โชคชัย ยาทองไชย; ผู้ช่วยศาสตราจารย์ ดร.พรพรรณ อุตมัง; ผู้ช่วยศาสตราจารย์ ดร.ทิพปภา พิสิษฐ์กุล; ผู้ช่วยศาสตราจารย์ ดร.ชนิกานต์ เอมหฤทัย; ผู้ช่วยศาสตราจารย์ ดร.นฤมล เข็มกลัดเงิน; ผู้ช่วยศาสตราจารย์ ดร.นภัสถ์ จันทร์มี
2569,1,10300411,วิทยาศาสตร์เพื่อชีวิต,5,ศุกร์,4,17:00,19:00,3102,141,อาคารจุฬาภรณ์,L,ผู้ช่วยศาสตราจารย์กมลเทพ มีคำ; รองศาสตราจารย์ ดร.ชูพงษ์ ภาคภูมิ; อาจารย์ ดร.พิชามญชุ์ ลิ่มเจริญชาติ; อาจารย์ ดร.สุภาพร ดาวทอง; รองศาสตราจารย์ ดร.ธีรพล ธุระกิจเสรี; ผู้ช่วยศาสตราจารย์ ดร.โชคชัย ยาทองไชย; ผู้ช่วยศาสตราจารย์ ดร.พรพรรณ อุตมัง; ผู้ช่วยศาสตราจารย์ ดร.ทิพปภา พิสิษฐ์กุล; ผู้ช่วยศาสตราจารย์ ดร.ชนิกานต์ เอมหฤทัย; ผู้ช่วยศาสตราจารย์ ดร.นฤมล เข็มกลัดเงิน; ผู้ช่วยศาสตราจารย์ ดร.นภัสถ์ จันทร์มี
2569,1,10300412,การพัฒนาวิทยาศาสตร์และเทคโนโลยี,1,จันทร์,0,10:00,12:00,ศร201_1,125,อาคารแม่โจ้ 70 ปี : สร้างปัญญาเพื่อแผ่นดิน,C,รองศาสตราจารย์ ดร.แสงทอง พงษ์เจริญกิต; รองศาสตราจารย์ ดร.อรุณี คงดี อัลเดรด; ผู้ช่วยศาสตราจารย์ ดร.ทิพปภา พิสิษฐ์กุล; อาจารย์ ดร.เนตราพร ไชยสุวรรณากรณ์; รองศาสตราจารย์ ดร.กนกวรรณ กรรเชียง; รองศาสตราจารย์ ดร.ธีรพล ธุระกิจเสรี; ผู้ช่วยศาสตราจารย์ ดร.สุภารัตน์ ลีธนัชอุดม; รองศาสตราจารย์ ดร.ชูพงษ์ ภาคภูมิ; ผู้ช่วยศาสตราจารย์ ดร.ปราณรวีร์ สุขันธ์; ผู้ช่วยศาสตราจารย์ ดร.ธวัฒน์ สร้อยทอง; รองศาสตราจารย์ ดร.ฐิติพรรณ ฉิมสุข; ผู้ช่วยศาสตราจารย์ ดร.เรวดี วงศ์มณีรุ่ง; ผู้ช่วยศาสตราจารย์ ดร.สุพัตรา วงศ์แสนใหม่; อาจารย์ ดร.กีรติญา จันทร์ผง
2569,1,10300412,การพัฒนาวิทยาศาสตร์และเทคโนโลยี,1,พฤหัสบดี,3,10:00,12:00,ศร201_1,125,อาคารแม่โจ้ 70 ปี : สร้างปัญญาเพื่อแผ่นดิน,L,รองศาสตราจารย์ ดร.แสงทอง พงษ์เจริญกิต; รองศาสตราจารย์ ดร.อรุณี คงดี อัลเดรด; ผู้ช่วยศาสตราจารย์ ดร.ทิพปภา พิสิษฐ์กุล; อาจารย์ ดร.เนตราพร ไชยสุวรรณากรณ์; รองศาสตราจารย์ ดร.กนกวรรณ กรรเชียง; รองศาสตราจารย์ ดร.ธีรพล ธุระกิจเสรี; ผู้ช่วยศาสตราจารย์ ดร.สุภารัตน์ ลีธนัชอุดม; รองศาสตราจารย์ ดร.ชูพงษ์ ภาคภูมิ; ผู้ช่วยศาสตราจารย์ ดร.ปราณรวีร์ สุขันธ์; ผู้ช่วยศาสตราจารย์ ดร.ธวัฒน์ สร้อยทอง; รองศาสตราจารย์ ดร.ฐิติพรรณ ฉิมสุข; ผู้ช่วยศาสตราจารย์ ดร.เรวดี วงศ์มณีรุ่ง; ผู้ช่วยศาสตราจารย์ ดร.สุพัตรา วงศ์แสนใหม่; อาจารย์ ดร.กีรติญา จันทร์ผง
2569,1,10300412,การพัฒนาวิทยาศาสตร์และเทคโนโลยี,1,อาทิตย์,6,08:00,10:00,วิทย์ 2105,105,คณะวิทยาศาสตร์,C,รองศาสตราจารย์ ดร.แสงทอง พงษ์เจริญกิต; อาจารย์ ดร.เนตราพร ไชยสุวรรณากรณ์; รองศาสตราจารย์ ดร.กนกวรรณ กรรเชียง; รองศาสตราจารย์ ดร.ธีรพล ธุระกิจเสรี; ผู้ช่วยศาสตราจารย์ ดร.สุภารัตน์ ลีธนัชอุดม; รองศาสตราจารย์ ดร.ชูพงษ์ ภาคภูมิ; ผู้ช่วยศาสตราจารย์ ดร.ทิพปภา พิสิษฐ์กุล; ผู้ช่วยศาสตราจารย์ ดร.ธวัฒน์ สร้อยทอง; รองศาสตราจารย์ ดร.ฐิติพรรณ ฉิมสุข; ผู้ช่วยศาสตราจารย์ ดร.เรวดี วงศ์มณีรุ่ง; ผู้ช่วยศาสตราจารย์ ดร.สุพัตรา วงศ์แสนใหม่; อาจารย์ ดร.กีรติญา จันทร์ผง; รองศาสตราจารย์ ดร.อรุณี คงดี อัลเดรด; ผู้ช่วยศาสตราจารย์ ดร.ปราณรวีร์ สุขันธ์
2569,1,10300412,การพัฒนาวิทยาศาสตร์และเทคโนโลยี,1,อาทิตย์,6,10:00,12:00,วิทย์ 2105,105,คณะวิทยาศาสตร์,L,รองศาสตราจารย์ ดร.แสงทอง พงษ์เจริญกิต; อาจารย์ ดร.เนตราพร ไชยสุวรรณากรณ์; รองศาสตราจารย์ ดร.กนกวรรณ กรรเชียง; รองศาสตราจารย์ ดร.ธีรพล ธุระกิจเสรี; ผู้ช่วยศาสตราจารย์ ดร.สุภารัตน์ ลีธนัชอุดม; รองศาสตราจารย์ ดร.ชูพงษ์ ภาคภูมิ; ผู้ช่วยศาสตราจารย์ ดร.ทิพปภา พิสิษฐ์กุล; ผู้ช่วยศาสตราจารย์ ดร.ธวัฒน์ สร้อยทอง; รองศาสตราจารย์ ดร.ฐิติพรรณ ฉิมสุข; ผู้ช่วยศาสตราจารย์ ดร.เรวดี วงศ์มณีรุ่ง; ผู้ช่วยศาสตราจารย์ ดร.สุพัตรา วงศ์แสนใหม่; อาจารย์ ดร.กีรติญา จันทร์ผง; รองศาสตราจารย์ ดร.อรุณี คงดี อัลเดรด; ผู้ช่วยศาสตราจารย์ ดร.ปราณรวีร์ สุขันธ์
2569,1,10300413,วิทยาศาสตร์รอบตัวในศตวรรษที่ 21,1,จันทร์,0,08:00,10:00,วิทย์ 2105,105,คณะวิทยาศาสตร์,C,รองศาสตราจารย์ ดร.อรุณี คงดี อัลเดรด; ผู้ช่วยศาสตราจารย์ ดร.อุษารัตน์ รัตนคำนวณ; ผู้ช่วยศาสตราจารย์ ดร.ศักดินันท์ นันตัง; ผู้ช่วยศาสตราจารย์ ดร.ณัฐพล เลาห์รอดพันธุ์; รองศาสตราจารย์ ดร.พัชรี อินธนู; ผู้ช่วยศาสตราจารย์ ดร.สุรศักดิ์ กุยมาลี
2569,1,10300413,วิทยาศาสตร์รอบตัวในศตวรรษที่ 21,1,พฤหัสบดี,3,08:00,10:00,วิทย์ 2105,105,คณะวิทยาศาสตร์,L,รองศาสตราจารย์ ดร.อรุณี คงดี อัลเดรด; ผู้ช่วยศาสตราจารย์ ดร.อุษารัตน์ รัตนคำนวณ; ผู้ช่วยศาสตราจารย์ ดร.ศักดินันท์ นันตัง; ผู้ช่วยศาสตราจารย์ ดร.ณัฐพล เลาห์รอดพันธุ์; รองศาสตราจารย์ ดร.พัชรี อินธนู; ผู้ช่วยศาสตราจารย์ ดร.สุรศักดิ์ กุยมาลี
2569,1,10301111,การเขียนโปรแกรมเบื้องต้น,1,อังคาร,1,09:30,11:30,Lab คอม3-4,105,คณะวิทยาศาสตร์,C,ผู้ช่วยศาสตราจารย์ภานุวัฒน์ เมฆะ
2569,1,10301111,การเขียนโปรแกรมเบื้องต้น,1,พุธ,2,09:00,12:00,Lab คอม3-4,105,คณะวิทยาศาสตร์,L,ผู้ช่วยศาสตราจารย์ภานุวัฒน์ เมฆะ
2569,1,10301112,เทคโนโลยีสารสนเทศและการสื่อสาร,1,อังคาร,1,12:30,14:30,3203,141,อาคารจุฬาภรณ์,C,นางสาวช่อทิพย์ สิทธิ; นางสาวสุภาพรรณ อนุตรกุล; นางสาวพัชรี ยางยืน; ผู้ช่วยศาสตราจารย์ ดร.ปวีณ เขื่อนแก้ว; นายประทีป สุขสมัย
2569,1,10301112,เทคโนโลยีสารสนเทศและการสื่อสาร,1,ศุกร์,4,10:00,13:00,Lab คอม3-4,105,คณะวิทยาศาสตร์,L,นางสาวช่อทิพย์ สิทธิ; นางสาวสุภาพรรณ อนุตรกุล; นางสาวพัชรี ยางยืน; ผู้ช่วยศาสตราจารย์ ดร.ปวีณ เขื่อนแก้ว; นายประทีป สุขสมัย
2569,1,10301211,คณิตศาสตร์สำหรับวิทยาการคอมพิวเตอร์,1,อังคาร,1,08:30,10:00,3203,141,อาคารจุฬาภรณ์,C,อาจารย์ ดร.พยุงศักดิ์ เกษมสำราญ
2569,1,10301211,คณิตศาสตร์สำหรับวิทยาการคอมพิวเตอร์,1,ศุกร์,4,08:30,10:00,3203,141,อาคารจุฬาภรณ์,C,อาจารย์ ดร.พยุงศักดิ์ เกษมสำราญ
2569,1,10301222,โครงสร้างข้อมูลและอัลกอริทึม,1,อังคาร,1,15:00,17:00,Lab คอม3-4,105,คณะวิทยาศาสตร์,C,ผู้ช่วยศาสตราจารย์ ดร.ปวีณ เขื่อนแก้ว; ผู้ช่วยศาสตราจารย์ ดร.บุรัสกร นันทดิลก
2569,1,10301222,โครงสร้างข้อมูลและอัลกอริทึม,1,พุธ,2,09:00,12:00,3203,141,อาคารจุฬาภรณ์,L,ผู้ช่วยศาสตราจารย์ ดร.ปวีณ เขื่อนแก้ว; ผู้ช่วยศาสตราจารย์ ดร.บุรัสกร นันทดิลก
2569,1,10301223,ฐานข้อมูลโครงสร้างเชิงสัมพันธ์,1,อังคาร,1,13:00,15:00,Lab คอม3-4,105,คณะวิทยาศาสตร์,C,อาจารย์อรรถวิท ชังคมานนท์; ผู้ช่วยศาสตราจารย์ก่องกาญจน์ ดุลยไชย
2569,1,10301223,ฐานข้อมูลโครงสร้างเชิงสัมพันธ์,1,พฤหัสบดี,3,09:00,12:00,Lab คอม3-4,105,คณะวิทยาศาสตร์,L,อาจารย์อรรถวิท ชังคมานนท์; ผู้ช่วยศาสตราจารย์ก่องกาญจน์ ดุลยไชย
2569,1,10301225,วิศวกรรมซอฟต์แวร์,1,จันทร์,0,13:00,15:00,Lab คอม3-4,105,คณะวิทยาศาสตร์,C,ผู้ช่วยศาสตราจารย์ ดร.สมนึก สินธุปวน; อาจารย์อลงกต กองมณี
2569,1,10301225,วิศวกรรมซอฟต์แวร์,1,ศุกร์,4,13:00,16:00,Lab คอม3-4,105,คณะวิทยาศาสตร์,L,ผู้ช่วยศาสตราจารย์ ดร.สมนึก สินธุปวน; อาจารย์อลงกต กองมณี
2569,1,10301231,เว็บเทคโนโลยี,1,พฤหัสบดี,3,13:00,15:00,Lab คอม3-4,105,คณะวิทยาศาสตร์,C,อาจารย์อรรถวิท ชังคมานนท์
2569,1,10301231,เว็บเทคโนโลยี,1,จันทร์,0,09:00,12:00,Lab คอม3-4,105,คณะวิทยาศาสตร์,L,อาจารย์อรรถวิท ชังคมานนท์
2569,1,10301314,หลักการเขียนโปรแกรมเชิงวัตถุ,1,จันทร์,0,13:00,15:00,บรรยาย คอม 8,105,คณะวิทยาศาสตร์,C,ผู้ช่วยศาสตราจารย์ก่องกาญจน์ ดุลยไชย
2569,1,10301314,หลักการเขียนโปรแกรมเชิงวัตถุ,1,ศุกร์,4,09:00,12:00,บรรยาย คอม 6,105,คณะวิทยาศาสตร์,L,ผู้ช่วยศาสตราจารย์ก่องกาญจน์ ดุลยไชย
2569,1,10301341,การเข้ารหัสและความปลอดภัยในเครือข่าย,1,จันทร์,0,10:00,12:00,Lab คอม2,105,คณะวิทยาศาสตร์,C,ผู้ช่วยศาสตราจารย์ ดร.สนิท สิทธิ
2569,1,10301341,การเข้ารหัสและความปลอดภัยในเครือข่าย,1,อังคาร,1,09:00,12:00,Lab คอม2,105,คณะวิทยาศาสตร์,L,ผู้ช่วยศาสตราจารย์ ดร.สนิท สิทธิ
2569,1,10301342,การประมวลผลแบบกลุ่มเมฆ,1,จันทร์,0,13:00,15:00,บรรยาย คอม 7,105,คณะวิทยาศาสตร์,C,ผู้ช่วยศาสตราจารย์ ดร.สนิท สิทธิ
2569,1,10301342,การประมวลผลแบบกลุ่มเมฆ,1,พุธ,2,09:00,12:00,Lab คอม2,105,คณะวิทยาศาสตร์,L,ผู้ช่วยศาสตราจารย์ ดร.สนิท สิทธิ
2569,1,10301351,วิทยาการข้อมูล,1,จันทร์,0,13:00,15:00,Sci Digital Lab,105,คณะวิทยาศาสตร์,C,ผู้ช่วยศาสตราจารย์ ดร.พาสน์ ปราโมกข์ชน
2569,1,10301351,วิทยาการข้อมูล,1,พฤหัสบดี,3,13:00,16:00,Sci Digital Lab,105,คณะวิทยาศาสตร์,L,ผู้ช่วยศาสตราจารย์ ดร.พาสน์ ปราโมกข์ชน
2569,1,10301351,วิทยาการข้อมูล,2,จันทร์,0,10:00,12:00,Sci Digital Lab,105,คณะวิทยาศาสตร์,C,ผู้ช่วยศาสตราจารย์ ดร.พาสน์ ปราโมกข์ชน
2569,1,10301351,วิทยาการข้อมูล,2,อังคาร,1,13:00,16:00,Sci Digital Lab,105,คณะวิทยาศาสตร์,L,ผู้ช่วยศาสตราจารย์ ดร.พาสน์ ปราโมกข์ชน
2569,1,10301364,ตรรกศาสตร์เชิงดิจิทัลและอุปกรณ์อัจฉริยะ,1,จันทร์,0,13:00,15:00,Lab คอม2,105,คณะวิทยาศาสตร์,C,ผู้ช่วยศาสตราจารย์ ดร.ปวีณ เขื่อนแก้ว
2569,1,10301364,ตรรกศาสตร์เชิงดิจิทัลและอุปกรณ์อัจฉริยะ,1,พฤหัสบดี,3,09:00,12:00,Lab คอม2,105,คณะวิทยาศาสตร์,L,ผู้ช่วยศาสตราจารย์ ดร.ปวีณ เขื่อนแก้ว
2569,1,10301366,วิทยาการสมองกลฝังตัว,1,จันทร์,0,13:00,15:00,Lab คอม 5,105,คณะวิทยาศาสตร์,C,อาจารย์ ดร.กิตติกร หาญตระกูล
2569,1,10301366,วิทยาการสมองกลฝังตัว,1,อังคาร,1,10:00,13:00,Lab คอม 5,105,คณะวิทยาศาสตร์,L,อาจารย์ ดร.กิตติกร หาญตระกูล
2569,1,10301371,ปัญญาประดิษฐ์,1,อังคาร,1,10:00,12:00,3203,141,อาคารจุฬาภรณ์,C,อาจารย์ ดร.พยุงศักดิ์ เกษมสำราญ
2569,1,10301371,ปัญญาประดิษฐ์,1,ศุกร์,4,13:00,16:00,Lab คอม2,105,คณะวิทยาศาสตร์,L,อาจารย์ ดร.พยุงศักดิ์ เกษมสำราญ
2569,1,10301374,การประมวลผลภาษาธรรมชาติ,1,พฤหัสบดี,3,13:00,15:00,บรรยาย คอม 8,105,คณะวิทยาศาสตร์,C,ผู้ช่วยศาสตราจารย์ ดร.สมนึก สินธุปวน
2569,1,10301374,การประมวลผลภาษาธรรมชาติ,1,ศุกร์,4,09:00,12:00,Lab คอม2,105,คณะวิทยาศาสตร์,L,ผู้ช่วยศาสตราจารย์ ดร.สมนึก สินธุปวน
2569,1,10301385,ระบบบริหารสารสนเทศเพื่อการจัดการ,1,จันทร์,0,15:00,17:00,บรรยาย คอม 6,105,คณะวิทยาศาสตร์,C,อาจารย์ ดร.กิตติกร หาญตระกูล
2569,1,10301385,ระบบบริหารสารสนเทศเพื่อการจัดการ,1,พฤหัสบดี,3,14:00,17:00,บรรยาย คอม 6,105,คณะวิทยาศาสตร์,L,อาจารย์ ดร.กิตติกร หาญตระกูล
2569,1,10301391,หัวข้อพิเศษทางวิทยาการคอมพิวเตอร์ 1,1,อังคาร,1,13:00,15:00,บรรยาย คอม 6,105,คณะวิทยาศาสตร์,C,อาจารย์อลงกต กองมณี
2569,1,10301391,หัวข้อพิเศษทางวิทยาการคอมพิวเตอร์ 1,1,พฤหัสบดี,3,10:00,13:00,บรรยาย คอม 6,105,คณะวิทยาศาสตร์,L,อาจารย์อลงกต กองมณี
2569,1,10301491,สัมมนาวิชาการทางวิทยาการคอมพิวเตอร์,1,จันทร์,0,09:00,12:00,บรรยาย คอม 8,105,คณะวิทยาศาสตร์,C,ผู้ช่วยศาสตราจารย์ภานุวัฒน์ เมฆะ
2569,1,10304205,ความน่าจะเป็นและสถิติ,1,จันทร์,0,13:00,14:30,วิทย์ 2507/1,105,คณะวิทยาศาสตร์,C,ผู้ช่วยศาสตราจารย์ ดร.ทวีศักดิ์ จันทร์งาม
2569,1,10304205,ความน่าจะเป็นและสถิติ,1,พฤหัสบดี,3,13:00,14:30,วิทย์ 2507/1,105,คณะวิทยาศาสตร์,C,ผู้ช่วยศาสตราจารย์ ดร.ทวีศักดิ์ จันทร์งาม
2569,1,10305100,คณิตศาสตร์ขั้นพื้นฐาน,1,อังคาร,1,11:00,12:30,วิทย์ 2507/2,105,คณะวิทยาศาสตร์,C,รองศาสตราจารย์พัฒนพงศ์ เทียนชัย
2569,1,10305100,คณิตศาสตร์ขั้นพื้นฐาน,1,ศุกร์,4,11:00,12:30,วิทย์ 2507/2,105,คณะวิทยาศาสตร์,C,รองศาสตราจารย์พัฒนพงศ์ เทียนชัย
2569,1,10305100,คณิตศาสตร์ขั้นพื้นฐาน,2,จันทร์,0,11:00,12:30,วิทย์ 2507/2,105,คณะวิทยาศาสตร์,C,รองศาสตราจารย์พัฒนพงศ์ เทียนชัย
2569,1,10305100,คณิตศาสตร์ขั้นพื้นฐาน,2,พฤหัสบดี,3,11:00,12:30,วิทย์ 2507/2,105,คณะวิทยาศาสตร์,C,รองศาสตราจารย์พัฒนพงศ์ เทียนชัย
2569,1,10305100,คณิตศาสตร์ขั้นพื้นฐาน,3,จันทร์,0,13:00,14:30,วิทย์ 2507/2,105,คณะวิทยาศาสตร์,C,อาจารย์ ดร.พศิน มรุปัณฑ์ธร
2569,1,10305100,คณิตศาสตร์ขั้นพื้นฐาน,3,พฤหัสบดี,3,13:00,14:30,วิทย์ 2507/2,105,คณะวิทยาศาสตร์,C,อาจารย์ ดร.พศิน มรุปัณฑ์ธร
2569,1,10305100,คณิตศาสตร์ขั้นพื้นฐาน,4,อังคาร,1,09:30,11:00,วิทย์ 2507/2,105,คณะวิทยาศาสตร์,C,อาจารย์ ดร.พศิน มรุปัณฑ์ธร
2569,1,10305100,คณิตศาสตร์ขั้นพื้นฐาน,4,ศุกร์,4,09:30,11:00,วิทย์ 2507/2,105,คณะวิทยาศาสตร์,C,อาจารย์ ดร.พศิน มรุปัณฑ์ธร
2569,1,10305103,แคลคูลัสสำหรับวิศวกรรม 1,1,อังคาร,1,13:00,14:30,วิทย์ 2507/2,105,คณะวิทยาศาสตร์,C,ผู้ช่วยศาสตราจารย์ ดร.เจนจิรา ทิพย์ชะ
2569,1,10305103,แคลคูลัสสำหรับวิศวกรรม 1,1,ศุกร์,4,13:00,14:30,วิทย์ 2507/2,105,คณะวิทยาศาสตร์,C,ผู้ช่วยศาสตราจารย์ ดร.เจนจิรา ทิพย์ชะ
2569,1,10305103,แคลคูลัสสำหรับวิศวกรรม 1,2,จันทร์,0,08:00,09:30,วิทย์ 2507/2,105,คณะวิทยาศาสตร์,C,รองศาสตราจารย์ ดร.วันจักร สาทสนิท
2569,1,10305103,แคลคูลัสสำหรับวิศวกรรม 1,2,พฤหัสบดี,3,08:00,09:30,วิทย์ 2507/2,105,คณะวิทยาศาสตร์,C,รองศาสตราจารย์ ดร.วันจักร สาทสนิท
2569,1,10305105,คณิตศาสตร์สำหรับบริหารธุรกิจและเศรษฐศาสตร์ 1,1,อังคาร,1,13:00,14:30,วิทย์ 1108,105,คณะวิทยาศาสตร์,C,ผู้ช่วยศาสตราจารย์เยาวลักษณ์ คงธรรม; อาจารย์ ดร.พิกุล ศรีดารัตน์
2569,1,10305105,คณิตศาสตร์สำหรับบริหารธุรกิจและเศรษฐศาสตร์ 1,1,ศุกร์,4,13:00,14:30,วิทย์ 1108,105,คณะวิทยาศาสตร์,C,ผู้ช่วยศาสตราจารย์เยาวลักษณ์ คงธรรม; อาจารย์ ดร.พิกุล ศรีดารัตน์
2569,1,10305105,คณิตศาสตร์สำหรับบริหารธุรกิจและเศรษฐศาสตร์ 1,2,จันทร์,0,11:00,12:30,Lab คณิต 4,105,คณะวิทยาศาสตร์,C,อาจารย์ ดร.ธวัชชัย เพชรธาราทิพย์
2569,1,10305105,คณิตศาสตร์สำหรับบริหารธุรกิจและเศรษฐศาสตร์ 1,2,พฤหัสบดี,3,11:00,12:30,Lab คณิต 4,105,คณะวิทยาศาสตร์,C,อาจารย์ ดร.ธวัชชัย เพชรธาราทิพย์
2569,1,10305108,แคลคูลัสสำหรับวิทยาศาสตร์และเทคโนโลยี,1,อังคาร,1,14:30,16:00,Lab คณิต 4,105,คณะวิทยาศาสตร์,C,ผู้ช่วยศาสตราจารย์ ดร.เจนจิรา ทิพย์ชะ
2569,1,10305108,แคลคูลัสสำหรับวิทยาศาสตร์และเทคโนโลยี,1,ศุกร์,4,14:30,16:00,Lab คณิต 4,105,คณะวิทยาศาสตร์,C,ผู้ช่วยศาสตราจารย์ ดร.เจนจิรา ทิพย์ชะ
2569,1,10305108,แคลคูลัสสำหรับวิทยาศาสตร์และเทคโนโลยี,2,อังคาร,1,08:00,09:30,วิทย์ 2105,105,คณะวิทยาศาสตร์,C,ผู้ช่วยศาสตราจารย์ ดร.เจนจิรา ทิพย์ชะ
2569,1,10305108,แคลคูลัสสำหรับวิทยาศาสตร์และเทคโนโลยี,2,ศุกร์,4,08:00,09:30,วิทย์ 2105,105,คณะวิทยาศาสตร์,C,ผู้ช่วยศาสตราจารย์ ดร.เจนจิรา ทิพย์ชะ
2569,1,10305109,คณิตศาสตร์สำหรับอุตสาหกรรม,1,จันทร์,0,13:00,14:30,ศร401,125,อาคารแม่โจ้ 70 ปี : สร้างปัญญาเพื่อแผ่นดิน,C,ผู้ช่วยศาสตราจารย์ ดร.บุรัสกร นันทดิลก
2569,1,10305109,คณิตศาสตร์สำหรับอุตสาหกรรม,1,พฤหัสบดี,3,13:00,14:30,ศร401,125,อาคารแม่โจ้ 70 ปี : สร้างปัญญาเพื่อแผ่นดิน,C,ผู้ช่วยศาสตราจารย์ ดร.บุรัสกร นันทดิลก
2569,1,10305111,คณิตศาสตร์เพื่อการเกษตร,1,อังคาร,1,11:00,12:30,ศร306,125,อาคารแม่โจ้ 70 ปี : สร้างปัญญาเพื่อแผ่นดิน,C,ผู้ช่วยศาสตราจารย์ ดร.พิลาศลักษณ์ ศรแก้ว
2569,1,10305111,คณิตศาสตร์เพื่อการเกษตร,1,ศุกร์,4,11:00,12:30,ศร306,125,อาคารแม่โจ้ 70 ปี : สร้างปัญญาเพื่อแผ่นดิน,C,ผู้ช่วยศาสตราจารย์ ดร.พิลาศลักษณ์ ศรแก้ว
2569,1,10305111,คณิตศาสตร์เพื่อการเกษตร,2,อังคาร,1,08:00,09:30,80-305 (สำรอง),147,อาคารเรียนรวม 80 ปี,C,รองศาสตราจารย์ ดร.ดารา ภูสง่า
2569,1,10305111,คณิตศาสตร์เพื่อการเกษตร,2,ศุกร์,4,08:00,09:30,80-305 (สำรอง),147,อาคารเรียนรวม 80 ปี,C,รองศาสตราจารย์ ดร.ดารา ภูสง่า
2569,1,10305111,คณิตศาสตร์เพื่อการเกษตร,3,จันทร์,0,08:00,09:30,Lab คณิต 4,105,คณะวิทยาศาสตร์,C,ผู้ช่วยศาสตราจารย์ ดร.ชนิกานต์ เอมหฤทัย
2569,1,10305111,คณิตศาสตร์เพื่อการเกษตร,3,พฤหัสบดี,3,08:00,09:30,Lab คณิต 4,105,คณะวิทยาศาสตร์,C,ผู้ช่วยศาสตราจารย์ ดร.ชนิกานต์ เอมหฤทัย
2569,1,10305111,คณิตศาสตร์เพื่อการเกษตร,4,จันทร์,0,08:00,09:30,80-502,147,อาคารเรียนรวม 80 ปี,C,รองศาสตราจารย์ ดร.ดารา ภูสง่า
2569,1,10305111,คณิตศาสตร์เพื่อการเกษตร,4,พฤหัสบดี,3,08:00,09:30,80-502,147,อาคารเรียนรวม 80 ปี,C,รองศาสตราจารย์ ดร.ดารา ภูสง่า
2569,1,10305111,คณิตศาสตร์เพื่อการเกษตร,5,จันทร์,0,09:30,11:00,80-305 (สำรอง),147,อาคารเรียนรวม 80 ปี,C,ผู้ช่วยศาสตราจารย์ ดร.พิลาศลักษณ์ ศรแก้ว
2569,1,10305111,คณิตศาสตร์เพื่อการเกษตร,5,พฤหัสบดี,3,09:30,11:00,80-305 (สำรอง),147,อาคารเรียนรวม 80 ปี,C,ผู้ช่วยศาสตราจารย์ ดร.พิลาศลักษณ์ ศรแก้ว
2569,1,10305111,คณิตศาสตร์เพื่อการเกษตร,6,อังคาร,1,09:30,11:00,80-305 (สำรอง),147,อาคารเรียนรวม 80 ปี,C,รองศาสตราจารย์ ดร.ดารา ภูสง่า; ผู้ช่วยศาสตราจารย์ ดร.ชนิกานต์ เอมหฤทัย
2569,1,10305111,คณิตศาสตร์เพื่อการเกษตร,6,ศุกร์,4,09:30,11:00,80-305 (สำรอง),147,อาคารเรียนรวม 80 ปี,C,รองศาสตราจารย์ ดร.ดารา ภูสง่า; ผู้ช่วยศาสตราจารย์ ดร.ชนิกานต์ เอมหฤทัย
2569,1,10305131,แคลคูลัสสำหรับวิทยาศาสตร์ 1,1,จันทร์,0,09:30,11:00,80-406,147,อาคารเรียนรวม 80 ปี,C,ผู้ช่วยศาสตราจารย์ ดร.จีรวรรณ พัชรประกิติ; ผู้ช่วยศาสตราจารย์ ดร.เจนจิรา ทิพย์ชะ
2569,1,10305131,แคลคูลัสสำหรับวิทยาศาสตร์ 1,1,พฤหัสบดี,3,09:30,11:00,80-406,147,อาคารเรียนรวม 80 ปี,C,ผู้ช่วยศาสตราจารย์ ดร.จีรวรรณ พัชรประกิติ; ผู้ช่วยศาสตราจารย์ ดร.เจนจิรา ทิพย์ชะ
2569,1,10305131,แคลคูลัสสำหรับวิทยาศาสตร์ 1,2,อังคาร,1,11:00,12:30,80-406,147,อาคารเรียนรวม 80 ปี,C,ผู้ช่วยศาสตราจารย์ ดร.จีรวรรณ พัชรประกิติ; ผู้ช่วยศาสตราจารย์ ดร.เจนจิรา ทิพย์ชะ
2569,1,10305131,แคลคูลัสสำหรับวิทยาศาสตร์ 1,2,ศุกร์,4,11:00,12:30,80-406,147,อาคารเรียนรวม 80 ปี,C,ผู้ช่วยศาสตราจารย์ ดร.จีรวรรณ พัชรประกิติ; ผู้ช่วยศาสตราจารย์ ดร.เจนจิรา ทิพย์ชะ
2569,1,10305133,แคลคูลัสและการประยุกต์ 1,1,อังคาร,1,14:30,16:00,วิทย์ 2105,105,คณะวิทยาศาสตร์,C,ผู้ช่วยศาสตราจารย์ ดร.ชนิกานต์ เอมหฤทัย
2569,1,10305133,แคลคูลัสและการประยุกต์ 1,1,ศุกร์,4,14:30,16:00,วิทย์ 2105,105,คณะวิทยาศาสตร์,C,ผู้ช่วยศาสตราจารย์ ดร.ชนิกานต์ เอมหฤทัย
2569,1,10305133,แคลคูลัสและการประยุกต์ 1,2,อังคาร,1,16:00,17:30,ศร502,125,อาคารแม่โจ้ 70 ปี : สร้างปัญญาเพื่อแผ่นดิน,C,ผู้ช่วยศาสตราจารย์กมลเทพ มีคำ
2569,1,10305133,แคลคูลัสและการประยุกต์ 1,2,ศุกร์,4,16:00,17:30,ศร502,125,อาคารแม่โจ้ 70 ปี : สร้างปัญญาเพื่อแผ่นดิน,C,ผู้ช่วยศาสตราจารย์กมลเทพ มีคำ
2569,1,10305203,แคลคูลัสสำหรับวิศวกรรม 3,1,อังคาร,1,13:00,14:30,Lab คณิต 4,105,คณะวิทยาศาสตร์,C,รองศาสตราจารย์ ดร.วันจักร สาทสนิท
2569,1,10305203,แคลคูลัสสำหรับวิศวกรรม 3,1,ศุกร์,4,13:00,14:30,Lab คณิต 4,105,คณะวิทยาศาสตร์,C,รองศาสตราจารย์ ดร.วันจักร สาทสนิท
2569,1,10305203,แคลคูลัสสำหรับวิศวกรรม 3,2,อังคาร,1,09:30,11:00,Lab คณิต 4,105,คณะวิทยาศาสตร์,C,รองศาสตราจารย์ ดร.วันจักร สาทสนิท
2569,1,10305203,แคลคูลัสสำหรับวิศวกรรม 3,2,ศุกร์,4,09:30,11:00,Lab คณิต 4,105,คณะวิทยาศาสตร์,C,รองศาสตราจารย์ ดร.วันจักร สาทสนิท
2569,1,10305206,พีชคณิตเชิงเส้น,1,อังคาร,1,13:00,14:30,วิทย์ 2105,105,คณะวิทยาศาสตร์,C,ผู้ช่วยศาสตราจารย์ ดร.พิลาศลักษณ์ ศรแก้ว
2569,1,10305206,พีชคณิตเชิงเส้น,1,ศุกร์,4,13:00,14:30,วิทย์ 2105,105,คณะวิทยาศาสตร์,C,ผู้ช่วยศาสตราจารย์ ดร.พิลาศลักษณ์ ศรแก้ว
2569,1,10305211,หลักการคณิตศาสตร์,1,อังคาร,1,11:00,12:30,3104,141,อาคารจุฬาภรณ์,C,อาจารย์ ดร.พิกุล ศรีดารัตน์
2569,1,10305211,หลักการคณิตศาสตร์,1,ศุกร์,4,11:00,12:30,3104,141,อาคารจุฬาภรณ์,C,อาจารย์ ดร.พิกุล ศรีดารัตน์
2569,1,10305231,แคลคูลัสขั้นสูง,1,อังคาร,1,15:00,16:30,Lab คณิต 3,105,คณะวิทยาศาสตร์,C,รองศาสตราจารย์พัฒนพงศ์ เทียนชัย
2569,1,10305231,แคลคูลัสขั้นสูง,1,ศุกร์,4,16:00,17:30,Lab คณิต 3,105,คณะวิทยาศาสตร์,C,รองศาสตราจารย์พัฒนพงศ์ เทียนชัย
2569,1,10305233,สมการเชิงอนุพันธ์และการประยุกต์,1,จันทร์,0,09:30,11:00,Lab คณิต 4,105,คณะวิทยาศาสตร์,C,ผู้ช่วยศาสตราจารย์ ดร.สิตา ชากฤษณ์
2569,1,10305233,สมการเชิงอนุพันธ์และการประยุกต์,1,พฤหัสบดี,3,09:30,11:00,Lab คณิต 4,105,คณะวิทยาศาสตร์,C,ผู้ช่วยศาสตราจารย์ ดร.สิตา ชากฤษณ์
2569,1,10305233,สมการเชิงอนุพันธ์และการประยุกต์,2,อังคาร,1,11:00,12:30,Lab คณิต 4,105,คณะวิทยาศาสตร์,C,ผู้ช่วยศาสตราจารย์ ดร.สิตา ชากฤษณ์
2569,1,10305233,สมการเชิงอนุพันธ์และการประยุกต์,2,ศุกร์,4,11:00,12:30,Lab คณิต 4,105,คณะวิทยาศาสตร์,C,ผู้ช่วยศาสตราจารย์ ดร.สิตา ชากฤษณ์
2569,1,10305238,แคลคูลัสขั้นสูง,1,จันทร์,0,14:30,16:00,Lab คณิต 4,105,คณะวิทยาศาสตร์,C,รองศาสตราจารย์ ดร.วันจักร สาทสนิท; รองศาสตราจารย์พัฒนพงศ์ เทียนชัย
2569,1,10305238,แคลคูลัสขั้นสูง,1,พฤหัสบดี,3,14:30,16:00,Lab คณิต 4,105,คณะวิทยาศาสตร์,C,รองศาสตราจารย์ ดร.วันจักร สาทสนิท; รองศาสตราจารย์พัฒนพงศ์ เทียนชัย
2569,1,10305241,พีชคณิตเชิงเส้นและการประยุกต์,1,จันทร์,0,14:30,16:00,3104,141,อาคารจุฬาภรณ์,C,ผู้ช่วยศาสตราจารย์ ดร.สิตา ชากฤษณ์; ผู้ช่วยศาสตราจารย์เยาวลักษณ์ คงธรรม
2569,1,10305241,พีชคณิตเชิงเส้นและการประยุกต์,1,พฤหัสบดี,3,14:30,16:00,3104,141,อาคารจุฬาภรณ์,C,ผู้ช่วยศาสตราจารย์ ดร.สิตา ชากฤษณ์; ผู้ช่วยศาสตราจารย์เยาวลักษณ์ คงธรรม
2569,1,10305252,การเขียนโปรแกรมคำนวณทางคณิตศาสตร์,1,อังคาร,1,13:00,15:00,80-308,147,อาคารเรียนรวม 80 ปี,C,ผู้ช่วยศาสตราจารย์ ดร.จีรวรรณ พัชรประกิติ
2569,1,10305252,การเขียนโปรแกรมคำนวณทางคณิตศาสตร์,1,ศุกร์,4,13:00,16:00,80-308,147,อาคารเรียนรวม 80 ปี,L,ผู้ช่วยศาสตราจารย์ ดร.จีรวรรณ พัชรประกิติ
2569,1,10305261,หลักการคณิตศาสตร์ประกันภัย,1,อังคาร,1,13:00,14:30,3104,141,อาคารจุฬาภรณ์,C,อาจารย์ ดร.พศิน มรุปัณฑ์ธร
2569,1,10305261,หลักการคณิตศาสตร์ประกันภัย,1,ศุกร์,4,13:00,14:30,3104,141,อาคารจุฬาภรณ์,C,อาจารย์ ดร.พศิน มรุปัณฑ์ธร
2569,1,10305271,วิทยาการข้อมูลสำหรับธุรกิจและอุตสาหกรรมเกษตร,1,จันทร์,0,16:00,18:00,Lab คณิต 3,105,คณะวิทยาศาสตร์,C,ผู้ช่วยศาสตราจารย์ ดร.บุรัสกร นันทดิลก; อาจารย์ ดร.ธวัชชัย เพชรธาราทิพย์
2569,1,10305271,วิทยาการข้อมูลสำหรับธุรกิจและอุตสาหกรรมเกษตร,1,พุธ,2,09:00,12:00,Lab คณิต 3,105,คณะวิทยาศาสตร์,L,ผู้ช่วยศาสตราจารย์ ดร.บุรัสกร นันทดิลก; อาจารย์ ดร.ธวัชชัย เพชรธาราทิพย์
2569,1,10305282,ภินทนคณิตศาสตร์,1,จันทร์,0,14:30,16:00,Lab คณิต 3,105,คณะวิทยาศาสตร์,C,ผู้ช่วยศาสตราจารย์ ดร.ชนิกานต์ เอมหฤทัย
2569,1,10305282,ภินทนคณิตศาสตร์,1,พฤหัสบดี,3,14:30,16:00,Lab คณิต 3,105,คณะวิทยาศาสตร์,C,ผู้ช่วยศาสตราจารย์ ดร.ชนิกานต์ เอมหฤทัย
2569,1,10305321,การวิเคราะห์เชิงคณิตศาสตร์,1,จันทร์,0,13:00,14:30,3104,141,อาคารจุฬาภรณ์,C,อาจารย์ ดร.พิกุล ศรีดารัตน์; ผู้ช่วยศาสตราจารย์เยาวลักษณ์ คงธรรม
2569,1,10305321,การวิเคราะห์เชิงคณิตศาสตร์,1,พฤหัสบดี,3,13:00,14:30,3104,141,อาคารจุฬาภรณ์,C,อาจารย์ ดร.พิกุล ศรีดารัตน์; ผู้ช่วยศาสตราจารย์เยาวลักษณ์ คงธรรม
2569,1,10305323,ทอพอโลยีเบื้องต้น,1,อังคาร,1,11:00,12:30,Lab คณิต 3,105,คณะวิทยาศาสตร์,C,ผู้ช่วยศาสตราจารย์กมลเทพ มีคำ
2569,1,10305323,ทอพอโลยีเบื้องต้น,1,ศุกร์,4,11:00,12:30,Lab คณิต 3,105,คณะวิทยาศาสตร์,C,ผู้ช่วยศาสตราจารย์กมลเทพ มีคำ
2569,1,10305341,พีชคณิตนามธรรมเบื้องต้น,1,อังคาร,1,14:30,16:00,วิทย์ 2507/2,105,คณะวิทยาศาสตร์,C,รองศาสตราจารย์ ดร.ดารา ภูสง่า
2569,1,10305341,พีชคณิตนามธรรมเบื้องต้น,1,ศุกร์,4,14:30,16:00,วิทย์ 2507/2,105,คณะวิทยาศาสตร์,C,รองศาสตราจารย์ ดร.ดารา ภูสง่า
2569,1,10305361,คณิตศาสตร์ประกันชีวิต,1,จันทร์,0,11:00,12:30,Lab คณิต 3,105,คณะวิทยาศาสตร์,C,อาจารย์ ดร.พศิน มรุปัณฑ์ธร
2569,1,10305361,คณิตศาสตร์ประกันชีวิต,1,พฤหัสบดี,3,11:00,12:30,Lab คณิต 3,105,คณะวิทยาศาสตร์,C,อาจารย์ ดร.พศิน มรุปัณฑ์ธร
2569,1,10305491,สัมมนา,1,พุธ,2,12:00,14:00,Lab คณิต 3,105,คณะวิทยาศาสตร์,L,รองศาสตราจารย์พัฒนพงศ์ เทียนชัย; ผู้ช่วยศาสตราจารย์ ดร.พิลาศลักษณ์ ศรแก้ว; รองศาสตราจารย์ ดร.ดารา ภูสง่า; ผู้ช่วยศาสตราจารย์ ดร.ชนิกานต์ เอมหฤทัย; ผู้ช่วยศาสตราจารย์กมลเทพ มีคำ; ผู้ช่วยศาสตราจารย์ ดร.สิตา ชากฤษณ์; อาจารย์ ดร.พศิน มรุปัณฑ์ธร; อาจารย์ ดร.ธวัชชัย เพชรธาราทิพย์; รองศาสตราจารย์ ดร.วันจักร สาทสนิท; ผู้ช่วยศาสตราจารย์ ดร.จีรวรรณ พัชรประกิติ; ผู้ช่วยศาสตราจารย์ ดร.บุรัสกร นันทดิลก; ผู้ช่วยศาสตราจารย์ ดร.เจนจิรา ทิพย์ชะ; อาจารย์ ดร.พิกุล ศรีดารัตน์
2569,1,10400406,นานาสาระเกี่ยวกับอาหารและยา,1,พุธ,2,11:00,14:00,ศร301,125,อาคารแม่โจ้ 70 ปี : สร้างปัญญาเพื่อแผ่นดิน,C,รองศาสตราจารย์ ดร.วิวัฒน์ หวังเจริญ; ผู้ช่วยศาสตราจารย์ ดร.ศรัญญา สุวรรณอังกูร; อาจารย์ ดร.จิตราพร งามพีระพงศ์; ผู้ช่วยศาสตราจารย์ ดร.กนกวรรณ ตาลดี
2569,1,10400407,ทักษะดิจิทัลในศตวรรษที่ 21,1,จันทร์,0,09:30,11:00,Online Learning,104,คณะวิศวกรรมและอุตสาหกรรมเกษตร,C,อาจารย์มุกริน หนูคง; ผู้ช่วยศาสตราจารย์ ดร.พิไลวรรณ พรประสิทธิ์; อาจารย์ ดร.วรวรรณ เพชรอุไร; ผู้ช่วยศาสตราจารย์ดริญญา มูลชัย; ผู้ช่วยศาสตราจารย์ ดร.ศิวโรฒ บุญราศรี; ผู้ช่วยศาสตราจารย์ ดร.หยาดฝน ทนงการกิจ
2569,1,10400407,ทักษะดิจิทัลในศตวรรษที่ 21,1,พฤหัสบดี,3,09:30,11:00,Online Learning,104,คณะวิศวกรรมและอุตสาหกรรมเกษตร,C,อาจารย์มุกริน หนูคง; ผู้ช่วยศาสตราจารย์ ดร.พิไลวรรณ พรประสิทธิ์; อาจารย์ ดร.วรวรรณ เพชรอุไร; ผู้ช่วยศาสตราจารย์ดริญญา มูลชัย; ผู้ช่วยศาสตราจารย์ ดร.ศิวโรฒ บุญราศรี; ผู้ช่วยศาสตราจารย์ ดร.หยาดฝน ทนงการกิจ
2569,1,10400407,ทักษะดิจิทัลในศตวรรษที่ 21,2,จันทร์,0,13:00,14:30,Online Learning,104,คณะวิศวกรรมและอุตสาหกรรมเกษตร,C,อาจารย์มุกริน หนูคง; ผู้ช่วยศาสตราจารย์ ดร.พิไลวรรณ พรประสิทธิ์; อาจารย์ ดร.วรวรรณ เพชรอุไร; ผู้ช่วยศาสตราจารย์ดริญญา มูลชัย; ผู้ช่วยศาสตราจารย์ ดร.ศิวโรฒ บุญราศรี; ผู้ช่วยศาสตราจารย์ ดร.หยาดฝน ทนงการกิจ
2569,1,10400407,ทักษะดิจิทัลในศตวรรษที่ 21,2,พฤหัสบดี,3,13:00,14:30,Online Learning,104,คณะวิศวกรรมและอุตสาหกรรมเกษตร,C,อาจารย์มุกริน หนูคง; ผู้ช่วยศาสตราจารย์ ดร.พิไลวรรณ พรประสิทธิ์; อาจารย์ ดร.วรวรรณ เพชรอุไร; ผู้ช่วยศาสตราจารย์ดริญญา มูลชัย; ผู้ช่วยศาสตราจารย์ ดร.ศิวโรฒ บุญราศรี; ผู้ช่วยศาสตราจารย์ ดร.หยาดฝน ทนงการกิจ
2569,1,10400408,อาหารและเทคโนโลยี,1,อังคาร,1,11:00,12:30,E 101,104,คณะวิศวกรรมและอุตสาหกรรมเกษตร,C,รองศาสตราจารย์ ดร.วิวัฒน์ หวังเจริญ; ผู้ช่วยศาสตราจารย์ ดร.กนกวรรณ ตาลดี; ผู้ช่วยศาสตราจารย์ ดร.ธีระพล เสนพันธุ์; อาจารย์ ดร.จิตราพร งามพีระพงศ์
2569,1,10400408,อาหารและเทคโนโลยี,1,ศุกร์,4,11:00,12:30,E 101,104,คณะวิศวกรรมและอุตสาหกรรมเกษตร,C,รองศาสตราจารย์ ดร.วิวัฒน์ หวังเจริญ; ผู้ช่วยศาสตราจารย์ ดร.กนกวรรณ ตาลดี; ผู้ช่วยศาสตราจารย์ ดร.ธีระพล เสนพันธุ์; อาจารย์ ดร.จิตราพร งามพีระพงศ์
2569,1,10400408,อาหารและเทคโนโลยี,1,พุธ,2,09:00,12:00,N109:811,811,,C,อาจารย์ ดร.รรินธร ธรรมกุลกระจ่าง
2569,1,10400502,ผู้ประกอบการนวัตกรรมทางการเกษตร,1,จันทร์,0,13:00,15:00,ศร201_2,125,อาคารแม่โจ้ 70 ปี : สร้างปัญญาเพื่อแผ่นดิน,C,ผู้ช่วยศาสตราจารย์ ดร.ชนันท์ภัสร์ ราษฎร์นิยม; อาจารย์ ดร.กัลย์ กัลยาณมิตร; ผู้ช่วยศาสตราจารย์ ดร.แพรวพรรณ จอมงาม; ผู้ช่วยศาสตราจารย์ ดร.ธิดารัตน์ แก้วคำ; อาจารย์ ดร.พฤกษ์ ชูสังข์; อาจารย์ ดร.ดวงใจ น้อยวัน
2569,1,10400502,ผู้ประกอบการนวัตกรรมทางการเกษตร,1,พฤหัสบดี,3,13:00,15:00,ศร201_2,125,อาคารแม่โจ้ 70 ปี : สร้างปัญญาเพื่อแผ่นดิน,L,ผู้ช่วยศาสตราจารย์ ดร.ชนันท์ภัสร์ ราษฎร์นิยม; อาจารย์ ดร.กัลย์ กัลยาณมิตร; ผู้ช่วยศาสตราจารย์ ดร.แพรวพรรณ จอมงาม; ผู้ช่วยศาสตราจารย์ ดร.ธิดารัตน์ แก้วคำ; อาจารย์ ดร.พฤกษ์ ชูสังข์; อาจารย์ ดร.ดวงใจ น้อยวัน
2569,1,10400502,ผู้ประกอบการนวัตกรรมทางการเกษตร,1,อังคาร,1,10:00,12:00,N207:811,811,,C,อาจารย์ ดร.รัชนีวรรณ คำตัน; อาจารย์ ดร.วันวสา วิโรจนารมย์
2569,1,10400502,ผู้ประกอบการนวัตกรรมทางการเกษตร,1,ศุกร์,4,10:00,12:00,N207:811,811,,C,อาจารย์ ดร.รัชนีวรรณ คำตัน; อาจารย์ ดร.วันวสา วิโรจนารมย์
2569,1,10500501,เศรษฐศาสตร์เพื่อชีวิตประจำวันและการประกอบการ,1,อังคาร,1,15:00,16:30,EC403,140,อาคารเศรษฐศาสตร์,C,ผู้ช่วยศาสตราจารย์ ดร.นลินี คงสุบรรณ์
2569,1,10500501,เศรษฐศาสตร์เพื่อชีวิตประจำวันและการประกอบการ,1,ศุกร์,4,15:00,16:30,EC403,140,อาคารเศรษฐศาสตร์,C,ผู้ช่วยศาสตราจารย์ ดร.นลินี คงสุบรรณ์
2569,1,10500501,เศรษฐศาสตร์เพื่อชีวิตประจำวันและการประกอบการ,2,จันทร์,0,09:30,11:00,EC302,140,อาคารเศรษฐศาสตร์,C,รองศาสตราจารย์ ว่าที่ร้อยตรี ดร.สุรชัย กังวล
2569,1,10500501,เศรษฐศาสตร์เพื่อชีวิตประจำวันและการประกอบการ,2,พฤหัสบดี,3,09:30,11:00,EC302,140,อาคารเศรษฐศาสตร์,C,รองศาสตราจารย์ ว่าที่ร้อยตรี ดร.สุรชัย กังวล
2569,1,10500501,เศรษฐศาสตร์เพื่อชีวิตประจำวันและการประกอบการ,1,อังคาร,1,08:00,09:30,N108:811,811,,C,รองศาสตราจารย์ ดร.ฑีฆา โยธาภักดี
2569,1,10500501,เศรษฐศาสตร์เพื่อชีวิตประจำวันและการประกอบการ,1,ศุกร์,4,08:00,09:30,N108:811,811,,C,รองศาสตราจารย์ ดร.ฑีฆา โยธาภักดี
2569,1,10700101,สังคมโลกสมัยใหม่ในชีวิตประจำวัน,1,อังคาร,1,08:00,09:30,ศร204,125,อาคารแม่โจ้ 70 ปี : สร้างปัญญาเพื่อแผ่นดิน,C,ผู้ช่วยศาสตราจารย์โสพิน โตธิรกุล
2569,1,10700101,สังคมโลกสมัยใหม่ในชีวิตประจำวัน,1,ศุกร์,4,08:00,09:30,ศร204,125,อาคารแม่โจ้ 70 ปี : สร้างปัญญาเพื่อแผ่นดิน,C,ผู้ช่วยศาสตราจารย์โสพิน โตธิรกุล
2569,1,10700101,สังคมโลกสมัยใหม่ในชีวิตประจำวัน,2,จันทร์,0,11:00,12:30,ศร403,125,อาคารแม่โจ้ 70 ปี : สร้างปัญญาเพื่อแผ่นดิน,C,อาจารย์ฤทัยลักษมี กิจบุญชู
2569,1,10700101,สังคมโลกสมัยใหม่ในชีวิตประจำวัน,2,พฤหัสบดี,3,11:00,12:30,ศร403,125,อาคารแม่โจ้ 70 ปี : สร้างปัญญาเพื่อแผ่นดิน,C,อาจารย์ฤทัยลักษมี กิจบุญชู
2569,1,10700101,สังคมโลกสมัยใหม่ในชีวิตประจำวัน,3,จันทร์,0,11:00,12:30,ศร302,125,อาคารแม่โจ้ 70 ปี : สร้างปัญญาเพื่อแผ่นดิน,C,ผู้ช่วยศาสตราจารย์โสพิน โตธิรกุล
2569,1,10700101,สังคมโลกสมัยใหม่ในชีวิตประจำวัน,3,พฤหัสบดี,3,11:00,12:30,ศร302,125,อาคารแม่โจ้ 70 ปี : สร้างปัญญาเพื่อแผ่นดิน,C,ผู้ช่วยศาสตราจารย์โสพิน โตธิรกุล
2569,1,10700101,สังคมโลกสมัยใหม่ในชีวิตประจำวัน,4,จันทร์,0,16:00,17:30,ศร401,125,อาคารแม่โจ้ 70 ปี : สร้างปัญญาเพื่อแผ่นดิน,C,อาจารย์นิรันดร์รักษ์ ปาทาน
2569,1,10700101,สังคมโลกสมัยใหม่ในชีวิตประจำวัน,4,พฤหัสบดี,3,16:00,17:30,ศร401,125,อาคารแม่โจ้ 70 ปี : สร้างปัญญาเพื่อแผ่นดิน,C,อาจารย์นิรันดร์รักษ์ ปาทาน
2569,1,10700101,สังคมโลกสมัยใหม่ในชีวิตประจำวัน,5,พุธ,2,08:00,11:00,ศร302,125,อาคารแม่โจ้ 70 ปี : สร้างปัญญาเพื่อแผ่นดิน,C,อาจารย์นิรันดร์รักษ์ ปาทาน
2569,1,10700101,สังคมโลกสมัยใหม่ในชีวิตประจำวัน,6,อังคาร,1,09:30,11:00,ศร306,125,อาคารแม่โจ้ 70 ปี : สร้างปัญญาเพื่อแผ่นดิน,C,ผู้ช่วยศาสตราจารย์โสพิน โตธิรกุล
2569,1,10700101,สังคมโลกสมัยใหม่ในชีวิตประจำวัน,6,ศุกร์,4,09:30,11:00,ศร306,125,อาคารแม่โจ้ 70 ปี : สร้างปัญญาเพื่อแผ่นดิน,C,ผู้ช่วยศาสตราจารย์โสพิน โตธิรกุล
2569,1,10700101,สังคมโลกสมัยใหม่ในชีวิตประจำวัน,7,อังคาร,1,09:30,11:00,80-502,147,อาคารเรียนรวม 80 ปี,C,อาจารย์ฤทัยลักษมี กิจบุญชู
2569,1,10700101,สังคมโลกสมัยใหม่ในชีวิตประจำวัน,7,ศุกร์,4,09:30,11:00,80-502,147,อาคารเรียนรวม 80 ปี,C,อาจารย์ฤทัยลักษมี กิจบุญชู
2569,1,10700101,สังคมโลกสมัยใหม่ในชีวิตประจำวัน,8,อังคาร,1,11:00,12:30,80-401,147,อาคารเรียนรวม 80 ปี,C,อาจารย์ฤทัยลักษมี กิจบุญชู
2569,1,10700101,สังคมโลกสมัยใหม่ในชีวิตประจำวัน,8,ศุกร์,4,11:00,12:30,80-401,147,อาคารเรียนรวม 80 ปี,C,อาจารย์ฤทัยลักษมี กิจบุญชู
2569,1,10700101,สังคมโลกสมัยใหม่ในชีวิตประจำวัน,9,พุธ,2,08:00,11:00,ศร204,125,อาคารแม่โจ้ 70 ปี : สร้างปัญญาเพื่อแผ่นดิน,C,อาจารย์ฤทัยลักษมี กิจบุญชู
2569,1,10700101,สังคมโลกสมัยใหม่ในชีวิตประจำวัน,10,จันทร์,0,13:00,14:30,สังคม 604,102,ประเสริฐ ณ นคร,C,
2569,1,10700101,สังคมโลกสมัยใหม่ในชีวิตประจำวัน,10,พฤหัสบดี,3,13:00,14:30,สังคม 604,102,ประเสริฐ ณ นคร,C,
2569,1,10700102,อารยธรรมและโลกสมัยใหม่,1,จันทร์,0,09:30,11:00,ศร401,125,อาคารแม่โจ้ 70 ปี : สร้างปัญญาเพื่อแผ่นดิน,C,ผู้ช่วยศาสตราจารย์ ดร.กิตยุตม์ กิตติธรสกุล
2569,1,10700102,อารยธรรมและโลกสมัยใหม่,1,พฤหัสบดี,3,09:30,11:00,ศร401,125,อาคารแม่โจ้ 70 ปี : สร้างปัญญาเพื่อแผ่นดิน,C,ผู้ช่วยศาสตราจารย์ ดร.กิตยุตม์ กิตติธรสกุล
2569,1,10700102,อารยธรรมและโลกสมัยใหม่,2,อังคาร,1,08:00,09:30,80-401,147,อาคารเรียนรวม 80 ปี,C,ผู้ช่วยศาสตราจารย์ ดร.กิตยุตม์ กิตติธรสกุล
2569,1,10700102,อารยธรรมและโลกสมัยใหม่,2,ศุกร์,4,08:00,09:30,80-401,147,อาคารเรียนรวม 80 ปี,C,ผู้ช่วยศาสตราจารย์ ดร.กิตยุตม์ กิตติธรสกุล
2569,1,10700102,อารยธรรมและโลกสมัยใหม่,3,อังคาร,1,08:00,09:30,80-502,147,อาคารเรียนรวม 80 ปี,C,ผู้ช่วยศาสตราจารย์ ดร.เมธี เมธาสิทธิ สุขสำเร็จ
2569,1,10700102,อารยธรรมและโลกสมัยใหม่,3,ศุกร์,4,08:00,09:30,80-502,147,อาคารเรียนรวม 80 ปี,C,ผู้ช่วยศาสตราจารย์ ดร.เมธี เมธาสิทธิ สุขสำเร็จ
2569,1,10700102,อารยธรรมและโลกสมัยใหม่,4,จันทร์,0,08:00,09:30,ศร403,125,อาคารแม่โจ้ 70 ปี : สร้างปัญญาเพื่อแผ่นดิน,C,ผู้ช่วยศาสตราจารย์ ดร.กิตยุตม์ กิตติธรสกุล
2569,1,10700102,อารยธรรมและโลกสมัยใหม่,4,พฤหัสบดี,3,08:00,09:30,ศร403,125,อาคารแม่โจ้ 70 ปี : สร้างปัญญาเพื่อแผ่นดิน,C,ผู้ช่วยศาสตราจารย์ ดร.กิตยุตม์ กิตติธรสกุล
2569,1,10700102,อารยธรรมและโลกสมัยใหม่,5,อังคาร,1,14:30,16:00,ศร401,125,อาคารแม่โจ้ 70 ปี : สร้างปัญญาเพื่อแผ่นดิน,C,ผู้ช่วยศาสตราจารย์ ดร.เมธี เมธาสิทธิ สุขสำเร็จ
2569,1,10700102,อารยธรรมและโลกสมัยใหม่,5,ศุกร์,4,14:30,16:00,ศร401,125,อาคารแม่โจ้ 70 ปี : สร้างปัญญาเพื่อแผ่นดิน,C,ผู้ช่วยศาสตราจารย์ ดร.เมธี เมธาสิทธิ สุขสำเร็จ
2569,1,10700102,อารยธรรมและโลกสมัยใหม่,6,อังคาร,1,11:00,12:30,ศร403,125,อาคารแม่โจ้ 70 ปี : สร้างปัญญาเพื่อแผ่นดิน,C,ผู้ช่วยศาสตราจารย์ ดร.เมธี เมธาสิทธิ สุขสำเร็จ
2569,1,10700102,อารยธรรมและโลกสมัยใหม่,6,ศุกร์,4,11:00,12:30,ศร403,125,อาคารแม่โจ้ 70 ปี : สร้างปัญญาเพื่อแผ่นดิน,C,ผู้ช่วยศาสตราจารย์ ดร.เมธี เมธาสิทธิ สุขสำเร็จ
2569,1,10700102,อารยธรรมและโลกสมัยใหม่,7,จันทร์,0,08:00,09:30,ศร304,125,อาคารแม่โจ้ 70 ปี : สร้างปัญญาเพื่อแผ่นดิน,C,อาจารย์มนฤทัย ไชยวิเศษ
2569,1,10700102,อารยธรรมและโลกสมัยใหม่,7,พฤหัสบดี,3,08:00,09:30,ศร304,125,อาคารแม่โจ้ 70 ปี : สร้างปัญญาเพื่อแผ่นดิน,C,อาจารย์มนฤทัย ไชยวิเศษ
2569,1,10700102,อารยธรรมและโลกสมัยใหม่,8,อังคาร,1,13:00,14:30,ศร401,125,อาคารแม่โจ้ 70 ปี : สร้างปัญญาเพื่อแผ่นดิน,C,ผู้ช่วยศาสตราจารย์ ดร.เมธี เมธาสิทธิ สุขสำเร็จ
2569,1,10700102,อารยธรรมและโลกสมัยใหม่,8,ศุกร์,4,13:00,14:30,ศร401,125,อาคารแม่โจ้ 70 ปี : สร้างปัญญาเพื่อแผ่นดิน,C,ผู้ช่วยศาสตราจารย์ ดร.เมธี เมธาสิทธิ สุขสำเร็จ
2569,1,10700102,อารยธรรมและโลกสมัยใหม่,9,อังคาร,1,11:00,12:30,ศร204,125,อาคารแม่โจ้ 70 ปี : สร้างปัญญาเพื่อแผ่นดิน,C,ผู้ช่วยศาสตราจารย์ ดร.กิตยุตม์ กิตติธรสกุล
2569,1,10700102,อารยธรรมและโลกสมัยใหม่,9,ศุกร์,4,11:00,12:30,ศร204,125,อาคารแม่โจ้ 70 ปี : สร้างปัญญาเพื่อแผ่นดิน,C,ผู้ช่วยศาสตราจารย์ ดร.กิตยุตม์ กิตติธรสกุล
2569,1,10700103,ประวัติศาสตร์และพัฒนาการของล้านนา,1,จันทร์,0,11:00,12:30,80-301,147,อาคารเรียนรวม 80 ปี,C,อาจารย์มนฤทัย ไชยวิเศษ
2569,1,10700103,ประวัติศาสตร์และพัฒนาการของล้านนา,1,พฤหัสบดี,3,11:00,12:30,80-301,147,อาคารเรียนรวม 80 ปี,C,อาจารย์มนฤทัย ไชยวิเศษ
2569,1,10700103,ประวัติศาสตร์และพัฒนาการของล้านนา,2,จันทร์,0,09:30,11:00,ศร306,125,อาคารแม่โจ้ 70 ปี : สร้างปัญญาเพื่อแผ่นดิน,C,อาจารย์มนฤทัย ไชยวิเศษ
2569,1,10700103,ประวัติศาสตร์และพัฒนาการของล้านนา,2,พฤหัสบดี,3,09:30,11:00,ศร306,125,อาคารแม่โจ้ 70 ปี : สร้างปัญญาเพื่อแผ่นดิน,C,อาจารย์มนฤทัย ไชยวิเศษ
2569,1,10700104,ผู้สูงอายุและสังคมผู้สูงวัย,1,จันทร์,0,08:00,09:30,80-401,147,อาคารเรียนรวม 80 ปี,C,ผู้ช่วยศาสตราจารย์ ดร.อิทธิพงษ์ ทองศรีเกตุ
2569,1,10700104,ผู้สูงอายุและสังคมผู้สูงวัย,1,พฤหัสบดี,3,08:00,09:30,80-401,147,อาคารเรียนรวม 80 ปี,C,ผู้ช่วยศาสตราจารย์ ดร.อิทธิพงษ์ ทองศรีเกตุ
2569,1,10700105,มนุษย์ สังคม เทคโนโลยีและสิ่งแวดล้อม,1,พุธ,2,08:00,11:00,80-501,147,อาคารเรียนรวม 80 ปี,C,อาจารย์พสุนิต สารมาศ
2569,1,10700105,มนุษย์ สังคม เทคโนโลยีและสิ่งแวดล้อม,2,จันทร์,0,11:00,12:30,80-501,147,อาคารเรียนรวม 80 ปี,C,อาจารย์พสุนิต สารมาศ
2569,1,10700105,มนุษย์ สังคม เทคโนโลยีและสิ่งแวดล้อม,2,พฤหัสบดี,3,11:00,12:30,80-501,147,อาคารเรียนรวม 80 ปี,C,อาจารย์พสุนิต สารมาศ
2569,1,10700105,มนุษย์ สังคม เทคโนโลยีและสิ่งแวดล้อม,1,จันทร์,0,13:00,14:30,N107:811,811,,C,รองศาสตราจารย์ ดร.ฑีฆา โยธาภักดี; ผู้ช่วยศาสตราจารย์ ดร.มัชฌิมา ศุภวิมลพันธ์
2569,1,10700105,มนุษย์ สังคม เทคโนโลยีและสิ่งแวดล้อม,1,พฤหัสบดี,3,13:00,14:30,N107:811,811,,C,รองศาสตราจารย์ ดร.ฑีฆา โยธาภักดี; ผู้ช่วยศาสตราจารย์ ดร.มัชฌิมา ศุภวิมลพันธ์
2569,1,10700105,มนุษย์ สังคม เทคโนโลยีและสิ่งแวดล้อม,1,จันทร์,0,15:00,18:00,308,716,,C,อาจารย์วิชชุดา เอื้ออารี
2569,1,10700106,สังคมและวัฒนธรรมไทย,1,จันทร์,0,08:00,09:30,ศร204,125,อาคารแม่โจ้ 70 ปี : สร้างปัญญาเพื่อแผ่นดิน,C,อาจารย์สาธิยา เขื่อนคำ
2569,1,10700106,สังคมและวัฒนธรรมไทย,1,พฤหัสบดี,3,08:00,09:30,ศร204,125,อาคารแม่โจ้ 70 ปี : สร้างปัญญาเพื่อแผ่นดิน,C,อาจารย์สาธิยา เขื่อนคำ
2569,1,10700106,สังคมและวัฒนธรรมไทย,2,จันทร์,0,08:00,09:30,ศร401,125,อาคารแม่โจ้ 70 ปี : สร้างปัญญาเพื่อแผ่นดิน,C,อาจารย์ ดร.ภัทริยา คงธนะ
2569,1,10700106,สังคมและวัฒนธรรมไทย,2,พฤหัสบดี,3,08:00,09:30,ศร401,125,อาคารแม่โจ้ 70 ปี : สร้างปัญญาเพื่อแผ่นดิน,C,อาจารย์ ดร.ภัทริยา คงธนะ
2569,1,10700106,สังคมและวัฒนธรรมไทย,3,อังคาร,1,13:00,14:30,ศร302,125,อาคารแม่โจ้ 70 ปี : สร้างปัญญาเพื่อแผ่นดิน,C,อาจารย์ ดร.ภัทริยา คงธนะ
2569,1,10700106,สังคมและวัฒนธรรมไทย,3,ศุกร์,4,13:00,14:30,ศร302,125,อาคารแม่โจ้ 70 ปี : สร้างปัญญาเพื่อแผ่นดิน,C,อาจารย์ ดร.ภัทริยา คงธนะ
2569,1,10700106,สังคมและวัฒนธรรมไทย,4,อังคาร,1,14:30,16:00,ศร302,125,อาคารแม่โจ้ 70 ปี : สร้างปัญญาเพื่อแผ่นดิน,C,อาจารย์ ดร.ภัทริยา คงธนะ
2569,1,10700106,สังคมและวัฒนธรรมไทย,4,ศุกร์,4,14:30,16:00,ศร302,125,อาคารแม่โจ้ 70 ปี : สร้างปัญญาเพื่อแผ่นดิน,C,อาจารย์ ดร.ภัทริยา คงธนะ
2569,1,10700106,สังคมและวัฒนธรรมไทย,5,จันทร์,0,15:00,16:30,ศร302,125,อาคารแม่โจ้ 70 ปี : สร้างปัญญาเพื่อแผ่นดิน,C,อาจารย์สาธิยา เขื่อนคำ
2569,1,10700106,สังคมและวัฒนธรรมไทย,5,พฤหัสบดี,3,15:00,16:30,ศร302,125,อาคารแม่โจ้ 70 ปี : สร้างปัญญาเพื่อแผ่นดิน,C,อาจารย์สาธิยา เขื่อนคำ
2569,1,10700106,สังคมและวัฒนธรรมไทย,6,จันทร์,0,13:00,14:30,ศร502,125,อาคารแม่โจ้ 70 ปี : สร้างปัญญาเพื่อแผ่นดิน,C,อาจารย์สาธิยา เขื่อนคำ
2569,1,10700106,สังคมและวัฒนธรรมไทย,6,พฤหัสบดี,3,13:00,14:30,ศร502,125,อาคารแม่โจ้ 70 ปี : สร้างปัญญาเพื่อแผ่นดิน,C,อาจารย์สาธิยา เขื่อนคำ
2569,1,10700109,จิตอาสาเพื่อพัฒนาสังคม,1,จันทร์,0,10:00,12:00,80-408,147,อาคารเรียนรวม 80 ปี,C,อาจารย์สาธิยา เขื่อนคำ
2569,1,10700109,จิตอาสาเพื่อพัฒนาสังคม,1,พฤหัสบดี,3,10:00,12:00,80-408,147,อาคารเรียนรวม 80 ปี,L,อาจารย์สาธิยา เขื่อนคำ
2569,1,10700109,จิตอาสาเพื่อพัฒนาสังคม,2,อังคาร,1,08:00,10:00,80-404,147,อาคารเรียนรวม 80 ปี,C,อาจารย์สาธิยา เขื่อนคำ
2569,1,10700109,จิตอาสาเพื่อพัฒนาสังคม,2,ศุกร์,4,08:00,10:00,80-404,147,อาคารเรียนรวม 80 ปี,L,อาจารย์สาธิยา เขื่อนคำ
2569,1,10700201,จิตวิทยากับพฤติกรรมมนุษย์,1,จันทร์,0,09:30,11:00,ศร403,125,อาคารแม่โจ้ 70 ปี : สร้างปัญญาเพื่อแผ่นดิน,C,รองศาสตราจารย์มธุรส สว่างบำรุง
2569,1,10700201,จิตวิทยากับพฤติกรรมมนุษย์,1,พฤหัสบดี,3,09:30,11:00,ศร403,125,อาคารแม่โจ้ 70 ปี : สร้างปัญญาเพื่อแผ่นดิน,C,รองศาสตราจารย์มธุรส สว่างบำรุง
2569,1,10700201,จิตวิทยากับพฤติกรรมมนุษย์,1,จันทร์,0,15:00,16:30,N202:811,811,,C,ผู้ช่วยศาสตราจารย์ ดร.ศิริพร พันธุลี
2569,1,10700201,จิตวิทยากับพฤติกรรมมนุษย์,1,อังคาร,1,15:00,16:30,N202:811,811,,C,ผู้ช่วยศาสตราจารย์ ดร.ศิริพร พันธุลี
2569,1,10700202,สุขภาพสำหรับคนรุ่นใหม่,1,อังคาร,1,10:00,12:00,80-507,147,อาคารเรียนรวม 80 ปี,C,อาจารย์ ดร.กัญจน์ จันทร์ศรีสุคต
2569,1,10700202,สุขภาพสำหรับคนรุ่นใหม่,1,ศุกร์,4,10:00,12:00,80-507,147,อาคารเรียนรวม 80 ปี,L,อาจารย์ ดร.กัญจน์ จันทร์ศรีสุคต
2569,1,10700202,สุขภาพสำหรับคนรุ่นใหม่,2,อังคาร,1,10:00,12:00,ศกฬ เรียน1,110,ศูนย์กีฬาเฉลิมพระเกียรติ (โซน B),C,อาจารย์ ดร.จิราดร ถิ่นอ่วน
2569,1,10700202,สุขภาพสำหรับคนรุ่นใหม่,2,ศุกร์,4,10:00,12:00,ศกฬ เรียน1,110,ศูนย์กีฬาเฉลิมพระเกียรติ (โซน B),L,อาจารย์ ดร.จิราดร ถิ่นอ่วน
2569,1,10700202,สุขภาพสำหรับคนรุ่นใหม่,3,อังคาร,1,08:00,10:00,ศร305,125,อาคารแม่โจ้ 70 ปี : สร้างปัญญาเพื่อแผ่นดิน,C,อาจารย์ ดร.กัญจน์ จันทร์ศรีสุคต
2569,1,10700202,สุขภาพสำหรับคนรุ่นใหม่,3,ศุกร์,4,08:00,10:00,ศร305,125,อาคารแม่โจ้ 70 ปี : สร้างปัญญาเพื่อแผ่นดิน,L,อาจารย์ ดร.กัญจน์ จันทร์ศรีสุคต
2569,1,10700202,สุขภาพสำหรับคนรุ่นใหม่,4,อังคาร,1,08:00,10:00,80-304,147,อาคารเรียนรวม 80 ปี,C,อาจารย์ ดร.จิราดร ถิ่นอ่วน
2569,1,10700202,สุขภาพสำหรับคนรุ่นใหม่,4,ศุกร์,4,08:00,10:00,80-304,147,อาคารเรียนรวม 80 ปี,L,อาจารย์ ดร.จิราดร ถิ่นอ่วน
2569,1,10700202,สุขภาพสำหรับคนรุ่นใหม่,5,จันทร์,0,15:00,17:00,ศร303,125,อาคารแม่โจ้ 70 ปี : สร้างปัญญาเพื่อแผ่นดิน,C,อาจารย์จิตตรัตน์ ตันเสนีย์
2569,1,10700202,สุขภาพสำหรับคนรุ่นใหม่,5,พฤหัสบดี,3,15:00,17:00,ศร303,125,อาคารแม่โจ้ 70 ปี : สร้างปัญญาเพื่อแผ่นดิน,L,อาจารย์จิตตรัตน์ ตันเสนีย์
2569,1,10700202,สุขภาพสำหรับคนรุ่นใหม่,6,ศุกร์,4,15:00,17:00,ศร402,125,อาคารแม่โจ้ 70 ปี : สร้างปัญญาเพื่อแผ่นดิน,L,อาจารย์ ดร.กัญจน์ จันทร์ศรีสุคต
2569,1,10700202,สุขภาพสำหรับคนรุ่นใหม่,6,อังคาร,1,15:00,17:00,ศร402,125,อาคารแม่โจ้ 70 ปี : สร้างปัญญาเพื่อแผ่นดิน,C,อาจารย์ ดร.กัญจน์ จันทร์ศรีสุคต
2569,1,10700202,สุขภาพสำหรับคนรุ่นใหม่,7,จันทร์,0,13:00,15:00,ศร303,125,อาคารแม่โจ้ 70 ปี : สร้างปัญญาเพื่อแผ่นดิน,C,อาจารย์จิตตรัตน์ ตันเสนีย์
2569,1,10700202,สุขภาพสำหรับคนรุ่นใหม่,7,พฤหัสบดี,3,13:00,15:00,ศร303,125,อาคารแม่โจ้ 70 ปี : สร้างปัญญาเพื่อแผ่นดิน,L,อาจารย์จิตตรัตน์ ตันเสนีย์
2569,1,10700202,สุขภาพสำหรับคนรุ่นใหม่,8,พฤหัสบดี,3,13:00,15:00,ศกฬ เรียน1,110,ศูนย์กีฬาเฉลิมพระเกียรติ (โซน B),L,อาจารย์ ดร.จิราดร ถิ่นอ่วน
2569,1,10700202,สุขภาพสำหรับคนรุ่นใหม่,8,จันทร์,0,13:00,15:00,ศกฬ เรียน1,110,ศูนย์กีฬาเฉลิมพระเกียรติ (โซน B),C,อาจารย์ ดร.จิราดร ถิ่นอ่วน
2569,1,10700202,สุขภาพสำหรับคนรุ่นใหม่,9,จันทร์,0,15:00,17:00,สังคม 209,102,ประเสริฐ ณ นคร,C,อาจารย์ ดร.กัญจน์ จันทร์ศรีสุคต
2569,1,10700202,สุขภาพสำหรับคนรุ่นใหม่,9,พฤหัสบดี,3,15:00,17:00,สังคม 209,102,ประเสริฐ ณ นคร,L,อาจารย์ ดร.กัญจน์ จันทร์ศรีสุคต
2569,1,10700202,สุขภาพสำหรับคนรุ่นใหม่,10,พฤหัสบดี,3,15:00,17:00,ศกฬ เรียน2,110,ศูนย์กีฬาเฉลิมพระเกียรติ (โซน B),C,อาจารย์ ดร.จิราดร ถิ่นอ่วน
2569,1,10700202,สุขภาพสำหรับคนรุ่นใหม่,10,จันทร์,0,15:00,17:00,ศกฬ เรียน2,110,ศูนย์กีฬาเฉลิมพระเกียรติ (โซน B),L,อาจารย์ ดร.จิราดร ถิ่นอ่วน
2569,1,10700202,สุขภาพสำหรับคนรุ่นใหม่,11,จันทร์,0,10:00,12:00,80-409,147,อาคารเรียนรวม 80 ปี,C,อาจารย์จิตตรัตน์ ตันเสนีย์
2569,1,10700202,สุขภาพสำหรับคนรุ่นใหม่,11,พฤหัสบดี,3,10:00,12:00,80-409,147,อาคารเรียนรวม 80 ปี,L,อาจารย์จิตตรัตน์ ตันเสนีย์
2569,1,10700202,สุขภาพสำหรับคนรุ่นใหม่,12,พฤหัสบดี,3,08:00,10:00,สังคม 209,102,ประเสริฐ ณ นคร,L,อาจารย์จิตตรัตน์ ตันเสนีย์
2569,1,10700202,สุขภาพสำหรับคนรุ่นใหม่,12,จันทร์,0,08:00,10:00,สังคม 209,102,ประเสริฐ ณ นคร,C,อาจารย์จิตตรัตน์ ตันเสนีย์
2569,1,10700202,สุขภาพสำหรับคนรุ่นใหม่,1,อังคาร,1,10:00,12:00,N103:811,811,,C,ผู้ช่วยศาสตราจารย์ ดร.วรัญญู รีรมย์; ผู้ช่วยศาสตราจารย์ ดร.วัฒนา วณิชชานนท์
2569,1,10700202,สุขภาพสำหรับคนรุ่นใหม่,1,ศุกร์,4,10:00,12:00,สนามกีฬา,สนามกีฬา,,L,ผู้ช่วยศาสตราจารย์ ดร.วรัญญู รีรมย์; ผู้ช่วยศาสตราจารย์ ดร.วัฒนา วณิชชานนท์
2569,1,10700202,สุขภาพสำหรับคนรุ่นใหม่,2,อังคาร,1,10:00,12:00,303/2 : 801,801,,C,ผู้ช่วยศาสตราจารย์ ดร.วัฒนา วณิชชานนท์
2569,1,10700202,สุขภาพสำหรับคนรุ่นใหม่,2,ศุกร์,4,13:00,15:00,สนามกีฬา,สนามกีฬา,,L,ผู้ช่วยศาสตราจารย์ ดร.วัฒนา วณิชชานนท์
2569,1,10700202,สุขภาพสำหรับคนรุ่นใหม่,3,อังคาร,1,10:00,12:00,303/2 : 801,801,,C,ผู้ช่วยศาสตราจารย์ ดร.วัฒนา วณิชชานนท์
2569,1,10700202,สุขภาพสำหรับคนรุ่นใหม่,3,ศุกร์,4,15:00,17:00,สนามกีฬา,สนามกีฬา,,L,ผู้ช่วยศาสตราจารย์ ดร.วัฒนา วณิชชานนท์
2569,1,10700203,ศาสตร์และศิลป์แห่งปัญญาชน,1,อังคาร,1,08:00,10:00,80-501,147,อาคารเรียนรวม 80 ปี,C,ผู้ช่วยศาสตราจารย์ ดร.อิทธิพงษ์ ทองศรีเกตุ
2569,1,10700203,ศาสตร์และศิลป์แห่งปัญญาชน,1,ศุกร์,4,08:00,10:00,80-501,147,อาคารเรียนรวม 80 ปี,L,ผู้ช่วยศาสตราจารย์ ดร.อิทธิพงษ์ ทองศรีเกตุ
2569,1,10700204,มนุษย์กับความงามทางศิลปะ,1,จันทร์,0,08:00,09:30,ศร306,125,อาคารแม่โจ้ 70 ปี : สร้างปัญญาเพื่อแผ่นดิน,C,รองศาสตราจารย์ฐาปกรณ์ เครือระยา
2569,1,10700204,มนุษย์กับความงามทางศิลปะ,1,พฤหัสบดี,3,08:00,09:30,ศร306,125,อาคารแม่โจ้ 70 ปี : สร้างปัญญาเพื่อแผ่นดิน,C,รองศาสตราจารย์ฐาปกรณ์ เครือระยา
2569,1,10700204,มนุษย์กับความงามทางศิลปะ,2,จันทร์,0,10:00,11:30,80-401,147,อาคารเรียนรวม 80 ปี,C,รองศาสตราจารย์ฐาปกรณ์ เครือระยา
2569,1,10700204,มนุษย์กับความงามทางศิลปะ,2,พฤหัสบดี,3,10:00,11:30,80-401,147,อาคารเรียนรวม 80 ปี,C,รองศาสตราจารย์ฐาปกรณ์ เครือระยา
2569,1,10700205,ศิลปะกับความคิดสร้างสรรค์,1,พุธ,2,08:00,09:00,สังคม 106,102,ประเสริฐ ณ นคร,C,รองศาสตราจารย์ฐาปกรณ์ เครือระยา
2569,1,10700205,ศิลปะกับความคิดสร้างสรรค์,1,พุธ,2,09:00,13:00,สังคม 106,102,ประเสริฐ ณ นคร,L,รองศาสตราจารย์ฐาปกรณ์ เครือระยา
2569,1,10700205,ศิลปะกับความคิดสร้างสรรค์,2,อังคาร,1,13:00,14:00,สังคม 106,102,ประเสริฐ ณ นคร,C,รองศาสตราจารย์ฐาปกรณ์ เครือระยา
2569,1,10700205,ศิลปะกับความคิดสร้างสรรค์,2,อังคาร,1,14:00,18:00,สังคม 106,102,ประเสริฐ ณ นคร,L,รองศาสตราจารย์ฐาปกรณ์ เครือระยา
2569,1,10700209,จิตวิทยาเพื่อการดำเนินชีวิตในสังคมสมัยใหม่,1,จันทร์,0,13:00,14:30,ศร302,125,อาคารแม่โจ้ 70 ปี : สร้างปัญญาเพื่อแผ่นดิน,C,ผู้ช่วยศาสตราจารย์ ดร.พิณนภา หมวกยอด
2569,1,10700209,จิตวิทยาเพื่อการดำเนินชีวิตในสังคมสมัยใหม่,1,พฤหัสบดี,3,13:00,14:30,ศร302,125,อาคารแม่โจ้ 70 ปี : สร้างปัญญาเพื่อแผ่นดิน,C,ผู้ช่วยศาสตราจารย์ ดร.พิณนภา หมวกยอด
2569,1,10700209,จิตวิทยาเพื่อการดำเนินชีวิตในสังคมสมัยใหม่,2,อังคาร,1,09:30,11:00,ศร204,125,อาคารแม่โจ้ 70 ปี : สร้างปัญญาเพื่อแผ่นดิน,C,อาจารย์พีรดา ประจงการ
2569,1,10700209,จิตวิทยาเพื่อการดำเนินชีวิตในสังคมสมัยใหม่,2,ศุกร์,4,09:30,11:00,ศร204,125,อาคารแม่โจ้ 70 ปี : สร้างปัญญาเพื่อแผ่นดิน,C,อาจารย์พีรดา ประจงการ
2569,1,10700209,จิตวิทยาเพื่อการดำเนินชีวิตในสังคมสมัยใหม่,3,อังคาร,1,16:00,17:30,ศร306,125,อาคารแม่โจ้ 70 ปี : สร้างปัญญาเพื่อแผ่นดิน,C,อาจารย์ ดร.ปิยาพัทธ์ อารีญาติ
2569,1,10700209,จิตวิทยาเพื่อการดำเนินชีวิตในสังคมสมัยใหม่,3,ศุกร์,4,16:00,17:30,ศร306,125,อาคารแม่โจ้ 70 ปี : สร้างปัญญาเพื่อแผ่นดิน,C,อาจารย์ ดร.ปิยาพัทธ์ อารีญาติ
2569,1,10700209,จิตวิทยาเพื่อการดำเนินชีวิตในสังคมสมัยใหม่,4,อังคาร,1,08:00,09:30,ศร403,125,อาคารแม่โจ้ 70 ปี : สร้างปัญญาเพื่อแผ่นดิน,C,อาจารย์พีรดา ประจงการ
2569,1,10700209,จิตวิทยาเพื่อการดำเนินชีวิตในสังคมสมัยใหม่,4,ศุกร์,4,08:00,09:30,ศร403,125,อาคารแม่โจ้ 70 ปี : สร้างปัญญาเพื่อแผ่นดิน,L,อาจารย์พีรดา ประจงการ
2569,1,10700209,จิตวิทยาเพื่อการดำเนินชีวิตในสังคมสมัยใหม่,5,จันทร์,0,09:30,11:00,ศร304,125,อาคารแม่โจ้ 70 ปี : สร้างปัญญาเพื่อแผ่นดิน,C,ผู้ช่วยศาสตราจารย์ ดร.พิณนภา หมวกยอด
2569,1,10700209,จิตวิทยาเพื่อการดำเนินชีวิตในสังคมสมัยใหม่,5,พฤหัสบดี,3,09:30,11:00,ศร304,125,อาคารแม่โจ้ 70 ปี : สร้างปัญญาเพื่อแผ่นดิน,C,ผู้ช่วยศาสตราจารย์ ดร.พิณนภา หมวกยอด
2569,1,10700209,จิตวิทยาเพื่อการดำเนินชีวิตในสังคมสมัยใหม่,6,อังคาร,1,08:00,09:30,ศร201_1,125,อาคารแม่โจ้ 70 ปี : สร้างปัญญาเพื่อแผ่นดิน,C,อาจารย์ ดร.ปิยาพัทธ์ อารีญาติ
2569,1,10700209,จิตวิทยาเพื่อการดำเนินชีวิตในสังคมสมัยใหม่,6,ศุกร์,4,08:00,09:30,ศร201_1,125,อาคารแม่โจ้ 70 ปี : สร้างปัญญาเพื่อแผ่นดิน,C,อาจารย์ ดร.ปิยาพัทธ์ อารีญาติ
2569,1,10700209,จิตวิทยาเพื่อการดำเนินชีวิตในสังคมสมัยใหม่,7,อังคาร,1,11:00,12:30,ศร201_2,125,อาคารแม่โจ้ 70 ปี : สร้างปัญญาเพื่อแผ่นดิน,C,อาจารย์ ดร.ปิยาพัทธ์ อารีญาติ
2569,1,10700209,จิตวิทยาเพื่อการดำเนินชีวิตในสังคมสมัยใหม่,7,ศุกร์,4,11:00,12:30,ศร201_2,125,อาคารแม่โจ้ 70 ปี : สร้างปัญญาเพื่อแผ่นดิน,C,อาจารย์ ดร.ปิยาพัทธ์ อารีญาติ
2569,1,10700209,จิตวิทยาเพื่อการดำเนินชีวิตในสังคมสมัยใหม่,1,จันทร์,0,13:00,14:30,N208:811,811,,C,ผู้ช่วยศาสตราจารย์ ดร.ศิริพร พันธุลี
2569,1,10700209,จิตวิทยาเพื่อการดำเนินชีวิตในสังคมสมัยใหม่,1,พฤหัสบดี,3,13:00,14:30,N208:811,811,,C,ผู้ช่วยศาสตราจารย์ ดร.ศิริพร พันธุลี
2569,1,10700211,การพัฒนาบุคลิกภาพความเป็นผู้ประกอบการที่ยั่งยืน,1,อังคาร,1,13:00,15:00,ศร502,125,อาคารแม่โจ้ 70 ปี : สร้างปัญญาเพื่อแผ่นดิน,C,ผู้ช่วยศาสตราจารย์ ดร.พิณนภา หมวกยอด
2569,1,10700211,การพัฒนาบุคลิกภาพความเป็นผู้ประกอบการที่ยั่งยืน,1,ศุกร์,4,13:00,15:00,ศร502,125,อาคารแม่โจ้ 70 ปี : สร้างปัญญาเพื่อแผ่นดิน,L,ผู้ช่วยศาสตราจารย์ ดร.พิณนภา หมวกยอด
2569,1,10700211,การพัฒนาบุคลิกภาพความเป็นผู้ประกอบการที่ยั่งยืน,2,อังคาร,1,10:00,12:00,ศร402,125,อาคารแม่โจ้ 70 ปี : สร้างปัญญาเพื่อแผ่นดิน,C,ผู้ช่วยศาสตราจารย์ ดร.พิณนภา หมวกยอด
2569,1,10700211,การพัฒนาบุคลิกภาพความเป็นผู้ประกอบการที่ยั่งยืน,2,ศุกร์,4,10:00,12:00,ศร402,125,อาคารแม่โจ้ 70 ปี : สร้างปัญญาเพื่อแผ่นดิน,L,ผู้ช่วยศาสตราจารย์ ดร.พิณนภา หมวกยอด
2569,1,10700211,การพัฒนาบุคลิกภาพความเป็นผู้ประกอบการที่ยั่งยืน,1,จันทร์,0,10:00,12:00,N107:811,811,,C,ผู้ช่วยศาสตราจารย์ ดร.ศิริพร พันธุลี
2569,1,10700211,การพัฒนาบุคลิกภาพความเป็นผู้ประกอบการที่ยั่งยืน,1,พฤหัสบดี,3,10:00,12:00,N107:811,811,,L,ผู้ช่วยศาสตราจารย์ ดร.ศิริพร พันธุลี
2569,1,10700213,วัฒนธรรมข้าวและประเพณีชาวนาไทย,1,จันทร์,0,15:00,16:30,ศร306,125,อาคารแม่โจ้ 70 ปี : สร้างปัญญาเพื่อแผ่นดิน,C,อาจารย์วาสนา ศรีรักษ์
2569,1,10700213,วัฒนธรรมข้าวและประเพณีชาวนาไทย,1,พฤหัสบดี,3,15:00,16:30,ศร306,125,อาคารแม่โจ้ 70 ปี : สร้างปัญญาเพื่อแผ่นดิน,C,อาจารย์วาสนา ศรีรักษ์
2569,1,10700213,วัฒนธรรมข้าวและประเพณีชาวนาไทย,1,พุธ,2,09:00,12:00,208 : 801,801,,C,ผู้ช่วยศาสตราจารย์ ดร.อัญชลี รัตนธรรม
2569,1,10700301,ภาษาไทยเพื่อการนำเสนอ,1,จันทร์,0,13:00,15:00,80-504,147,อาคารเรียนรวม 80 ปี,C,ผู้ช่วยศาสตราจารย์ ดร.สุนทร คำยอด
2569,1,10700301,ภาษาไทยเพื่อการนำเสนอ,1,พฤหัสบดี,3,13:00,15:00,80-504,147,อาคารเรียนรวม 80 ปี,L,ผู้ช่วยศาสตราจารย์ ดร.สุนทร คำยอด
2569,1,10700301,ภาษาไทยเพื่อการนำเสนอ,2,จันทร์,0,13:00,15:00,80-506,147,อาคารเรียนรวม 80 ปี,C,อาจารย์สุวรรณ เลียงหิรัญถาวร
2569,1,10700301,ภาษาไทยเพื่อการนำเสนอ,2,พฤหัสบดี,3,13:00,15:00,80-506,147,อาคารเรียนรวม 80 ปี,L,อาจารย์สุวรรณ เลียงหิรัญถาวร
2569,1,10700301,ภาษาไทยเพื่อการนำเสนอ,3,อังคาร,1,13:00,15:00,80-409,147,อาคารเรียนรวม 80 ปี,C,ผู้ช่วยศาสตราจารย์ชยุตภัฎ คำมูล
2569,1,10700301,ภาษาไทยเพื่อการนำเสนอ,3,ศุกร์,4,13:00,15:00,80-409,147,อาคารเรียนรวม 80 ปี,L,ผู้ช่วยศาสตราจารย์ชยุตภัฎ คำมูล
2569,1,10700301,ภาษาไทยเพื่อการนำเสนอ,4,จันทร์,0,08:00,10:00,ศร302,125,อาคารแม่โจ้ 70 ปี : สร้างปัญญาเพื่อแผ่นดิน,C,ผู้ช่วยศาสตราจารย์ดวงหทัย ลือดัง
2569,1,10700301,ภาษาไทยเพื่อการนำเสนอ,4,พฤหัสบดี,3,08:00,10:00,ศร302,125,อาคารแม่โจ้ 70 ปี : สร้างปัญญาเพื่อแผ่นดิน,L,ผู้ช่วยศาสตราจารย์ดวงหทัย ลือดัง
2569,1,10700301,ภาษาไทยเพื่อการนำเสนอ,5,จันทร์,0,13:00,15:00,80-402,147,อาคารเรียนรวม 80 ปี,C,ผู้ช่วยศาสตราจารย์ชยุตภัฎ คำมูล
2569,1,10700301,ภาษาไทยเพื่อการนำเสนอ,5,พฤหัสบดี,3,13:00,15:00,80-402,147,อาคารเรียนรวม 80 ปี,L,ผู้ช่วยศาสตราจารย์ชยุตภัฎ คำมูล
2569,1,10700301,ภาษาไทยเพื่อการนำเสนอ,6,จันทร์,0,13:00,15:00,80-404,147,อาคารเรียนรวม 80 ปี,C,อาจารย์ปาริฉัตร พิมล
2569,1,10700301,ภาษาไทยเพื่อการนำเสนอ,6,พฤหัสบดี,3,13:00,15:00,80-404,147,อาคารเรียนรวม 80 ปี,L,อาจารย์ปาริฉัตร พิมล
2569,1,10700301,ภาษาไทยเพื่อการนำเสนอ,7,อังคาร,1,10:00,12:00,ศร304,125,อาคารแม่โจ้ 70 ปี : สร้างปัญญาเพื่อแผ่นดิน,C,ผู้ช่วยศาสตราจารย์ดวงหทัย ลือดัง
2569,1,10700301,ภาษาไทยเพื่อการนำเสนอ,7,ศุกร์,4,10:00,12:00,ศร304,125,อาคารแม่โจ้ 70 ปี : สร้างปัญญาเพื่อแผ่นดิน,L,ผู้ช่วยศาสตราจารย์ดวงหทัย ลือดัง
2569,1,10700301,ภาษาไทยเพื่อการนำเสนอ,8,จันทร์,0,08:00,10:00,ศร502,125,อาคารแม่โจ้ 70 ปี : สร้างปัญญาเพื่อแผ่นดิน,C,อาจารย์สุวรรณ เลียงหิรัญถาวร
2569,1,10700301,ภาษาไทยเพื่อการนำเสนอ,8,พฤหัสบดี,3,08:00,10:00,ศร502,125,อาคารแม่โจ้ 70 ปี : สร้างปัญญาเพื่อแผ่นดิน,L,อาจารย์สุวรรณ เลียงหิรัญถาวร
2569,1,10700301,ภาษาไทยเพื่อการนำเสนอ,1,เสาร์,5,08:00,10:00,เหลืองโคราช,111,ศูนย์กล้วยไม้และไม้ดอกไม้ประดับ,C,ผู้ช่วยศาสตราจารย์ดวงหทัย ลือดัง
2569,1,10700301,ภาษาไทยเพื่อการนำเสนอ,1,เสาร์,5,10:00,12:00,เหลืองโคราช,111,ศูนย์กล้วยไม้และไม้ดอกไม้ประดับ,L,ผู้ช่วยศาสตราจารย์ดวงหทัย ลือดัง
2569,1,10700302,การใช้ภาษาไทยเพื่อการสื่อสาร,3,อังคาร,1,10:00,12:00,80-506,147,อาคารเรียนรวม 80 ปี,C,อาจารย์สุวรรณ เลียงหิรัญถาวร
2569,1,10700302,การใช้ภาษาไทยเพื่อการสื่อสาร,3,ศุกร์,4,10:00,12:00,80-506,147,อาคารเรียนรวม 80 ปี,L,อาจารย์สุวรรณ เลียงหิรัญถาวร
2569,1,10700302,การใช้ภาษาไทยเพื่อการสื่อสาร,4,จันทร์,0,13:00,15:00,80-505,147,อาคารเรียนรวม 80 ปี,C,ผู้ช่วยศาสตราจารย์ ดร.พรรณิดา ขันธพัทธ์
2569,1,10700302,การใช้ภาษาไทยเพื่อการสื่อสาร,4,พฤหัสบดี,3,13:00,15:00,80-505,147,อาคารเรียนรวม 80 ปี,L,ผู้ช่วยศาสตราจารย์ ดร.พรรณิดา ขันธพัทธ์
2569,1,10700302,การใช้ภาษาไทยเพื่อการสื่อสาร,5,จันทร์,0,13:00,15:00,ศร306,125,อาคารแม่โจ้ 70 ปี : สร้างปัญญาเพื่อแผ่นดิน,C,อาจารย์วาสนา ศรีรักษ์
2569,1,10700302,การใช้ภาษาไทยเพื่อการสื่อสาร,5,พฤหัสบดี,3,13:00,15:00,ศร306,125,อาคารแม่โจ้ 70 ปี : สร้างปัญญาเพื่อแผ่นดิน,L,อาจารย์วาสนา ศรีรักษ์
2569,1,10700302,การใช้ภาษาไทยเพื่อการสื่อสาร,6,พุธ,2,08:00,10:00,ศร305,125,อาคารแม่โจ้ 70 ปี : สร้างปัญญาเพื่อแผ่นดิน,C,ผู้ช่วยศาสตราจารย์ ดร.พรรณิดา ขันธพัทธ์
2569,1,10700302,การใช้ภาษาไทยเพื่อการสื่อสาร,6,พุธ,2,10:00,12:00,ศร305,125,อาคารแม่โจ้ 70 ปี : สร้างปัญญาเพื่อแผ่นดิน,L,ผู้ช่วยศาสตราจารย์ ดร.พรรณิดา ขันธพัทธ์
2569,1,10700302,การใช้ภาษาไทยเพื่อการสื่อสาร,7,จันทร์,0,15:00,17:00,80-507,147,อาคารเรียนรวม 80 ปี,C,อาจารย์ปาริฉัตร พิมล
2569,1,10700302,การใช้ภาษาไทยเพื่อการสื่อสาร,7,พฤหัสบดี,3,15:00,17:00,80-507,147,อาคารเรียนรวม 80 ปี,L,อาจารย์ปาริฉัตร พิมล
2569,1,10700302,การใช้ภาษาไทยเพื่อการสื่อสาร,8,จันทร์,0,10:00,12:00,80-506,147,อาคารเรียนรวม 80 ปี,C,อาจารย์ปาริฉัตร พิมล
2569,1,10700302,การใช้ภาษาไทยเพื่อการสื่อสาร,8,พฤหัสบดี,3,10:00,12:00,80-506,147,อาคารเรียนรวม 80 ปี,L,อาจารย์ปาริฉัตร พิมล
2569,1,10700302,การใช้ภาษาไทยเพื่อการสื่อสาร,9,จันทร์,0,10:00,12:00,80-505,147,อาคารเรียนรวม 80 ปี,C,ผู้ช่วยศาสตราจารย์ศิริพร มณีชูเกตุ
2569,1,10700302,การใช้ภาษาไทยเพื่อการสื่อสาร,9,พฤหัสบดี,3,10:00,12:00,80-505,147,อาคารเรียนรวม 80 ปี,L,ผู้ช่วยศาสตราจารย์ศิริพร มณีชูเกตุ
2569,1,10700302,การใช้ภาษาไทยเพื่อการสื่อสาร,10,อังคาร,1,08:00,10:00,80-403,147,อาคารเรียนรวม 80 ปี,C,อาจารย์วาสนา ศรีรักษ์
2569,1,10700302,การใช้ภาษาไทยเพื่อการสื่อสาร,10,ศุกร์,4,08:00,10:00,80-403,147,อาคารเรียนรวม 80 ปี,L,อาจารย์วาสนา ศรีรักษ์
2569,1,10700302,การใช้ภาษาไทยเพื่อการสื่อสาร,11,อังคาร,1,10:00,12:00,ศกฬรับรอง2,110,ศูนย์กีฬาเฉลิมพระเกียรติ (โซน B),C,อาจารย์ปาริฉัตร พิมล
2569,1,10700302,การใช้ภาษาไทยเพื่อการสื่อสาร,11,ศุกร์,4,10:00,12:00,ศกฬรับรอง2,110,ศูนย์กีฬาเฉลิมพระเกียรติ (โซน B),L,อาจารย์ปาริฉัตร พิมล
2569,1,10700302,การใช้ภาษาไทยเพื่อการสื่อสาร,12,จันทร์,0,08:00,10:00,80-503,147,อาคารเรียนรวม 80 ปี,C,อาจารย์ ดร.ลักขณา ชาปู่
2569,1,10700302,การใช้ภาษาไทยเพื่อการสื่อสาร,12,พฤหัสบดี,3,08:00,10:00,80-503,147,อาคารเรียนรวม 80 ปี,C,อาจารย์ ดร.ลักขณา ชาปู่
2569,1,10700302,การใช้ภาษาไทยเพื่อการสื่อสาร,13,จันทร์,0,08:00,10:00,80-304,147,อาคารเรียนรวม 80 ปี,C,อาจารย์วาสนา ศรีรักษ์
2569,1,10700302,การใช้ภาษาไทยเพื่อการสื่อสาร,13,พฤหัสบดี,3,08:00,10:00,80-304,147,อาคารเรียนรวม 80 ปี,L,อาจารย์วาสนา ศรีรักษ์
2569,1,10700302,การใช้ภาษาไทยเพื่อการสื่อสาร,14,พุธ,2,08:00,10:00,80-304,147,อาคารเรียนรวม 80 ปี,C,อาจารย์ปาริฉัตร พิมล
2569,1,10700302,การใช้ภาษาไทยเพื่อการสื่อสาร,14,พุธ,2,10:00,12:00,80-304,147,อาคารเรียนรวม 80 ปี,L,อาจารย์ปาริฉัตร พิมล
2569,1,10700302,การใช้ภาษาไทยเพื่อการสื่อสาร,15,จันทร์,0,08:00,10:00,80-410,147,อาคารเรียนรวม 80 ปี,C,ผู้ช่วยศาสตราจารย์ ดร.สุนทร คำยอด
2569,1,10700302,การใช้ภาษาไทยเพื่อการสื่อสาร,15,พฤหัสบดี,3,08:00,10:00,80-410,147,อาคารเรียนรวม 80 ปี,L,ผู้ช่วยศาสตราจารย์ ดร.สุนทร คำยอด
2569,1,10700302,การใช้ภาษาไทยเพื่อการสื่อสาร,16,พุธ,2,08:00,10:00,80-404,147,อาคารเรียนรวม 80 ปี,C,ผู้ช่วยศาสตราจารย์ชยุตภัฎ คำมูล
2569,1,10700302,การใช้ภาษาไทยเพื่อการสื่อสาร,16,พุธ,2,10:00,12:00,80-404,147,อาคารเรียนรวม 80 ปี,L,ผู้ช่วยศาสตราจารย์ชยุตภัฎ คำมูล
2569,1,10700302,การใช้ภาษาไทยเพื่อการสื่อสาร,17,จันทร์,0,15:00,17:00,80-410,147,อาคารเรียนรวม 80 ปี,C,ผู้ช่วยศาสตราจารย์ชยุตภัฎ คำมูล
2569,1,10700302,การใช้ภาษาไทยเพื่อการสื่อสาร,17,พฤหัสบดี,3,15:00,17:00,80-410,147,อาคารเรียนรวม 80 ปี,L,ผู้ช่วยศาสตราจารย์ชยุตภัฎ คำมูล
2569,1,10700302,การใช้ภาษาไทยเพื่อการสื่อสาร,18,จันทร์,0,10:00,12:00,80-403,147,อาคารเรียนรวม 80 ปี,C,ผู้ช่วยศาสตราจารย์ชยุตภัฎ คำมูล
2569,1,10700302,การใช้ภาษาไทยเพื่อการสื่อสาร,18,พฤหัสบดี,3,10:00,12:00,80-403,147,อาคารเรียนรวม 80 ปี,L,ผู้ช่วยศาสตราจารย์ชยุตภัฎ คำมูล
2569,1,10700302,การใช้ภาษาไทยเพื่อการสื่อสาร,19,จันทร์,0,10:00,12:00,80-303,147,อาคารเรียนรวม 80 ปี,C,อาจารย์วาสนา ศรีรักษ์
2569,1,10700302,การใช้ภาษาไทยเพื่อการสื่อสาร,19,พฤหัสบดี,3,10:00,12:00,80-303,147,อาคารเรียนรวม 80 ปี,L,อาจารย์วาสนา ศรีรักษ์
2569,1,10700302,การใช้ภาษาไทยเพื่อการสื่อสาร,20,จันทร์,0,15:00,17:00,สังคม 106,102,ประเสริฐ ณ นคร,C,อาจารย์ ดร.ลักขณา ชาปู่
2569,1,10700302,การใช้ภาษาไทยเพื่อการสื่อสาร,20,พฤหัสบดี,3,15:00,17:00,สังคม 106,102,ประเสริฐ ณ นคร,L,อาจารย์ ดร.ลักขณา ชาปู่
2569,1,10700302,การใช้ภาษาไทยเพื่อการสื่อสาร,21,จันทร์,0,08:00,10:00,สังคม 202,102,ประเสริฐ ณ นคร,C,อาจารย์ปาริฉัตร พิมล
2569,1,10700302,การใช้ภาษาไทยเพื่อการสื่อสาร,21,พฤหัสบดี,3,08:00,10:00,สังคม 202,102,ประเสริฐ ณ นคร,L,อาจารย์ปาริฉัตร พิมล
2569,1,10700302,การใช้ภาษาไทยเพื่อการสื่อสาร,22,อังคาร,1,08:00,10:00,80-408,147,อาคารเรียนรวม 80 ปี,C,ผู้ช่วยศาสตราจารย์ ดร.สุนทร คำยอด
2569,1,10700302,การใช้ภาษาไทยเพื่อการสื่อสาร,22,ศุกร์,4,08:00,10:00,80-408,147,อาคารเรียนรวม 80 ปี,L,ผู้ช่วยศาสตราจารย์ ดร.สุนทร คำยอด
2569,1,10700302,การใช้ภาษาไทยเพื่อการสื่อสาร,23,จันทร์,0,15:00,17:00,80-303,147,อาคารเรียนรวม 80 ปี,C,อาจารย์กฤษฏิ์ สุรนัคครินทร์
2569,1,10700302,การใช้ภาษาไทยเพื่อการสื่อสาร,23,พฤหัสบดี,3,15:00,17:00,80-303,147,อาคารเรียนรวม 80 ปี,L,อาจารย์กฤษฏิ์ สุรนัคครินทร์
2569,1,10700302,การใช้ภาษาไทยเพื่อการสื่อสาร,1,จันทร์,0,13:00,15:00,115 : 801,801,,C,ผู้ช่วยศาสตราจารย์ ดร.อัญชลี รัตนธรรม
2569,1,10700302,การใช้ภาษาไทยเพื่อการสื่อสาร,1,พฤหัสบดี,3,13:00,15:00,115 : 801,801,,L,ผู้ช่วยศาสตราจารย์ ดร.อัญชลี รัตนธรรม
2569,1,10700302,การใช้ภาษาไทยเพื่อการสื่อสาร,2,อังคาร,1,10:00,12:00,302/2 : 801,801,,C,ผู้ช่วยศาสตราจารย์ ดร.อัญชลี รัตนธรรม
2569,1,10700302,การใช้ภาษาไทยเพื่อการสื่อสาร,2,ศุกร์,4,10:00,12:00,302/2 : 801,801,,L,ผู้ช่วยศาสตราจารย์ ดร.อัญชลี รัตนธรรม
2569,1,10700302,การใช้ภาษาไทยเพื่อการสื่อสาร,1,เสาร์,5,08:00,10:00,Online ชุมพร,716,,C,อาจารย์ ดร.ศรายุทธ เจตรา
2569,1,10700302,การใช้ภาษาไทยเพื่อการสื่อสาร,1,เสาร์,5,10:00,12:00,Online ชุมพร,716,,L,อาจารย์ ดร.ศรายุทธ เจตรา
2569,1,10700303,ภาษาไทยเพื่อการสื่อสารสำหรับชาวต่างประเทศ,1,จันทร์,0,10:00,12:00,สังคม 217,102,ประเสริฐ ณ นคร,C,อาจารย์สุวรรณ เลียงหิรัญถาวร
2569,1,10700303,ภาษาไทยเพื่อการสื่อสารสำหรับชาวต่างประเทศ,1,พฤหัสบดี,3,10:00,12:00,สังคม 217,102,ประเสริฐ ณ นคร,L,อาจารย์สุวรรณ เลียงหิรัญถาวร
2569,1,10700304,ภาษาไทยเพื่องานเขียนเชิงวิชาการ,1,จันทร์,0,13:00,15:00,80-507,147,อาคารเรียนรวม 80 ปี,C,อาจารย์กฤษฏิ์ สุรนัคครินทร์
2569,1,10700304,ภาษาไทยเพื่องานเขียนเชิงวิชาการ,1,พฤหัสบดี,3,13:00,15:00,80-507,147,อาคารเรียนรวม 80 ปี,L,อาจารย์กฤษฏิ์ สุรนัคครินทร์
2569,1,10700304,ภาษาไทยเพื่องานเขียนเชิงวิชาการ,2,อังคาร,1,13:00,15:00,ศร304,125,อาคารแม่โจ้ 70 ปี : สร้างปัญญาเพื่อแผ่นดิน,C,ผู้ช่วยศาสตราจารย์ดวงหทัย ลือดัง
2569,1,10700304,ภาษาไทยเพื่องานเขียนเชิงวิชาการ,2,ศุกร์,4,13:00,15:00,ศร304,125,อาคารแม่โจ้ 70 ปี : สร้างปัญญาเพื่อแผ่นดิน,L,ผู้ช่วยศาสตราจารย์ดวงหทัย ลือดัง
2569,1,10700304,ภาษาไทยเพื่องานเขียนเชิงวิชาการ,3,อังคาร,1,13:00,15:00,80-404,147,อาคารเรียนรวม 80 ปี,C,อาจารย์กฤษฏิ์ สุรนัคครินทร์
2569,1,10700304,ภาษาไทยเพื่องานเขียนเชิงวิชาการ,3,ศุกร์,4,13:00,15:00,80-404,147,อาคารเรียนรวม 80 ปี,L,อาจารย์กฤษฏิ์ สุรนัคครินทร์
2569,1,10700304,ภาษาไทยเพื่องานเขียนเชิงวิชาการ,4,อังคาร,1,13:00,15:00,80-403,147,อาคารเรียนรวม 80 ปี,C,อาจารย์ ดร.ลักขณา ชาปู่
2569,1,10700304,ภาษาไทยเพื่องานเขียนเชิงวิชาการ,4,ศุกร์,4,13:00,15:00,80-403,147,อาคารเรียนรวม 80 ปี,L,อาจารย์ ดร.ลักขณา ชาปู่
2569,1,10700304,ภาษาไทยเพื่องานเขียนเชิงวิชาการ,5,จันทร์,0,13:00,15:00,80-410,147,อาคารเรียนรวม 80 ปี,C,ผู้ช่วยศาสตราจารย์ดวงหทัย ลือดัง
2569,1,10700304,ภาษาไทยเพื่องานเขียนเชิงวิชาการ,5,พฤหัสบดี,3,13:00,15:00,80-410,147,อาคารเรียนรวม 80 ปี,L,ผู้ช่วยศาสตราจารย์ดวงหทัย ลือดัง
2569,1,10700304,ภาษาไทยเพื่องานเขียนเชิงวิชาการ,6,จันทร์,0,13:00,15:00,สังคม 106,102,ประเสริฐ ณ นคร,C,อาจารย์ ดร.ลักขณา ชาปู่
2569,1,10700304,ภาษาไทยเพื่องานเขียนเชิงวิชาการ,6,พฤหัสบดี,3,13:00,15:00,สังคม 106,102,ประเสริฐ ณ นคร,L,อาจารย์ ดร.ลักขณา ชาปู่
2569,1,10700304,ภาษาไทยเพื่องานเขียนเชิงวิชาการ,7,อังคาร,1,15:00,17:00,ศร204,125,อาคารแม่โจ้ 70 ปี : สร้างปัญญาเพื่อแผ่นดิน,C,อาจารย์กฤษฏิ์ สุรนัคครินทร์
2569,1,10700304,ภาษาไทยเพื่องานเขียนเชิงวิชาการ,7,ศุกร์,4,15:00,17:00,ศร204,125,อาคารแม่โจ้ 70 ปี : สร้างปัญญาเพื่อแผ่นดิน,L,อาจารย์กฤษฏิ์ สุรนัคครินทร์
2569,1,10700304,ภาษาไทยเพื่องานเขียนเชิงวิชาการ,8,อังคาร,1,15:00,17:00,80-403,147,อาคารเรียนรวม 80 ปี,C,อาจารย์ ดร.ลักขณา ชาปู่
2569,1,10700304,ภาษาไทยเพื่องานเขียนเชิงวิชาการ,8,ศุกร์,4,15:00,17:00,80-403,147,อาคารเรียนรวม 80 ปี,L,อาจารย์ ดร.ลักขณา ชาปู่
2569,1,10700304,ภาษาไทยเพื่องานเขียนเชิงวิชาการ,1,อังคาร,1,13:00,15:00,107 : 801,801,,C,ผู้ช่วยศาสตราจารย์ ดร.อัญชลี รัตนธรรม
2569,1,10700304,ภาษาไทยเพื่องานเขียนเชิงวิชาการ,1,ศุกร์,4,08:00,10:00,107 : 801,801,,L,ผู้ช่วยศาสตราจารย์ ดร.อัญชลี รัตนธรรม
2569,1,10700306,ภาษาไทยเพื่อกิจธุระยุคดิจิทัล,1,จันทร์,0,15:00,17:00,80-406,147,อาคารเรียนรวม 80 ปี,C,ผู้ช่วยศาสตราจารย์ ดร.สุนทร คำยอด
2569,1,10700306,ภาษาไทยเพื่อกิจธุระยุคดิจิทัล,1,พฤหัสบดี,3,15:00,17:00,80-406,147,อาคารเรียนรวม 80 ปี,L,ผู้ช่วยศาสตราจารย์ ดร.สุนทร คำยอด
2569,1,10700306,ภาษาไทยเพื่อกิจธุระยุคดิจิทัล,2,อังคาร,1,10:00,12:00,80-303,147,อาคารเรียนรวม 80 ปี,C,ผู้ช่วยศาสตราจารย์ ดร.พรรณิดา ขันธพัทธ์
2569,1,10700306,ภาษาไทยเพื่อกิจธุระยุคดิจิทัล,2,ศุกร์,4,10:00,12:00,80-303,147,อาคารเรียนรวม 80 ปี,L,ผู้ช่วยศาสตราจารย์ ดร.พรรณิดา ขันธพัทธ์
2569,1,10700306,ภาษาไทยเพื่อกิจธุระยุคดิจิทัล,3,อังคาร,1,10:00,12:00,80-503,147,อาคารเรียนรวม 80 ปี,C,
2569,1,10700306,ภาษาไทยเพื่อกิจธุระยุคดิจิทัล,3,ศุกร์,4,10:00,12:00,80-503,147,อาคารเรียนรวม 80 ปี,L,
2569,1,10700306,ภาษาไทยเพื่อกิจธุระยุคดิจิทัล,5,อังคาร,1,15:00,17:00,80-406,147,อาคารเรียนรวม 80 ปี,C,ผู้ช่วยศาสตราจารย์ ดร.พรรณิดา ขันธพัทธ์
2569,1,10700306,ภาษาไทยเพื่อกิจธุระยุคดิจิทัล,5,ศุกร์,4,15:00,17:00,80-406,147,อาคารเรียนรวม 80 ปี,L,ผู้ช่วยศาสตราจารย์ ดร.พรรณิดา ขันธพัทธ์
2569,1,10700307,ทักษะภาษาอังกฤษสำหรับศตวรรษที่ 21,1,จันทร์,0,08:00,10:00,ศกฬ เรียน1,110,ศูนย์กีฬาเฉลิมพระเกียรติ (โซน B),C,ผู้ช่วยศาสตราจารย์ ดร.จารุลักษณ์ งามลักษณ์
2569,1,10700307,ทักษะภาษาอังกฤษสำหรับศตวรรษที่ 21,1,พฤหัสบดี,3,08:00,10:00,ศกฬ เรียน1,110,ศูนย์กีฬาเฉลิมพระเกียรติ (โซน B),L,ผู้ช่วยศาสตราจารย์ ดร.จารุลักษณ์ งามลักษณ์
2569,1,10700307,ทักษะภาษาอังกฤษสำหรับศตวรรษที่ 21,2,จันทร์,0,08:00,10:00,ศกฬ เรียน2,110,ศูนย์กีฬาเฉลิมพระเกียรติ (โซน B),C,อาจารย์ชนิตสิรี ศุภพิมล
2569,1,10700307,ทักษะภาษาอังกฤษสำหรับศตวรรษที่ 21,2,พฤหัสบดี,3,08:00,10:00,ศกฬ เรียน2,110,ศูนย์กีฬาเฉลิมพระเกียรติ (โซน B),L,อาจารย์ชนิตสิรี ศุภพิมล
2569,1,10700307,ทักษะภาษาอังกฤษสำหรับศตวรรษที่ 21,3,จันทร์,0,10:00,12:00,BA 101,107,คณะบริหารธุรกิจ,C,ผู้ช่วยศาสตราจารย์ ดร.จารุลักษณ์ งามลักษณ์
2569,1,10700307,ทักษะภาษาอังกฤษสำหรับศตวรรษที่ 21,3,พฤหัสบดี,3,10:00,12:00,BA 101,107,คณะบริหารธุรกิจ,L,ผู้ช่วยศาสตราจารย์ ดร.จารุลักษณ์ งามลักษณ์
2569,1,10700307,ทักษะภาษาอังกฤษสำหรับศตวรรษที่ 21,4,จันทร์,0,10:00,12:00,ศกฬ เรียน1,110,ศูนย์กีฬาเฉลิมพระเกียรติ (โซน B),C,อาจารย์อรพรรณ สุธาพันธ์
2569,1,10700307,ทักษะภาษาอังกฤษสำหรับศตวรรษที่ 21,4,พฤหัสบดี,3,10:00,12:00,ศกฬ เรียน1,110,ศูนย์กีฬาเฉลิมพระเกียรติ (โซน B),L,อาจารย์อรพรรณ สุธาพันธ์
2569,1,10700307,ทักษะภาษาอังกฤษสำหรับศตวรรษที่ 21,5,จันทร์,0,10:00,12:00,ศกฬ เรียน2,110,ศูนย์กีฬาเฉลิมพระเกียรติ (โซน B),C,อาจารย์ชนิตสิรี ศุภพิมล
2569,1,10700307,ทักษะภาษาอังกฤษสำหรับศตวรรษที่ 21,5,พฤหัสบดี,3,10:00,12:00,ศกฬ เรียน2,110,ศูนย์กีฬาเฉลิมพระเกียรติ (โซน B),L,อาจารย์ชนิตสิรี ศุภพิมล
2569,1,10700307,ทักษะภาษาอังกฤษสำหรับศตวรรษที่ 21,6,จันทร์,0,13:00,15:00,80-304,147,อาคารเรียนรวม 80 ปี,C,อาจารย์ชนิตสิรี ศุภพิมล
2569,1,10700307,ทักษะภาษาอังกฤษสำหรับศตวรรษที่ 21,6,พฤหัสบดี,3,13:00,15:00,80-304,147,อาคารเรียนรวม 80 ปี,L,อาจารย์ชนิตสิรี ศุภพิมล
2569,1,10700307,ทักษะภาษาอังกฤษสำหรับศตวรรษที่ 21,7,อังคาร,1,17:00,19:00,80-403,147,อาคารเรียนรวม 80 ปี,C,อาจารย์ ดร.พิสิษฐ์ โรจน์คณรัชต์
2569,1,10700307,ทักษะภาษาอังกฤษสำหรับศตวรรษที่ 21,7,ศุกร์,4,17:00,19:00,80-403,147,อาคารเรียนรวม 80 ปี,L,อาจารย์ ดร.พิสิษฐ์ โรจน์คณรัชต์
2569,1,10700307,ทักษะภาษาอังกฤษสำหรับศตวรรษที่ 21,8,อังคาร,1,13:00,15:00,ศกฬ เรียน2,110,ศูนย์กีฬาเฉลิมพระเกียรติ (โซน B),C,อาจารย์พฤนทร สนิทมัจโร
2569,1,10700307,ทักษะภาษาอังกฤษสำหรับศตวรรษที่ 21,8,ศุกร์,4,13:00,15:00,ศกฬ เรียน2,110,ศูนย์กีฬาเฉลิมพระเกียรติ (โซน B),L,อาจารย์พฤนทร สนิทมัจโร
2569,1,10700307,ทักษะภาษาอังกฤษสำหรับศตวรรษที่ 21,9,จันทร์,0,15:00,17:00,ศกฬรับรอง2,110,ศูนย์กีฬาเฉลิมพระเกียรติ (โซน B),C,อาจารย์พงษ์ศักดิ์ รวมทรัพย์
2569,1,10700307,ทักษะภาษาอังกฤษสำหรับศตวรรษที่ 21,9,พฤหัสบดี,3,15:00,17:00,ศกฬรับรอง2,110,ศูนย์กีฬาเฉลิมพระเกียรติ (โซน B),L,อาจารย์พงษ์ศักดิ์ รวมทรัพย์
2569,1,10700307,ทักษะภาษาอังกฤษสำหรับศตวรรษที่ 21,10,อังคาร,1,08:00,10:00,ศกฬ เรียน2,110,ศูนย์กีฬาเฉลิมพระเกียรติ (โซน B),C,อาจารย์ ดร.จันทนี กันโฑ
2569,1,10700307,ทักษะภาษาอังกฤษสำหรับศตวรรษที่ 21,10,ศุกร์,4,08:00,10:00,ศกฬ เรียน2,110,ศูนย์กีฬาเฉลิมพระเกียรติ (โซน B),L,อาจารย์ ดร.จันทนี กันโฑ
2569,1,10700307,ทักษะภาษาอังกฤษสำหรับศตวรรษที่ 21,11,อังคาร,1,13:00,15:00,80-507,147,อาคารเรียนรวม 80 ปี,C,ผู้ช่วยศาสตราจารย์สุภาพร มโนวงศ์
2569,1,10700307,ทักษะภาษาอังกฤษสำหรับศตวรรษที่ 21,11,ศุกร์,4,13:00,15:00,80-507,147,อาคารเรียนรวม 80 ปี,L,ผู้ช่วยศาสตราจารย์สุภาพร มโนวงศ์
2569,1,10700307,ทักษะภาษาอังกฤษสำหรับศตวรรษที่ 21,12,อังคาร,1,17:00,19:00,80-303,147,อาคารเรียนรวม 80 ปี,C,อาจารย์พฤนทร สนิทมัจโร
2569,1,10700307,ทักษะภาษาอังกฤษสำหรับศตวรรษที่ 21,12,ศุกร์,4,17:00,19:00,80-303,147,อาคารเรียนรวม 80 ปี,L,อาจารย์พฤนทร สนิทมัจโร
2569,1,10700307,ทักษะภาษาอังกฤษสำหรับศตวรรษที่ 21,13,อังคาร,1,13:00,15:00,80-501,147,อาคารเรียนรวม 80 ปี,C,อาจารย์วัชรียา บำรุงคีรี
2569,1,10700307,ทักษะภาษาอังกฤษสำหรับศตวรรษที่ 21,13,ศุกร์,4,13:00,15:00,80-501,147,อาคารเรียนรวม 80 ปี,L,อาจารย์วัชรียา บำรุงคีรี
2569,1,10700307,ทักษะภาษาอังกฤษสำหรับศตวรรษที่ 21,14,อังคาร,1,13:00,15:00,80-506,147,อาคารเรียนรวม 80 ปี,C,อาจารย์พิมพ์วลัญช์ สิทธิเดช
2569,1,10700307,ทักษะภาษาอังกฤษสำหรับศตวรรษที่ 21,14,ศุกร์,4,13:00,15:00,80-506,147,อาคารเรียนรวม 80 ปี,L,อาจารย์พิมพ์วลัญช์ สิทธิเดช
2569,1,10700307,ทักษะภาษาอังกฤษสำหรับศตวรรษที่ 21,15,อังคาร,1,13:00,15:00,ศกฬ เรียน1,110,ศูนย์กีฬาเฉลิมพระเกียรติ (โซน B),C,อาจารย์ ดร.จันทนี กันโฑ
2569,1,10700307,ทักษะภาษาอังกฤษสำหรับศตวรรษที่ 21,15,ศุกร์,4,13:00,15:00,ศกฬ เรียน1,110,ศูนย์กีฬาเฉลิมพระเกียรติ (โซน B),L,อาจารย์ ดร.จันทนี กันโฑ
2569,1,10700307,ทักษะภาษาอังกฤษสำหรับศตวรรษที่ 21,16,จันทร์,0,13:00,15:00,ศกฬ เรียน2,110,ศูนย์กีฬาเฉลิมพระเกียรติ (โซน B),C,อาจารย์ ดร.จันทนี กันโฑ
2569,1,10700307,ทักษะภาษาอังกฤษสำหรับศตวรรษที่ 21,16,พฤหัสบดี,3,13:00,15:00,ศกฬ เรียน2,110,ศูนย์กีฬาเฉลิมพระเกียรติ (โซน B),L,อาจารย์ ดร.จันทนี กันโฑ
2569,1,10700307,ทักษะภาษาอังกฤษสำหรับศตวรรษที่ 21,17,จันทร์,0,13:00,15:00,ศกฬรับรอง2,110,ศูนย์กีฬาเฉลิมพระเกียรติ (โซน B),C,อาจารย์พงษ์ศักดิ์ รวมทรัพย์
2569,1,10700307,ทักษะภาษาอังกฤษสำหรับศตวรรษที่ 21,17,พฤหัสบดี,3,13:00,15:00,ศกฬรับรอง2,110,ศูนย์กีฬาเฉลิมพระเกียรติ (โซน B),L,อาจารย์พงษ์ศักดิ์ รวมทรัพย์
2569,1,10700307,ทักษะภาษาอังกฤษสำหรับศตวรรษที่ 21,18,อังคาร,1,13:00,15:00,80-504,147,อาคารเรียนรวม 80 ปี,C,อาจารย์พงษ์ศักดิ์ รวมทรัพย์
2569,1,10700307,ทักษะภาษาอังกฤษสำหรับศตวรรษที่ 21,18,ศุกร์,4,13:00,15:00,80-504,147,อาคารเรียนรวม 80 ปี,L,อาจารย์พงษ์ศักดิ์ รวมทรัพย์
2569,1,10700307,ทักษะภาษาอังกฤษสำหรับศตวรรษที่ 21,19,อังคาร,1,08:00,10:00,80-402,147,อาคารเรียนรวม 80 ปี,C,ผู้ช่วยศาสตราจารย์ ดร.จารุลักษณ์ งามลักษณ์
2569,1,10700307,ทักษะภาษาอังกฤษสำหรับศตวรรษที่ 21,19,ศุกร์,4,08:00,10:00,80-402,147,อาคารเรียนรวม 80 ปี,L,ผู้ช่วยศาสตราจารย์ ดร.จารุลักษณ์ งามลักษณ์
2569,1,10700307,ทักษะภาษาอังกฤษสำหรับศตวรรษที่ 21,20,อังคาร,1,13:00,15:00,ศกฬรับรอง2,110,ศูนย์กีฬาเฉลิมพระเกียรติ (โซน B),C,อาจารย์อรพรรณ สุธาพันธ์
2569,1,10700307,ทักษะภาษาอังกฤษสำหรับศตวรรษที่ 21,20,ศุกร์,4,13:00,15:00,ศกฬรับรอง2,110,ศูนย์กีฬาเฉลิมพระเกียรติ (โซน B),L,อาจารย์อรพรรณ สุธาพันธ์
2569,1,10700307,ทักษะภาษาอังกฤษสำหรับศตวรรษที่ 21,21,จันทร์,0,13:00,15:00,ศร402,125,อาคารแม่โจ้ 70 ปี : สร้างปัญญาเพื่อแผ่นดิน,C,อาจารย์อรพรรณ สุธาพันธ์
2569,1,10700307,ทักษะภาษาอังกฤษสำหรับศตวรรษที่ 21,21,พฤหัสบดี,3,13:00,15:00,ศร402,125,อาคารแม่โจ้ 70 ปี : สร้างปัญญาเพื่อแผ่นดิน,L,อาจารย์อรพรรณ สุธาพันธ์
2569,1,10700307,ทักษะภาษาอังกฤษสำหรับศตวรรษที่ 21,22,อังคาร,1,08:00,10:00,80-406,147,อาคารเรียนรวม 80 ปี,C,อาจารย์พิมพ์วลัญช์ สิทธิเดช
2569,1,10700307,ทักษะภาษาอังกฤษสำหรับศตวรรษที่ 21,22,ศุกร์,4,08:00,10:00,80-406,147,อาคารเรียนรวม 80 ปี,L,อาจารย์พิมพ์วลัญช์ สิทธิเดช
2569,1,10700307,ทักษะภาษาอังกฤษสำหรับศตวรรษที่ 21,23,จันทร์,0,13:00,15:00,80-409,147,อาคารเรียนรวม 80 ปี,C,อาจารย์วัชรียา บำรุงคีรี
2569,1,10700307,ทักษะภาษาอังกฤษสำหรับศตวรรษที่ 21,23,พฤหัสบดี,3,13:00,15:00,80-409,147,อาคารเรียนรวม 80 ปี,L,อาจารย์วัชรียา บำรุงคีรี
2569,1,10700307,ทักษะภาษาอังกฤษสำหรับศตวรรษที่ 21,24,อังคาร,1,15:00,17:00,80-506,147,อาคารเรียนรวม 80 ปี,C,อาจารย์พิมพ์วลัญช์ สิทธิเดช
2569,1,10700307,ทักษะภาษาอังกฤษสำหรับศตวรรษที่ 21,24,ศุกร์,4,15:00,17:00,80-506,147,อาคารเรียนรวม 80 ปี,L,อาจารย์พิมพ์วลัญช์ สิทธิเดช
2569,1,10700307,ทักษะภาษาอังกฤษสำหรับศตวรรษที่ 21,25,อังคาร,1,15:00,17:00,80-404,147,อาคารเรียนรวม 80 ปี,C,อาจารย์วัชรียา บำรุงคีรี
2569,1,10700307,ทักษะภาษาอังกฤษสำหรับศตวรรษที่ 21,25,ศุกร์,4,15:00,17:00,80-404,147,อาคารเรียนรวม 80 ปี,C,อาจารย์วัชรียา บำรุงคีรี
2569,1,10700307,ทักษะภาษาอังกฤษสำหรับศตวรรษที่ 21,26,จันทร์,0,15:00,17:00,ศร502,125,อาคารแม่โจ้ 70 ปี : สร้างปัญญาเพื่อแผ่นดิน,C,ผู้ช่วยศาสตราจารย์สุภาพร มโนวงศ์
2569,1,10700307,ทักษะภาษาอังกฤษสำหรับศตวรรษที่ 21,26,พฤหัสบดี,3,15:00,17:00,ศร502,125,อาคารแม่โจ้ 70 ปี : สร้างปัญญาเพื่อแผ่นดิน,L,ผู้ช่วยศาสตราจารย์สุภาพร มโนวงศ์
2569,1,10700307,ทักษะภาษาอังกฤษสำหรับศตวรรษที่ 21,27,อังคาร,1,15:00,17:00,80-505,147,อาคารเรียนรวม 80 ปี,C,อาจารย์พงษ์ศักดิ์ รวมทรัพย์
2569,1,10700307,ทักษะภาษาอังกฤษสำหรับศตวรรษที่ 21,27,ศุกร์,4,15:00,17:00,80-505,147,อาคารเรียนรวม 80 ปี,L,อาจารย์พงษ์ศักดิ์ รวมทรัพย์
2569,1,10700307,ทักษะภาษาอังกฤษสำหรับศตวรรษที่ 21,28,อังคาร,1,10:00,12:00,สังคม 211,102,ประเสริฐ ณ นคร,C,อาจารย์ชนิตสิรี ศุภพิมล
2569,1,10700307,ทักษะภาษาอังกฤษสำหรับศตวรรษที่ 21,28,ศุกร์,4,10:00,12:00,สังคม 211,102,ประเสริฐ ณ นคร,L,อาจารย์ชนิตสิรี ศุภพิมล
2569,1,10700307,ทักษะภาษาอังกฤษสำหรับศตวรรษที่ 21,29,อังคาร,1,10:00,12:00,สังคม 202,102,ประเสริฐ ณ นคร,C,ผู้ช่วยศาสตราจารย์ ดร.จารุลักษณ์ งามลักษณ์
2569,1,10700307,ทักษะภาษาอังกฤษสำหรับศตวรรษที่ 21,29,ศุกร์,4,10:00,12:00,สังคม 202,102,ประเสริฐ ณ นคร,L,ผู้ช่วยศาสตราจารย์ ดร.จารุลักษณ์ งามลักษณ์
2569,1,10700307,ทักษะภาษาอังกฤษสำหรับศตวรรษที่ 21,30,จันทร์,0,13:00,15:00,สังคม 202,102,ประเสริฐ ณ นคร,C,อาจารย์พฤนทร สนิทมัจโร
2569,1,10700307,ทักษะภาษาอังกฤษสำหรับศตวรรษที่ 21,30,พฤหัสบดี,3,13:00,15:00,สังคม 202,102,ประเสริฐ ณ นคร,L,อาจารย์พฤนทร สนิทมัจโร
2569,1,10700307,ทักษะภาษาอังกฤษสำหรับศตวรรษที่ 21,31,จันทร์,0,17:00,19:00,80-403,147,อาคารเรียนรวม 80 ปี,C,อาจารย์พฤนทร สนิทมัจโร
2569,1,10700307,ทักษะภาษาอังกฤษสำหรับศตวรรษที่ 21,31,พฤหัสบดี,3,17:00,19:00,80-403,147,อาคารเรียนรวม 80 ปี,L,อาจารย์พฤนทร สนิทมัจโร
2569,1,10700307,ทักษะภาษาอังกฤษสำหรับศตวรรษที่ 21,32,พุธ,2,08:00,10:00,สังคม 202,102,ประเสริฐ ณ นคร,C,อาจารย์พรธีรนันท์ จันทร์ผา
2569,1,10700307,ทักษะภาษาอังกฤษสำหรับศตวรรษที่ 21,32,พุธ,2,10:00,12:00,สังคม 202,102,ประเสริฐ ณ นคร,L,อาจารย์พรธีรนันท์ จันทร์ผา
2569,1,10700307,ทักษะภาษาอังกฤษสำหรับศตวรรษที่ 21,33,อังคาร,1,17:00,19:00,80-410,147,อาคารเรียนรวม 80 ปี,C,อาจารย์ ดร.จันทนี กันโฑ
2569,1,10700307,ทักษะภาษาอังกฤษสำหรับศตวรรษที่ 21,33,ศุกร์,4,17:00,19:00,80-410,147,อาคารเรียนรวม 80 ปี,L,อาจารย์ ดร.จันทนี กันโฑ
2569,1,10700307,ทักษะภาษาอังกฤษสำหรับศตวรรษที่ 21,1,จันทร์,0,08:00,10:00,S1.LAB : 801,801,,C,อาจารย์ศศิมินตรา บุญรักษา
2569,1,10700307,ทักษะภาษาอังกฤษสำหรับศตวรรษที่ 21,1,พฤหัสบดี,3,08:00,10:00,S1.LAB : 801,801,,L,อาจารย์ศศิมินตรา บุญรักษา
2569,1,10700307,ทักษะภาษาอังกฤษสำหรับศตวรรษที่ 21,2,อังคาร,1,13:00,15:00,S2.LAB : 801,801,,C,อาจารย์ศรีสุดา ทาหาร
2569,1,10700307,ทักษะภาษาอังกฤษสำหรับศตวรรษที่ 21,2,ศุกร์,4,13:00,15:00,114 : 801,801,,L,อาจารย์ศรีสุดา ทาหาร
2569,1,10700307,ทักษะภาษาอังกฤษสำหรับศตวรรษที่ 21,3,จันทร์,0,08:00,10:00,S2.LAB : 801,801,,C,อาจารย์ศรีสุดา ทาหาร
2569,1,10700307,ทักษะภาษาอังกฤษสำหรับศตวรรษที่ 21,3,พฤหัสบดี,3,08:00,10:00,S2.LAB : 801,801,,L,อาจารย์ศรีสุดา ทาหาร
2569,1,10700307,ทักษะภาษาอังกฤษสำหรับศตวรรษที่ 21,4,อังคาร,1,10:00,12:00,S2.LAB : 801,801,,C,อาจารย์ศรีสุดา ทาหาร
2569,1,10700307,ทักษะภาษาอังกฤษสำหรับศตวรรษที่ 21,4,ศุกร์,4,10:00,12:00,S2.LAB : 801,801,,L,อาจารย์ศรีสุดา ทาหาร
2569,1,10700307,ทักษะภาษาอังกฤษสำหรับศตวรรษที่ 21,5,จันทร์,0,10:00,12:00,115 : 801,801,,C,ผู้ช่วยศาสตราจารย์ ดร.กรรณิการ์ กาญจันดา
2569,1,10700307,ทักษะภาษาอังกฤษสำหรับศตวรรษที่ 21,5,พฤหัสบดี,3,10:00,12:00,208 : 801,801,,L,ผู้ช่วยศาสตราจารย์ ดร.กรรณิการ์ กาญจันดา
2569,1,10700307,ทักษะภาษาอังกฤษสำหรับศตวรรษที่ 21,6,จันทร์,0,13:00,15:00,208 : 801,801,,C,อาจารย์ศศิมินตรา บุญรักษา
2569,1,10700307,ทักษะภาษาอังกฤษสำหรับศตวรรษที่ 21,6,พฤหัสบดี,3,13:00,15:00,208 : 801,801,,L,อาจารย์ศศิมินตรา บุญรักษา
2569,1,10700307,ทักษะภาษาอังกฤษสำหรับศตวรรษที่ 21,7,จันทร์,0,10:00,12:00,S2.LAB : 801,801,,C,อาจารย์ศรีสุดา ทาหาร
2569,1,10700307,ทักษะภาษาอังกฤษสำหรับศตวรรษที่ 21,7,พฤหัสบดี,3,10:00,12:00,S2.LAB : 801,801,,L,อาจารย์ศรีสุดา ทาหาร
2569,1,10700307,ทักษะภาษาอังกฤษสำหรับศตวรรษที่ 21,8,จันทร์,0,17:00,21:00,TBA(แพร่),TBA,,C,ผู้ช่วยศาสตราจารย์ ดร.กรรณิการ์ กาญจันดา
2569,1,10700308,ภาษาอังกฤษในชีวิตประจำวัน,1,จันทร์,0,08:00,10:00,80-303,147,อาคารเรียนรวม 80 ปี,C,อาจารย์ปิยภัทร ชัยชมพู
2569,1,10700308,ภาษาอังกฤษในชีวิตประจำวัน,1,พฤหัสบดี,3,08:00,10:00,80-303,147,อาคารเรียนรวม 80 ปี,L,อาจารย์ปิยภัทร ชัยชมพู
2569,1,10700308,ภาษาอังกฤษในชีวิตประจำวัน,2,จันทร์,0,08:00,10:00,ศร402,125,อาคารแม่โจ้ 70 ปี : สร้างปัญญาเพื่อแผ่นดิน,C,อาจารย์ชุดาภัค ชัยชมพู
2569,1,10700308,ภาษาอังกฤษในชีวิตประจำวัน,2,พฤหัสบดี,3,08:00,10:00,ศร402,125,อาคารแม่โจ้ 70 ปี : สร้างปัญญาเพื่อแผ่นดิน,L,อาจารย์ชุดาภัค ชัยชมพู
2569,1,10700308,ภาษาอังกฤษในชีวิตประจำวัน,3,จันทร์,0,10:00,12:00,ศร303,125,อาคารแม่โจ้ 70 ปี : สร้างปัญญาเพื่อแผ่นดิน,C,อาจารย์อัญชนา พรรณรังษี
2569,1,10700308,ภาษาอังกฤษในชีวิตประจำวัน,3,พฤหัสบดี,3,10:00,12:00,ศร303,125,อาคารแม่โจ้ 70 ปี : สร้างปัญญาเพื่อแผ่นดิน,L,อาจารย์อัญชนา พรรณรังษี
2569,1,10700308,ภาษาอังกฤษในชีวิตประจำวัน,4,อังคาร,1,13:00,15:00,80-402,147,อาคารเรียนรวม 80 ปี,C,อาจารย์ปิยภัทร ชัยชมพู
2569,1,10700308,ภาษาอังกฤษในชีวิตประจำวัน,4,ศุกร์,4,13:00,15:00,80-402,147,อาคารเรียนรวม 80 ปี,L,อาจารย์ปิยภัทร ชัยชมพู
2569,1,10700308,ภาษาอังกฤษในชีวิตประจำวัน,5,จันทร์,0,15:00,17:00,ศร402,125,อาคารแม่โจ้ 70 ปี : สร้างปัญญาเพื่อแผ่นดิน,C,
2569,1,10700308,ภาษาอังกฤษในชีวิตประจำวัน,5,พฤหัสบดี,3,15:00,17:00,ศร402,125,อาคารแม่โจ้ 70 ปี : สร้างปัญญาเพื่อแผ่นดิน,L,
2569,1,10700308,ภาษาอังกฤษในชีวิตประจำวัน,8,จันทร์,0,08:00,10:00,ศกฬรับรอง2,110,ศูนย์กีฬาเฉลิมพระเกียรติ (โซน B),C,อาจารย์วาสิดา สาวงศ์ทะ
2569,1,10700308,ภาษาอังกฤษในชีวิตประจำวัน,8,พฤหัสบดี,3,08:00,10:00,ศกฬรับรอง2,110,ศูนย์กีฬาเฉลิมพระเกียรติ (โซน B),L,อาจารย์วาสิดา สาวงศ์ทะ
2569,1,10700308,ภาษาอังกฤษในชีวิตประจำวัน,9,อังคาร,1,08:00,10:00,ศร303,125,อาคารแม่โจ้ 70 ปี : สร้างปัญญาเพื่อแผ่นดิน,C,อาจารย์นิลุบล จิตต์มั่น
2569,1,10700308,ภาษาอังกฤษในชีวิตประจำวัน,9,ศุกร์,4,08:00,10:00,ศร303,125,อาคารแม่โจ้ 70 ปี : สร้างปัญญาเพื่อแผ่นดิน,L,อาจารย์นิลุบล จิตต์มั่น
2569,1,10700308,ภาษาอังกฤษในชีวิตประจำวัน,10,อังคาร,1,08:00,10:00,ศร401,125,อาคารแม่โจ้ 70 ปี : สร้างปัญญาเพื่อแผ่นดิน,C,อาจารย์สุพิน ลักษณ์นารากุล
2569,1,10700308,ภาษาอังกฤษในชีวิตประจำวัน,10,ศุกร์,4,08:00,10:00,ศร401,125,อาคารแม่โจ้ 70 ปี : สร้างปัญญาเพื่อแผ่นดิน,L,อาจารย์สุพิน ลักษณ์นารากุล
2569,1,10700308,ภาษาอังกฤษในชีวิตประจำวัน,11,อังคาร,1,08:00,10:00,EC403,140,อาคารเศรษฐศาสตร์,C,อาจารย์อัญชนา พรรณรังษี
2569,1,10700308,ภาษาอังกฤษในชีวิตประจำวัน,11,ศุกร์,4,08:00,10:00,EC403,140,อาคารเศรษฐศาสตร์,L,อาจารย์อัญชนา พรรณรังษี
2569,1,10700308,ภาษาอังกฤษในชีวิตประจำวัน,12,อังคาร,1,10:00,12:00,80-409,147,อาคารเรียนรวม 80 ปี,C,อาจารย์นิลุบล จิตต์มั่น
2569,1,10700308,ภาษาอังกฤษในชีวิตประจำวัน,12,ศุกร์,4,10:00,12:00,80-409,147,อาคารเรียนรวม 80 ปี,C,อาจารย์นิลุบล จิตต์มั่น
2569,1,10700308,ภาษาอังกฤษในชีวิตประจำวัน,13,อังคาร,1,10:00,12:00,80-304,147,อาคารเรียนรวม 80 ปี,C,อาจารย์ปิยภัทร ชัยชมพู
2569,1,10700308,ภาษาอังกฤษในชีวิตประจำวัน,13,ศุกร์,4,10:00,12:00,80-304,147,อาคารเรียนรวม 80 ปี,L,อาจารย์ปิยภัทร ชัยชมพู
2569,1,10700308,ภาษาอังกฤษในชีวิตประจำวัน,14,อังคาร,1,13:00,15:00,ศร303,125,อาคารแม่โจ้ 70 ปี : สร้างปัญญาเพื่อแผ่นดิน,C,อาจารย์อัญชนา พรรณรังษี
2569,1,10700308,ภาษาอังกฤษในชีวิตประจำวัน,14,ศุกร์,4,13:00,15:00,ศร303,125,อาคารแม่โจ้ 70 ปี : สร้างปัญญาเพื่อแผ่นดิน,L,อาจารย์อัญชนา พรรณรังษี
2569,1,10700308,ภาษาอังกฤษในชีวิตประจำวัน,15,จันทร์,0,10:00,12:00,สังคม 209,102,ประเสริฐ ณ นคร,C,อาจารย์เพชรรัตน์ ศรีนุต
2569,1,10700308,ภาษาอังกฤษในชีวิตประจำวัน,15,พฤหัสบดี,3,10:00,12:00,สังคม 209,102,ประเสริฐ ณ นคร,L,อาจารย์เพชรรัตน์ ศรีนุต
2569,1,10700308,ภาษาอังกฤษในชีวิตประจำวัน,16,อังคาร,1,15:00,17:00,ศร303,125,อาคารแม่โจ้ 70 ปี : สร้างปัญญาเพื่อแผ่นดิน,C,ผู้ช่วยศาสตราจารย์หทยา อนันต์สุชาติกุล
2569,1,10700308,ภาษาอังกฤษในชีวิตประจำวัน,16,ศุกร์,4,15:00,17:00,ศร303,125,อาคารแม่โจ้ 70 ปี : สร้างปัญญาเพื่อแผ่นดิน,L,ผู้ช่วยศาสตราจารย์หทยา อนันต์สุชาติกุล
2569,1,10700308,ภาษาอังกฤษในชีวิตประจำวัน,17,จันทร์,0,15:00,17:00,ศกฬ เรียน1,110,ศูนย์กีฬาเฉลิมพระเกียรติ (โซน B),C,อาจารย์นิลุบล จิตต์มั่น
2569,1,10700308,ภาษาอังกฤษในชีวิตประจำวัน,17,พฤหัสบดี,3,15:00,17:00,ศกฬ เรียน1,110,ศูนย์กีฬาเฉลิมพระเกียรติ (โซน B),L,อาจารย์นิลุบล จิตต์มั่น
2569,1,10700308,ภาษาอังกฤษในชีวิตประจำวัน,18,จันทร์,0,15:00,17:00,ศร305,125,อาคารแม่โจ้ 70 ปี : สร้างปัญญาเพื่อแผ่นดิน,C,อาจารย์อนุลักษณ์ ปิงยศ
2569,1,10700308,ภาษาอังกฤษในชีวิตประจำวัน,18,พฤหัสบดี,3,15:00,17:00,ศร305,125,อาคารแม่โจ้ 70 ปี : สร้างปัญญาเพื่อแผ่นดิน,L,อาจารย์อนุลักษณ์ ปิงยศ
2569,1,10700308,ภาษาอังกฤษในชีวิตประจำวัน,19,จันทร์,0,17:00,19:00,80-408,147,อาคารเรียนรวม 80 ปี,C,อาจารย์ ดร.พิสิษฐ์ โรจน์คณรัชต์
2569,1,10700308,ภาษาอังกฤษในชีวิตประจำวัน,19,พฤหัสบดี,3,17:00,19:00,80-408,147,อาคารเรียนรวม 80 ปี,L,อาจารย์ ดร.พิสิษฐ์ โรจน์คณรัชต์
2569,1,10700308,ภาษาอังกฤษในชีวิตประจำวัน,20,อังคาร,1,15:00,17:00,80-305 (สำรอง),147,อาคารเรียนรวม 80 ปี,C,อาจารย์สิริน ไทยตรง
2569,1,10700308,ภาษาอังกฤษในชีวิตประจำวัน,20,ศุกร์,4,15:00,17:00,80-305 (สำรอง),147,อาคารเรียนรวม 80 ปี,L,อาจารย์สิริน ไทยตรง
2569,1,10700308,ภาษาอังกฤษในชีวิตประจำวัน,21,จันทร์,0,13:00,15:00,80-503,147,อาคารเรียนรวม 80 ปี,C,อาจารย์สุพิน ลักษณ์นารากุล
2569,1,10700308,ภาษาอังกฤษในชีวิตประจำวัน,21,พฤหัสบดี,3,13:00,15:00,80-503,147,อาคารเรียนรวม 80 ปี,L,อาจารย์สุพิน ลักษณ์นารากุล
2569,1,10700308,ภาษาอังกฤษในชีวิตประจำวัน,22,จันทร์,0,15:00,17:00,80-504,147,อาคารเรียนรวม 80 ปี,C,อาจารย์อรพรรณ สุธาพันธ์
2569,1,10700308,ภาษาอังกฤษในชีวิตประจำวัน,22,พฤหัสบดี,3,15:00,17:00,80-504,147,อาคารเรียนรวม 80 ปี,L,อาจารย์อรพรรณ สุธาพันธ์
2569,1,10700308,ภาษาอังกฤษในชีวิตประจำวัน,23,จันทร์,0,15:00,17:00,80-503,147,อาคารเรียนรวม 80 ปี,C,อาจารย์เพชรรัตน์ ศรีนุต
2569,1,10700308,ภาษาอังกฤษในชีวิตประจำวัน,23,พฤหัสบดี,3,15:00,17:00,80-503,147,อาคารเรียนรวม 80 ปี,L,อาจารย์เพชรรัตน์ ศรีนุต
2569,1,10700308,ภาษาอังกฤษในชีวิตประจำวัน,24,จันทร์,0,15:00,17:00,80-404,147,อาคารเรียนรวม 80 ปี,C,อาจารย์พฤนทร สนิทมัจโร
2569,1,10700308,ภาษาอังกฤษในชีวิตประจำวัน,24,พฤหัสบดี,3,15:00,17:00,80-404,147,อาคารเรียนรวม 80 ปี,L,อาจารย์พฤนทร สนิทมัจโร
2569,1,10700308,ภาษาอังกฤษในชีวิตประจำวัน,25,จันทร์,0,15:00,17:00,80-304,147,อาคารเรียนรวม 80 ปี,C,อาจารย์จิณัฐญ์ตา ธงสิบสอง
2569,1,10700308,ภาษาอังกฤษในชีวิตประจำวัน,25,พฤหัสบดี,3,15:00,17:00,80-304,147,อาคารเรียนรวม 80 ปี,L,อาจารย์จิณัฐญ์ตา ธงสิบสอง
2569,1,10700308,ภาษาอังกฤษในชีวิตประจำวัน,26,จันทร์,0,10:00,12:00,ศกฬรับรอง2,110,ศูนย์กีฬาเฉลิมพระเกียรติ (โซน B),C,อาจารย์วาสิดา สาวงศ์ทะ
2569,1,10700308,ภาษาอังกฤษในชีวิตประจำวัน,26,พฤหัสบดี,3,10:00,12:00,ศกฬรับรอง2,110,ศูนย์กีฬาเฉลิมพระเกียรติ (โซน B),L,อาจารย์วาสิดา สาวงศ์ทะ
2569,1,10700308,ภาษาอังกฤษในชีวิตประจำวัน,27,จันทร์,0,10:00,12:00,ศร502,125,อาคารแม่โจ้ 70 ปี : สร้างปัญญาเพื่อแผ่นดิน,C,อาจารย์ปิยธิดา ชัยวงค์
2569,1,10700308,ภาษาอังกฤษในชีวิตประจำวัน,27,พฤหัสบดี,3,10:00,12:00,ศร502,125,อาคารแม่โจ้ 70 ปี : สร้างปัญญาเพื่อแผ่นดิน,L,อาจารย์ปิยธิดา ชัยวงค์
2569,1,10700308,ภาษาอังกฤษในชีวิตประจำวัน,28,จันทร์,0,08:00,10:00,80-409,147,อาคารเรียนรวม 80 ปี,C,อาจารย์นิลุบล จิตต์มั่น
2569,1,10700308,ภาษาอังกฤษในชีวิตประจำวัน,28,พฤหัสบดี,3,08:00,10:00,80-409,147,อาคารเรียนรวม 80 ปี,L,อาจารย์นิลุบล จิตต์มั่น
2569,1,10700308,ภาษาอังกฤษในชีวิตประจำวัน,29,อังคาร,1,10:00,12:00,สังคม 106,102,ประเสริฐ ณ นคร,C,อาจารย์ชุดาภัค ชัยชมพู
2569,1,10700308,ภาษาอังกฤษในชีวิตประจำวัน,29,ศุกร์,4,10:00,12:00,สังคม 106,102,ประเสริฐ ณ นคร,L,อาจารย์ชุดาภัค ชัยชมพู
2569,1,10700308,ภาษาอังกฤษในชีวิตประจำวัน,30,อังคาร,1,13:00,15:00,ศร204,125,อาคารแม่โจ้ 70 ปี : สร้างปัญญาเพื่อแผ่นดิน,C,อาจารย์ชุดาภัค ชัยชมพู
2569,1,10700308,ภาษาอังกฤษในชีวิตประจำวัน,30,ศุกร์,4,13:00,15:00,ศร204,125,อาคารแม่โจ้ 70 ปี : สร้างปัญญาเพื่อแผ่นดิน,C,อาจารย์ชุดาภัค ชัยชมพู
2569,1,10700308,ภาษาอังกฤษในชีวิตประจำวัน,31,อังคาร,1,13:00,15:00,80-505,147,อาคารเรียนรวม 80 ปี,C,อาจารย์อนุลักษณ์ ปิงยศ
2569,1,10700308,ภาษาอังกฤษในชีวิตประจำวัน,31,ศุกร์,4,13:00,15:00,80-505,147,อาคารเรียนรวม 80 ปี,L,อาจารย์อนุลักษณ์ ปิงยศ
2569,1,10700308,ภาษาอังกฤษในชีวิตประจำวัน,32,อังคาร,1,13:00,15:00,80-406,147,อาคารเรียนรวม 80 ปี,C,อาจารย์เพชรรัตน์ ศรีนุต
2569,1,10700308,ภาษาอังกฤษในชีวิตประจำวัน,32,ศุกร์,4,13:00,15:00,80-406,147,อาคารเรียนรวม 80 ปี,L,อาจารย์เพชรรัตน์ ศรีนุต
2569,1,10700308,ภาษาอังกฤษในชีวิตประจำวัน,33,พุธ,2,08:00,10:00,80-406,147,อาคารเรียนรวม 80 ปี,C,อาจารย์พรนิภา บรรจงมณี
2569,1,10700308,ภาษาอังกฤษในชีวิตประจำวัน,33,พุธ,2,10:00,12:00,80-406,147,อาคารเรียนรวม 80 ปี,L,อาจารย์พรนิภา บรรจงมณี
2569,1,10700308,ภาษาอังกฤษในชีวิตประจำวัน,34,จันทร์,0,13:00,15:00,80-303,147,อาคารเรียนรวม 80 ปี,C,อาจารย์ปิยธิดา ชัยวงค์
2569,1,10700308,ภาษาอังกฤษในชีวิตประจำวัน,34,พฤหัสบดี,3,13:00,15:00,80-303,147,อาคารเรียนรวม 80 ปี,L,อาจารย์ปิยธิดา ชัยวงค์
2569,1,10700308,ภาษาอังกฤษในชีวิตประจำวัน,35,อังคาร,1,08:00,10:00,ศร502,125,อาคารแม่โจ้ 70 ปี : สร้างปัญญาเพื่อแผ่นดิน,C,อาจารย์ปิยภัทร ชัยชมพู
2569,1,10700308,ภาษาอังกฤษในชีวิตประจำวัน,35,ศุกร์,4,08:00,10:00,ศร502,125,อาคารแม่โจ้ 70 ปี : สร้างปัญญาเพื่อแผ่นดิน,L,อาจารย์ปิยภัทร ชัยชมพู
2569,1,10700308,ภาษาอังกฤษในชีวิตประจำวัน,36,จันทร์,0,10:00,12:00,ศร402,125,อาคารแม่โจ้ 70 ปี : สร้างปัญญาเพื่อแผ่นดิน,C,อาจารย์สิริน ไทยตรง
2569,1,10700308,ภาษาอังกฤษในชีวิตประจำวัน,36,พฤหัสบดี,3,10:00,12:00,ศร402,125,อาคารแม่โจ้ 70 ปี : สร้างปัญญาเพื่อแผ่นดิน,L,อาจารย์สิริน ไทยตรง
2569,1,10700308,ภาษาอังกฤษในชีวิตประจำวัน,37,พุธ,2,08:00,10:00,80-505,147,อาคารเรียนรวม 80 ปี,C,อาจารย์อรพรรณ สุธาพันธ์
2569,1,10700308,ภาษาอังกฤษในชีวิตประจำวัน,37,พุธ,2,10:00,12:00,80-505,147,อาคารเรียนรวม 80 ปี,L,อาจารย์อรพรรณ สุธาพันธ์
2569,1,10700308,ภาษาอังกฤษในชีวิตประจำวัน,38,อังคาร,1,10:00,12:00,80-404,147,อาคารเรียนรวม 80 ปี,C,อาจารย์สุพิน ลักษณ์นารากุล
2569,1,10700308,ภาษาอังกฤษในชีวิตประจำวัน,38,ศุกร์,4,10:00,12:00,80-404,147,อาคารเรียนรวม 80 ปี,L,อาจารย์สุพิน ลักษณ์นารากุล
2569,1,10700308,ภาษาอังกฤษในชีวิตประจำวัน,39,อังคาร,1,08:00,10:00,ศร402,125,อาคารแม่โจ้ 70 ปี : สร้างปัญญาเพื่อแผ่นดิน,C,อาจารย์ชุดาภัค ชัยชมพู
2569,1,10700308,ภาษาอังกฤษในชีวิตประจำวัน,39,ศุกร์,4,08:00,10:00,ศร402,125,อาคารแม่โจ้ 70 ปี : สร้างปัญญาเพื่อแผ่นดิน,L,อาจารย์ชุดาภัค ชัยชมพู
2569,1,10700308,ภาษาอังกฤษในชีวิตประจำวัน,40,อังคาร,1,15:00,17:00,80-507,147,อาคารเรียนรวม 80 ปี,C,อาจารย์เพชรรัตน์ ศรีนุต
2569,1,10700308,ภาษาอังกฤษในชีวิตประจำวัน,40,ศุกร์,4,15:00,17:00,80-507,147,อาคารเรียนรวม 80 ปี,L,อาจารย์เพชรรัตน์ ศรีนุต
2569,1,10700308,ภาษาอังกฤษในชีวิตประจำวัน,41,อังคาร,1,10:00,12:00,สังคม 207,102,ประเสริฐ ณ นคร,C,อาจารย์ปิยธิดา ชัยวงค์
2569,1,10700308,ภาษาอังกฤษในชีวิตประจำวัน,41,ศุกร์,4,10:00,12:00,สังคม 207,102,ประเสริฐ ณ นคร,L,อาจารย์ปิยธิดา ชัยวงค์
2569,1,10700308,ภาษาอังกฤษในชีวิตประจำวัน,42,จันทร์,0,17:00,19:00,80-304,147,อาคารเรียนรวม 80 ปี,C,อาจารย์ฐิติรัตน์ ถนอมสิงห์
2569,1,10700308,ภาษาอังกฤษในชีวิตประจำวัน,42,พฤหัสบดี,3,17:00,19:00,80-304,147,อาคารเรียนรวม 80 ปี,L,อาจารย์ฐิติรัตน์ ถนอมสิงห์
2569,1,10700308,ภาษาอังกฤษในชีวิตประจำวัน,43,อังคาร,1,17:00,19:00,80-305 (สำรอง),147,อาคารเรียนรวม 80 ปี,C,อาจารย์สิริน ไทยตรง
2569,1,10700308,ภาษาอังกฤษในชีวิตประจำวัน,43,ศุกร์,4,17:00,19:00,80-305 (สำรอง),147,อาคารเรียนรวม 80 ปี,L,อาจารย์สิริน ไทยตรง
2569,1,10700308,ภาษาอังกฤษในชีวิตประจำวัน,44,อังคาร,1,17:00,19:00,80-408,147,อาคารเรียนรวม 80 ปี,C,ผู้ช่วยศาสตราจารย์ปัณณภัสร์ ปัญญาคม
2569,1,10700308,ภาษาอังกฤษในชีวิตประจำวัน,44,ศุกร์,4,17:00,19:00,80-408,147,อาคารเรียนรวม 80 ปี,L,ผู้ช่วยศาสตราจารย์ปัณณภัสร์ ปัญญาคม
2569,1,10700308,ภาษาอังกฤษในชีวิตประจำวัน,45,อังคาร,1,17:00,19:00,80-409,147,อาคารเรียนรวม 80 ปี,C,ผู้ช่วยศาสตราจารย์เกิดศิริ ชมภูกาวิน
2569,1,10700308,ภาษาอังกฤษในชีวิตประจำวัน,45,ศุกร์,4,17:00,19:00,80-409,147,อาคารเรียนรวม 80 ปี,L,ผู้ช่วยศาสตราจารย์เกิดศิริ ชมภูกาวิน
2569,1,10700308,ภาษาอังกฤษในชีวิตประจำวัน,46,อังคาร,1,10:00,12:00,สิงห์ปราชญ์,142,อาคารเทพ พงษ์พานิช,C,อาจารย์อนุลักษณ์ ปิงยศ
2569,1,10700308,ภาษาอังกฤษในชีวิตประจำวัน,46,ศุกร์,4,10:00,12:00,สิงห์ปราชญ์,142,อาคารเทพ พงษ์พานิช,L,อาจารย์อนุลักษณ์ ปิงยศ
2569,1,10700308,ภาษาอังกฤษในชีวิตประจำวัน,1,จันทร์,0,08:00,10:00,106 : 801,801,,C,อาจารย์ ดร.วรรณอุบล สิงห์อยู่เจริญ
2569,1,10700308,ภาษาอังกฤษในชีวิตประจำวัน,1,พฤหัสบดี,3,08:00,10:00,106 : 801,801,,L,อาจารย์ ดร.วรรณอุบล สิงห์อยู่เจริญ
2569,1,10700308,ภาษาอังกฤษในชีวิตประจำวัน,1,จันทร์,0,13:00,15:00,308,716,,C,อาจารย์อนณ ประชานิยม
2569,1,10700308,ภาษาอังกฤษในชีวิตประจำวัน,1,พฤหัสบดี,3,13:00,15:00,308,716,,L,อาจารย์อนณ ประชานิยม
2569,1,10700309,สนทนาภาษาอังกฤษ,1,จันทร์,0,10:00,12:00,SAS301,142,อาคารเทพ พงษ์พานิช,C,อาจารย์จิณัฐญ์ตา ธงสิบสอง
2569,1,10700309,สนทนาภาษาอังกฤษ,1,พฤหัสบดี,3,10:00,12:00,SAS301,142,อาคารเทพ พงษ์พานิช,L,อาจารย์จิณัฐญ์ตา ธงสิบสอง
2569,1,10700309,สนทนาภาษาอังกฤษ,2,จันทร์,0,10:00,12:00,80-410,147,อาคารเรียนรวม 80 ปี,C,ผู้ช่วยศาสตราจารย์ดาราณี ชุมทอง
2569,1,10700309,สนทนาภาษาอังกฤษ,2,พฤหัสบดี,3,10:00,12:00,80-410,147,อาคารเรียนรวม 80 ปี,L,ผู้ช่วยศาสตราจารย์ดาราณี ชุมทอง
2569,1,10700309,สนทนาภาษาอังกฤษ,3,อังคาร,1,10:00,12:00,80-408,147,อาคารเรียนรวม 80 ปี,C,อาจารย์ภาคศิริ ปั้นลี้ ทองเสน
2569,1,10700309,สนทนาภาษาอังกฤษ,3,ศุกร์,4,10:00,12:00,80-408,147,อาคารเรียนรวม 80 ปี,C,อาจารย์ภาคศิริ ปั้นลี้ ทองเสน
2569,1,10700309,สนทนาภาษาอังกฤษ,4,จันทร์,0,08:00,10:00,ศร305,125,อาคารแม่โจ้ 70 ปี : สร้างปัญญาเพื่อแผ่นดิน,C,อาจารย์จิณัฐญ์ตา ธงสิบสอง
2569,1,10700309,สนทนาภาษาอังกฤษ,4,พฤหัสบดี,3,08:00,10:00,ศร305,125,อาคารแม่โจ้ 70 ปี : สร้างปัญญาเพื่อแผ่นดิน,L,อาจารย์จิณัฐญ์ตา ธงสิบสอง
2569,1,10700309,สนทนาภาษาอังกฤษ,5,จันทร์,0,08:00,10:00,80-506,147,อาคารเรียนรวม 80 ปี,C,ผู้ช่วยศาสตราจารย์ดาราณี ชุมทอง
2569,1,10700309,สนทนาภาษาอังกฤษ,5,พฤหัสบดี,3,08:00,10:00,80-506,147,อาคารเรียนรวม 80 ปี,L,ผู้ช่วยศาสตราจารย์ดาราณี ชุมทอง
2569,1,10700309,สนทนาภาษาอังกฤษ,6,อังคาร,1,15:00,17:00,สังคม 211,102,ประเสริฐ ณ นคร,C,อาจารย์ภาคศิริ ปั้นลี้ ทองเสน
2569,1,10700309,สนทนาภาษาอังกฤษ,6,ศุกร์,4,15:00,17:00,สังคม 211,102,ประเสริฐ ณ นคร,L,อาจารย์ภาคศิริ ปั้นลี้ ทองเสน
2569,1,10700309,สนทนาภาษาอังกฤษ,7,อังคาร,1,08:00,10:00,80-506,147,อาคารเรียนรวม 80 ปี,C,อาจารย์อัศนีย์ นันทชัยพันธ์
2569,1,10700309,สนทนาภาษาอังกฤษ,7,ศุกร์,4,08:00,10:00,80-506,147,อาคารเรียนรวม 80 ปี,L,อาจารย์อัศนีย์ นันทชัยพันธ์
2569,1,10700309,สนทนาภาษาอังกฤษ,8,อังคาร,1,08:00,10:00,80-507,147,อาคารเรียนรวม 80 ปี,C,ผู้ช่วยศาสตราจารย์ดาราณี ชุมทอง
2569,1,10700309,สนทนาภาษาอังกฤษ,8,ศุกร์,4,08:00,10:00,80-507,147,อาคารเรียนรวม 80 ปี,L,ผู้ช่วยศาสตราจารย์ดาราณี ชุมทอง
2569,1,10700309,สนทนาภาษาอังกฤษ,9,จันทร์,0,15:00,17:00,80-408,147,อาคารเรียนรวม 80 ปี,C,MissMaria Liselle D.Flipphi
2569,1,10700309,สนทนาภาษาอังกฤษ,9,พฤหัสบดี,3,15:00,17:00,80-408,147,อาคารเรียนรวม 80 ปี,L,MissMaria Liselle D.Flipphi
2569,1,10700309,สนทนาภาษาอังกฤษ,10,จันทร์,0,15:00,17:00,สังคม 202,102,ประเสริฐ ณ นคร,C,อาจารย์ภาคศิริ ปั้นลี้ ทองเสน
2569,1,10700309,สนทนาภาษาอังกฤษ,10,พฤหัสบดี,3,15:00,17:00,สังคม 202,102,ประเสริฐ ณ นคร,L,อาจารย์ภาคศิริ ปั้นลี้ ทองเสน
2569,1,10700309,สนทนาภาษาอังกฤษ,11,พุธ,2,08:00,10:00,80-403,147,อาคารเรียนรวม 80 ปี,C,ผู้ช่วยศาสตราจารย์ดาราณี ชุมทอง
2569,1,10700309,สนทนาภาษาอังกฤษ,11,พุธ,2,10:00,12:00,80-403,147,อาคารเรียนรวม 80 ปี,L,ผู้ช่วยศาสตราจารย์ดาราณี ชุมทอง
2569,1,10700309,สนทนาภาษาอังกฤษ,12,อังคาร,1,15:00,17:00,80-304,147,อาคารเรียนรวม 80 ปี,C,อาจารย์พรธีรนันท์ จันทร์ผา
2569,1,10700309,สนทนาภาษาอังกฤษ,12,ศุกร์,4,15:00,17:00,80-304,147,อาคารเรียนรวม 80 ปี,L,อาจารย์พรธีรนันท์ จันทร์ผา
2569,1,10700309,สนทนาภาษาอังกฤษ,13,อังคาร,1,15:00,17:00,ศร305,125,อาคารแม่โจ้ 70 ปี : สร้างปัญญาเพื่อแผ่นดิน,C,อาจารย์อัศนีย์ นันทชัยพันธ์
2569,1,10700309,สนทนาภาษาอังกฤษ,13,ศุกร์,4,15:00,17:00,ศร305,125,อาคารแม่โจ้ 70 ปี : สร้างปัญญาเพื่อแผ่นดิน,C,อาจารย์อัศนีย์ นันทชัยพันธ์
2569,1,10700309,สนทนาภาษาอังกฤษ,1,อังคาร,1,13:00,15:00,207 : 801,801,,C,อาจารย์ศศิมินตรา บุญรักษา
2569,1,10700309,สนทนาภาษาอังกฤษ,1,ศุกร์,4,13:00,15:00,S1.LAB : 801,801,,L,อาจารย์ศศิมินตรา บุญรักษา
2569,1,10700310,ภาษาอังกฤษเบื้องต้นสำหรับธุรกิจและสตาร์ทอัพ,1,จันทร์,0,08:00,10:00,80-505,147,อาคารเรียนรวม 80 ปี,C,อาจารย์ภัทธีรา อินใจ
2569,1,10700310,ภาษาอังกฤษเบื้องต้นสำหรับธุรกิจและสตาร์ทอัพ,1,พฤหัสบดี,3,08:00,10:00,80-505,147,อาคารเรียนรวม 80 ปี,L,อาจารย์ภัทธีรา อินใจ
2569,1,10700310,ภาษาอังกฤษเบื้องต้นสำหรับธุรกิจและสตาร์ทอัพ,2,จันทร์,0,17:00,19:00,80-303,147,อาคารเรียนรวม 80 ปี,C,อาจารย์อนุลักษณ์ ปิงยศ
2569,1,10700310,ภาษาอังกฤษเบื้องต้นสำหรับธุรกิจและสตาร์ทอัพ,2,พฤหัสบดี,3,17:00,19:00,80-303,147,อาคารเรียนรวม 80 ปี,L,อาจารย์อนุลักษณ์ ปิงยศ
2569,1,10700310,ภาษาอังกฤษเบื้องต้นสำหรับธุรกิจและสตาร์ทอัพ,3,จันทร์,0,17:00,19:00,80-505,147,อาคารเรียนรวม 80 ปี,C,ผู้ช่วยศาสตราจารย์ปัณณภัสร์ ปัญญาคม
2569,1,10700310,ภาษาอังกฤษเบื้องต้นสำหรับธุรกิจและสตาร์ทอัพ,3,พฤหัสบดี,3,17:00,19:00,80-505,147,อาคารเรียนรวม 80 ปี,L,ผู้ช่วยศาสตราจารย์ปัณณภัสร์ ปัญญาคม
2569,1,10700310,ภาษาอังกฤษเบื้องต้นสำหรับธุรกิจและสตาร์ทอัพ,4,จันทร์,0,10:00,12:00,ศร305,125,อาคารแม่โจ้ 70 ปี : สร้างปัญญาเพื่อแผ่นดิน,C,อาจารย์ภัทธีรา อินใจ
2569,1,10700310,ภาษาอังกฤษเบื้องต้นสำหรับธุรกิจและสตาร์ทอัพ,4,พฤหัสบดี,3,10:00,12:00,ศร305,125,อาคารแม่โจ้ 70 ปี : สร้างปัญญาเพื่อแผ่นดิน,L,อาจารย์ภัทธีรา อินใจ
2569,1,10700310,ภาษาอังกฤษเบื้องต้นสำหรับธุรกิจและสตาร์ทอัพ,5,จันทร์,0,10:00,12:00,80-404,147,อาคารเรียนรวม 80 ปี,C,อาจารย์ ดร.ศิริรัตน์ เขื่อนแก้ว
2569,1,10700310,ภาษาอังกฤษเบื้องต้นสำหรับธุรกิจและสตาร์ทอัพ,5,พฤหัสบดี,3,10:00,12:00,80-404,147,อาคารเรียนรวม 80 ปี,L,อาจารย์ ดร.ศิริรัตน์ เขื่อนแก้ว
2569,1,10700310,ภาษาอังกฤษเบื้องต้นสำหรับธุรกิจและสตาร์ทอัพ,6,จันทร์,0,10:00,12:00,80-304,147,อาคารเรียนรวม 80 ปี,C,อาจารย์รงรวง ภาษยะวรรณ
2569,1,10700310,ภาษาอังกฤษเบื้องต้นสำหรับธุรกิจและสตาร์ทอัพ,6,พฤหัสบดี,3,10:00,12:00,80-304,147,อาคารเรียนรวม 80 ปี,L,อาจารย์รงรวง ภาษยะวรรณ
2569,1,10700310,ภาษาอังกฤษเบื้องต้นสำหรับธุรกิจและสตาร์ทอัพ,7,จันทร์,0,08:00,10:00,80-504,147,อาคารเรียนรวม 80 ปี,C,อาจารย์อนุลักษณ์ ปิงยศ
2569,1,10700310,ภาษาอังกฤษเบื้องต้นสำหรับธุรกิจและสตาร์ทอัพ,7,พฤหัสบดี,3,08:00,10:00,80-504,147,อาคารเรียนรวม 80 ปี,L,อาจารย์อนุลักษณ์ ปิงยศ
2569,1,10700310,ภาษาอังกฤษเบื้องต้นสำหรับธุรกิจและสตาร์ทอัพ,8,จันทร์,0,15:00,17:00,สังคม 211,102,ประเสริฐ ณ นคร,C,อาจารย์รงรวง ภาษยะวรรณ
2569,1,10700310,ภาษาอังกฤษเบื้องต้นสำหรับธุรกิจและสตาร์ทอัพ,8,พฤหัสบดี,3,15:00,17:00,สังคม 211,102,ประเสริฐ ณ นคร,L,อาจารย์รงรวง ภาษยะวรรณ
2569,1,10700310,ภาษาอังกฤษเบื้องต้นสำหรับธุรกิจและสตาร์ทอัพ,9,อังคาร,1,15:00,17:00,80-501,147,อาคารเรียนรวม 80 ปี,C,อาจารย์สิริกัญญา สงวนพงษ์
2569,1,10700310,ภาษาอังกฤษเบื้องต้นสำหรับธุรกิจและสตาร์ทอัพ,9,ศุกร์,4,15:00,17:00,80-501,147,อาคารเรียนรวม 80 ปี,L,อาจารย์สิริกัญญา สงวนพงษ์
2569,1,10700310,ภาษาอังกฤษเบื้องต้นสำหรับธุรกิจและสตาร์ทอัพ,10,อังคาร,1,15:00,17:00,สังคม 208,102,ประเสริฐ ณ นคร,C,อาจารย์ ดร.ศิริรัตน์ เขื่อนแก้ว
2569,1,10700310,ภาษาอังกฤษเบื้องต้นสำหรับธุรกิจและสตาร์ทอัพ,10,ศุกร์,4,15:00,17:00,สังคม 208,102,ประเสริฐ ณ นคร,L,อาจารย์ ดร.ศิริรัตน์ เขื่อนแก้ว
2569,1,10700310,ภาษาอังกฤษเบื้องต้นสำหรับธุรกิจและสตาร์ทอัพ,11,อังคาร,1,15:00,17:00,80-303,147,อาคารเรียนรวม 80 ปี,C,อาจารย์พฤนทร สนิทมัจโร
2569,1,10700310,ภาษาอังกฤษเบื้องต้นสำหรับธุรกิจและสตาร์ทอัพ,11,ศุกร์,4,15:00,17:00,80-303,147,อาคารเรียนรวม 80 ปี,L,อาจารย์พฤนทร สนิทมัจโร
2569,1,10700310,ภาษาอังกฤษเบื้องต้นสำหรับธุรกิจและสตาร์ทอัพ,12,จันทร์,0,17:00,19:00,80-404,147,อาคารเรียนรวม 80 ปี,C,ผู้ช่วยศาสตราจารย์ ดร.ปนัดดา จีนประชา
2569,1,10700310,ภาษาอังกฤษเบื้องต้นสำหรับธุรกิจและสตาร์ทอัพ,12,พฤหัสบดี,3,17:00,19:00,80-404,147,อาคารเรียนรวม 80 ปี,L,ผู้ช่วยศาสตราจารย์ ดร.ปนัดดา จีนประชา
2569,1,10700310,ภาษาอังกฤษเบื้องต้นสำหรับธุรกิจและสตาร์ทอัพ,13,อังคาร,1,13:00,15:00,ศร402,125,อาคารแม่โจ้ 70 ปี : สร้างปัญญาเพื่อแผ่นดิน,C,อาจารย์สิริกัญญา สงวนพงษ์
2569,1,10700310,ภาษาอังกฤษเบื้องต้นสำหรับธุรกิจและสตาร์ทอัพ,13,ศุกร์,4,13:00,15:00,ศร402,125,อาคารแม่โจ้ 70 ปี : สร้างปัญญาเพื่อแผ่นดิน,L,อาจารย์สิริกัญญา สงวนพงษ์
2569,1,10700310,ภาษาอังกฤษเบื้องต้นสำหรับธุรกิจและสตาร์ทอัพ,14,อังคาร,1,15:00,17:00,80-408,147,อาคารเรียนรวม 80 ปี,C,อาจารย์ ดร.พิสิษฐ์ โรจน์คณรัชต์
2569,1,10700310,ภาษาอังกฤษเบื้องต้นสำหรับธุรกิจและสตาร์ทอัพ,14,ศุกร์,4,15:00,17:00,80-408,147,อาคารเรียนรวม 80 ปี,L,อาจารย์ ดร.พิสิษฐ์ โรจน์คณรัชต์
2569,1,10700310,ภาษาอังกฤษเบื้องต้นสำหรับธุรกิจและสตาร์ทอัพ,15,อังคาร,1,08:00,10:00,80-505,147,อาคารเรียนรวม 80 ปี,C,อาจารย์ ดร.ศิริรัตน์ เขื่อนแก้ว
2569,1,10700310,ภาษาอังกฤษเบื้องต้นสำหรับธุรกิจและสตาร์ทอัพ,15,ศุกร์,4,08:00,10:00,80-505,147,อาคารเรียนรวม 80 ปี,L,อาจารย์ ดร.ศิริรัตน์ เขื่อนแก้ว
2569,1,10700310,ภาษาอังกฤษเบื้องต้นสำหรับธุรกิจและสตาร์ทอัพ,16,อังคาร,1,13:00,15:00,80-503,147,อาคารเรียนรวม 80 ปี,C,
2569,1,10700310,ภาษาอังกฤษเบื้องต้นสำหรับธุรกิจและสตาร์ทอัพ,16,ศุกร์,4,13:00,15:00,80-503,147,อาคารเรียนรวม 80 ปี,L,
2569,1,10700310,ภาษาอังกฤษเบื้องต้นสำหรับธุรกิจและสตาร์ทอัพ,18,พุธ,2,08:00,10:00,80-504,147,อาคารเรียนรวม 80 ปี,C,อาจารย์สิริกัญญา สงวนพงษ์
2569,1,10700310,ภาษาอังกฤษเบื้องต้นสำหรับธุรกิจและสตาร์ทอัพ,18,พุธ,2,10:00,12:00,80-504,147,อาคารเรียนรวม 80 ปี,L,อาจารย์สิริกัญญา สงวนพงษ์
2569,1,10700310,ภาษาอังกฤษเบื้องต้นสำหรับธุรกิจและสตาร์ทอัพ,19,พุธ,2,08:00,10:00,80-503,147,อาคารเรียนรวม 80 ปี,C,อาจารย์อุมาวดี จันทร์ศรี
2569,1,10700310,ภาษาอังกฤษเบื้องต้นสำหรับธุรกิจและสตาร์ทอัพ,19,พุธ,2,10:00,12:00,80-503,147,อาคารเรียนรวม 80 ปี,L,อาจารย์อุมาวดี จันทร์ศรี
2569,1,10700310,ภาษาอังกฤษเบื้องต้นสำหรับธุรกิจและสตาร์ทอัพ,20,จันทร์,0,13:00,15:00,สังคม 209,102,ประเสริฐ ณ นคร,C,อาจารย์รงรวง ภาษยะวรรณ
2569,1,10700310,ภาษาอังกฤษเบื้องต้นสำหรับธุรกิจและสตาร์ทอัพ,20,พฤหัสบดี,3,13:00,15:00,สังคม 209,102,ประเสริฐ ณ นคร,L,อาจารย์รงรวง ภาษยะวรรณ
2569,1,10700310,ภาษาอังกฤษเบื้องต้นสำหรับธุรกิจและสตาร์ทอัพ,21,อังคาร,1,10:00,12:00,ศร305,125,อาคารแม่โจ้ 70 ปี : สร้างปัญญาเพื่อแผ่นดิน,C,อาจารย์ภัทธีรา อินใจ
2569,1,10700310,ภาษาอังกฤษเบื้องต้นสำหรับธุรกิจและสตาร์ทอัพ,21,ศุกร์,4,10:00,12:00,ศร305,125,อาคารแม่โจ้ 70 ปี : สร้างปัญญาเพื่อแผ่นดิน,L,อาจารย์ภัทธีรา อินใจ
2569,1,10700310,ภาษาอังกฤษเบื้องต้นสำหรับธุรกิจและสตาร์ทอัพ,22,อังคาร,1,13:00,15:00,ศร306,125,อาคารแม่โจ้ 70 ปี : สร้างปัญญาเพื่อแผ่นดิน,C,อาจารย์ภัทธีรา อินใจ
2569,1,10700310,ภาษาอังกฤษเบื้องต้นสำหรับธุรกิจและสตาร์ทอัพ,22,ศุกร์,4,13:00,15:00,ศร306,125,อาคารแม่โจ้ 70 ปี : สร้างปัญญาเพื่อแผ่นดิน,L,อาจารย์ภัทธีรา อินใจ
2569,1,10700310,ภาษาอังกฤษเบื้องต้นสำหรับธุรกิจและสตาร์ทอัพ,23,อังคาร,1,10:00,12:00,80-504,147,อาคารเรียนรวม 80 ปี,C,อาจารย์สิริกัญญา สงวนพงษ์
2569,1,10700310,ภาษาอังกฤษเบื้องต้นสำหรับธุรกิจและสตาร์ทอัพ,23,ศุกร์,4,10:00,12:00,80-504,147,อาคารเรียนรวม 80 ปี,L,อาจารย์สิริกัญญา สงวนพงษ์
2569,1,10700310,ภาษาอังกฤษเบื้องต้นสำหรับธุรกิจและสตาร์ทอัพ,24,จันทร์,0,13:00,15:00,ศร305,125,อาคารแม่โจ้ 70 ปี : สร้างปัญญาเพื่อแผ่นดิน,C,อาจารย์ภัทธีรา อินใจ
2569,1,10700310,ภาษาอังกฤษเบื้องต้นสำหรับธุรกิจและสตาร์ทอัพ,24,พฤหัสบดี,3,13:00,15:00,ศร305,125,อาคารแม่โจ้ 70 ปี : สร้างปัญญาเพื่อแผ่นดิน,L,อาจารย์ภัทธีรา อินใจ
2569,1,10700310,ภาษาอังกฤษเบื้องต้นสำหรับธุรกิจและสตาร์ทอัพ,25,อังคาร,1,08:00,10:00,80-503,147,อาคารเรียนรวม 80 ปี,C,อาจารย์สิริกัญญา สงวนพงษ์
2569,1,10700310,ภาษาอังกฤษเบื้องต้นสำหรับธุรกิจและสตาร์ทอัพ,25,ศุกร์,4,08:00,10:00,80-503,147,อาคารเรียนรวม 80 ปี,L,อาจารย์สิริกัญญา สงวนพงษ์
2569,1,10700311,ภาษาอังกฤษเพื่อการสมัครงาน,1,อังคาร,1,08:00,10:00,80-410,147,อาคารเรียนรวม 80 ปี,C,อาจารย์วาสิดา สาวงศ์ทะ
2569,1,10700311,ภาษาอังกฤษเพื่อการสมัครงาน,1,ศุกร์,4,08:00,10:00,80-410,147,อาคารเรียนรวม 80 ปี,L,อาจารย์วาสิดา สาวงศ์ทะ
2569,1,10700311,ภาษาอังกฤษเพื่อการสมัครงาน,2,จันทร์,0,10:00,12:00,80-504,147,อาคารเรียนรวม 80 ปี,C,อาจารย์พรธีรนันท์ จันทร์ผา
2569,1,10700311,ภาษาอังกฤษเพื่อการสมัครงาน,2,พฤหัสบดี,3,10:00,12:00,80-504,147,อาคารเรียนรวม 80 ปี,L,อาจารย์พรธีรนันท์ จันทร์ผา
2569,1,10700311,ภาษาอังกฤษเพื่อการสมัครงาน,3,อังคาร,1,13:00,15:00,สังคม 209,102,ประเสริฐ ณ นคร,C,อาจารย์วาสิดา สาวงศ์ทะ
2569,1,10700311,ภาษาอังกฤษเพื่อการสมัครงาน,3,ศุกร์,4,13:00,15:00,สังคม 209,102,ประเสริฐ ณ นคร,L,อาจารย์วาสิดา สาวงศ์ทะ
2569,1,10700311,ภาษาอังกฤษเพื่อการสมัครงาน,4,จันทร์,0,08:00,10:00,ศร303,125,อาคารแม่โจ้ 70 ปี : สร้างปัญญาเพื่อแผ่นดิน,C,อาจารย์พรธีรนันท์ จันทร์ผา
2569,1,10700311,ภาษาอังกฤษเพื่อการสมัครงาน,4,พฤหัสบดี,3,08:00,10:00,ศร303,125,อาคารแม่โจ้ 70 ปี : สร้างปัญญาเพื่อแผ่นดิน,L,อาจารย์พรธีรนันท์ จันทร์ผา
2569,1,10700311,ภาษาอังกฤษเพื่อการสมัครงาน,5,จันทร์,0,13:00,15:00,80-403,147,อาคารเรียนรวม 80 ปี,C,อาจารย์พรธีรนันท์ จันทร์ผา
2569,1,10700311,ภาษาอังกฤษเพื่อการสมัครงาน,5,พฤหัสบดี,3,13:00,15:00,80-403,147,อาคารเรียนรวม 80 ปี,L,อาจารย์พรธีรนันท์ จันทร์ผา
2569,1,10700311,ภาษาอังกฤษเพื่อการสมัครงาน,6,อังคาร,1,13:00,15:00,80-303,147,อาคารเรียนรวม 80 ปี,C,อาจารย์พรธีรนันท์ จันทร์ผา
2569,1,10700311,ภาษาอังกฤษเพื่อการสมัครงาน,6,ศุกร์,4,13:00,15:00,80-303,147,อาคารเรียนรวม 80 ปี,L,อาจารย์พรธีรนันท์ จันทร์ผา
2569,1,10700312,ภาษาอังกฤษเชิงวิชาการ,1,อังคาร,1,10:00,12:00,ศร303,125,อาคารแม่โจ้ 70 ปี : สร้างปัญญาเพื่อแผ่นดิน,C,อาจารย์อัศนีย์ นันทชัยพันธ์
2569,1,10700312,ภาษาอังกฤษเชิงวิชาการ,1,ศุกร์,4,10:00,12:00,ศร303,125,อาคารแม่โจ้ 70 ปี : สร้างปัญญาเพื่อแผ่นดิน,L,อาจารย์อัศนีย์ นันทชัยพันธ์
2569,1,10700312,ภาษาอังกฤษเชิงวิชาการ,2,จันทร์,0,15:00,17:00,80-305 (สำรอง),147,อาคารเรียนรวม 80 ปี,C,อาจารย์สิริน ไทยตรง
2569,1,10700312,ภาษาอังกฤษเชิงวิชาการ,2,พฤหัสบดี,3,15:00,17:00,80-305 (สำรอง),147,อาคารเรียนรวม 80 ปี,L,อาจารย์สิริน ไทยตรง
2569,1,10700312,ภาษาอังกฤษเชิงวิชาการ,3,พุธ,2,08:00,12:00,80-305 (สำรอง),147,อาคารเรียนรวม 80 ปี,C,อาจารย์สิริน ไทยตรง
2569,1,10700312,ภาษาอังกฤษเชิงวิชาการ,4,จันทร์,0,13:00,15:00,80-305 (สำรอง),147,อาคารเรียนรวม 80 ปี,C,อาจารย์สิริน ไทยตรง
2569,1,10700312,ภาษาอังกฤษเชิงวิชาการ,4,พฤหัสบดี,3,13:00,15:00,80-305 (สำรอง),147,อาคารเรียนรวม 80 ปี,L,อาจารย์สิริน ไทยตรง
2569,1,10700313,ภาษาอังกฤษเชิงวิทยาศาสตร์และนวัตกรรม,1,จันทร์,0,15:00,17:00,80-401,147,อาคารเรียนรวม 80 ปี,C,อาจารย์กนกวรรณ สัมพันธ์
2569,1,10700313,ภาษาอังกฤษเชิงวิทยาศาสตร์และนวัตกรรม,1,พฤหัสบดี,3,15:00,17:00,80-401,147,อาคารเรียนรวม 80 ปี,C,อาจารย์กนกวรรณ สัมพันธ์
2569,1,10700313,ภาษาอังกฤษเชิงวิทยาศาสตร์และนวัตกรรม,2,อังคาร,1,10:00,12:00,80-501,147,อาคารเรียนรวม 80 ปี,C,อาจารย์กนกวรรณ สัมพันธ์
2569,1,10700313,ภาษาอังกฤษเชิงวิทยาศาสตร์และนวัตกรรม,2,ศุกร์,4,10:00,12:00,80-501,147,อาคารเรียนรวม 80 ปี,L,อาจารย์กนกวรรณ สัมพันธ์
2569,1,10700313,ภาษาอังกฤษเชิงวิทยาศาสตร์และนวัตกรรม,3,อังคาร,1,08:00,10:00,80-303,147,อาคารเรียนรวม 80 ปี,C,อาจารย์กนกวรรณ สัมพันธ์
2569,1,10700313,ภาษาอังกฤษเชิงวิทยาศาสตร์และนวัตกรรม,3,ศุกร์,4,08:00,10:00,80-303,147,อาคารเรียนรวม 80 ปี,L,อาจารย์กนกวรรณ สัมพันธ์
2569,1,10700313,ภาษาอังกฤษเชิงวิทยาศาสตร์และนวัตกรรม,4,จันทร์,0,10:00,12:00,80-402,147,อาคารเรียนรวม 80 ปี,C,อาจารย์กนกวรรณ สัมพันธ์
2569,1,10700313,ภาษาอังกฤษเชิงวิทยาศาสตร์และนวัตกรรม,4,พฤหัสบดี,3,10:00,12:00,80-402,147,อาคารเรียนรวม 80 ปี,L,อาจารย์กนกวรรณ สัมพันธ์
2569,1,10700314,ภาษาอังกฤษสำหรับวิชาชีพเกษตร,1,อังคาร,1,10:00,12:00,ศกฬ เรียน2,110,ศูนย์กีฬาเฉลิมพระเกียรติ (โซน B),C,ผู้ช่วยศาสตราจารย์ ดร.ธาตรี รอดชำนาญ
2569,1,10700314,ภาษาอังกฤษสำหรับวิชาชีพเกษตร,1,ศุกร์,4,10:00,12:00,ศกฬ เรียน2,110,ศูนย์กีฬาเฉลิมพระเกียรติ (โซน B),L,ผู้ช่วยศาสตราจารย์ ดร.ธาตรี รอดชำนาญ
2569,1,10700314,ภาษาอังกฤษสำหรับวิชาชีพเกษตร,2,จันทร์,0,08:00,10:00,80-408,147,อาคารเรียนรวม 80 ปี,C,ผู้ช่วยศาสตราจารย์ ดร.ธาตรี รอดชำนาญ
2569,1,10700314,ภาษาอังกฤษสำหรับวิชาชีพเกษตร,2,พฤหัสบดี,3,08:00,10:00,80-408,147,อาคารเรียนรวม 80 ปี,L,ผู้ช่วยศาสตราจารย์ ดร.ธาตรี รอดชำนาญ
2569,1,10700314,ภาษาอังกฤษสำหรับวิชาชีพเกษตร,3,อังคาร,1,15:00,17:00,80-503,147,อาคารเรียนรวม 80 ปี,C,ผู้ช่วยศาสตราจารย์ ดร.ธาตรี รอดชำนาญ
2569,1,10700314,ภาษาอังกฤษสำหรับวิชาชีพเกษตร,3,ศุกร์,4,15:00,17:00,80-503,147,อาคารเรียนรวม 80 ปี,L,ผู้ช่วยศาสตราจารย์ ดร.ธาตรี รอดชำนาญ
2569,1,10700314,ภาษาอังกฤษสำหรับวิชาชีพเกษตร,4,จันทร์,0,15:00,17:00,80-506,147,อาคารเรียนรวม 80 ปี,C,ผู้ช่วยศาสตราจารย์ ดร.ธาตรี รอดชำนาญ
2569,1,10700314,ภาษาอังกฤษสำหรับวิชาชีพเกษตร,4,พฤหัสบดี,3,15:00,17:00,80-506,147,อาคารเรียนรวม 80 ปี,L,ผู้ช่วยศาสตราจารย์ ดร.ธาตรี รอดชำนาญ
2569,1,10700314,ภาษาอังกฤษสำหรับวิชาชีพเกษตร,5,อังคาร,1,08:00,10:00,80-504,147,อาคารเรียนรวม 80 ปี,C,ผู้ช่วยศาสตราจารย์ ดร.ธาตรี รอดชำนาญ
2569,1,10700314,ภาษาอังกฤษสำหรับวิชาชีพเกษตร,5,ศุกร์,4,08:00,10:00,80-504,147,อาคารเรียนรวม 80 ปี,L,ผู้ช่วยศาสตราจารย์ ดร.ธาตรี รอดชำนาญ
2569,1,10700314,ภาษาอังกฤษสำหรับวิชาชีพเกษตร,1,พุธ,2,15:00,17:00,S1.LAB : 801,801,,C,ผู้ช่วยศาสตราจารย์ ดร.กรรณิการ์ กาญจันดา
2569,1,10700314,ภาษาอังกฤษสำหรับวิชาชีพเกษตร,1,พฤหัสบดี,3,08:00,10:00,115 : 801,801,,L,ผู้ช่วยศาสตราจารย์ ดร.กรรณิการ์ กาญจันดา
2569,1,10700315,ภาษาอังกฤษเพื่อสังคมโลก,1,จันทร์,0,08:00,10:00,สังคม 604,102,ประเสริฐ ณ นคร,C,อาจารย์ ดร.นิทัศน์ บุญไพศาลสถิตย์
2569,1,10700315,ภาษาอังกฤษเพื่อสังคมโลก,1,พฤหัสบดี,3,08:00,10:00,สังคม 604,102,ประเสริฐ ณ นคร,L,อาจารย์ ดร.นิทัศน์ บุญไพศาลสถิตย์
2569,1,10700315,ภาษาอังกฤษเพื่อสังคมโลก,2,จันทร์,0,10:00,12:00,สังคม 604,102,ประเสริฐ ณ นคร,C,อาจารย์ ดร.นิทัศน์ บุญไพศาลสถิตย์
2569,1,10700315,ภาษาอังกฤษเพื่อสังคมโลก,2,พฤหัสบดี,3,10:00,12:00,สังคม 604,102,ประเสริฐ ณ นคร,L,อาจารย์ ดร.นิทัศน์ บุญไพศาลสถิตย์
2569,1,10700317,ภาษาอังกฤษเพื่อผู้ประกอบการทางการเกษตรสร้างสรรค์,1,อังคาร,1,13:00,15:00,EC402,140,อาคารเศรษฐศาสตร์,C,อาจารย์วันวิสา เสาร์ใจ
2569,1,10700317,ภาษาอังกฤษเพื่อผู้ประกอบการทางการเกษตรสร้างสรรค์,1,ศุกร์,4,13:00,15:00,EC402,140,อาคารเศรษฐศาสตร์,L,อาจารย์วันวิสา เสาร์ใจ
2569,1,10700317,ภาษาอังกฤษเพื่อผู้ประกอบการทางการเกษตรสร้างสรรค์,2,จันทร์,0,13:00,15:00,EC402,140,อาคารเศรษฐศาสตร์,C,อาจารย์วันวิสา เสาร์ใจ
2569,1,10700317,ภาษาอังกฤษเพื่อผู้ประกอบการทางการเกษตรสร้างสรรค์,2,พฤหัสบดี,3,13:00,15:00,EC402,140,อาคารเศรษฐศาสตร์,L,อาจารย์วันวิสา เสาร์ใจ
2569,1,10700318,ภาษาอังกฤษสำหรับการท่องเที่ยวสมัยใหม่,1,อังคาร,1,10:00,12:00,สังคม 209,102,ประเสริฐ ณ นคร,C,อาจารย์อนงค์กร เทรล
2569,1,10700318,ภาษาอังกฤษสำหรับการท่องเที่ยวสมัยใหม่,1,ศุกร์,4,10:00,12:00,สังคม 209,102,ประเสริฐ ณ นคร,L,อาจารย์อนงค์กร เทรล
2569,1,10700318,ภาษาอังกฤษสำหรับการท่องเที่ยวสมัยใหม่,2,จันทร์,0,08:00,10:00,สังคม 609,102,ประเสริฐ ณ นคร,C,อาจารย์อนงค์กร เทรล
2569,1,10700318,ภาษาอังกฤษสำหรับการท่องเที่ยวสมัยใหม่,2,พฤหัสบดี,3,08:00,10:00,สังคม 609,102,ประเสริฐ ณ นคร,L,อาจารย์อนงค์กร เทรล
2569,1,10700318,ภาษาอังกฤษสำหรับการท่องเที่ยวสมัยใหม่,3,อังคาร,1,08:00,10:00,สังคม 209,102,ประเสริฐ ณ นคร,C,อาจารย์อนงค์กร เทรล
2569,1,10700318,ภาษาอังกฤษสำหรับการท่องเที่ยวสมัยใหม่,3,ศุกร์,4,08:00,10:00,สังคม 209,102,ประเสริฐ ณ นคร,L,อาจารย์อนงค์กร เทรล
2569,1,10700319,ภาษาอังกฤษสำหรับผู้ประกอบการและการค้าระหว่างประเทศ,1,อังคาร,1,10:00,12:00,80-403,147,อาคารเรียนรวม 80 ปี,C,อาจารย์ ดร.มารียาดาร์ ธีดาอักษรสกุลส์
2569,1,10700319,ภาษาอังกฤษสำหรับผู้ประกอบการและการค้าระหว่างประเทศ,1,ศุกร์,4,10:00,12:00,80-403,147,อาคารเรียนรวม 80 ปี,L,อาจารย์ ดร.มารียาดาร์ ธีดาอักษรสกุลส์
2569,1,10700319,ภาษาอังกฤษสำหรับผู้ประกอบการและการค้าระหว่างประเทศ,2,จันทร์,0,10:00,12:00,80-503,147,อาคารเรียนรวม 80 ปี,C,อาจารย์ ดร.มารียาดาร์ ธีดาอักษรสกุลส์
2569,1,10700319,ภาษาอังกฤษสำหรับผู้ประกอบการและการค้าระหว่างประเทศ,2,พฤหัสบดี,3,10:00,12:00,80-503,147,อาคารเรียนรวม 80 ปี,L,อาจารย์ ดร.มารียาดาร์ ธีดาอักษรสกุลส์
2569,1,10700319,ภาษาอังกฤษสำหรับผู้ประกอบการและการค้าระหว่างประเทศ,3,จันทร์,0,10:00,12:00,80-502,147,อาคารเรียนรวม 80 ปี,C,อาจารย์จิราภรณ์ แม็คกลาเดอร์รี่
2569,1,10700319,ภาษาอังกฤษสำหรับผู้ประกอบการและการค้าระหว่างประเทศ,3,พฤหัสบดี,3,10:00,12:00,80-502,147,อาคารเรียนรวม 80 ปี,L,อาจารย์จิราภรณ์ แม็คกลาเดอร์รี่
2569,1,10700319,ภาษาอังกฤษสำหรับผู้ประกอบการและการค้าระหว่างประเทศ,4,อังคาร,1,10:00,12:00,80-410,147,อาคารเรียนรวม 80 ปี,C,อาจารย์จิราภรณ์ แม็คกลาเดอร์รี่
2569,1,10700319,ภาษาอังกฤษสำหรับผู้ประกอบการและการค้าระหว่างประเทศ,4,ศุกร์,4,10:00,12:00,80-410,147,อาคารเรียนรวม 80 ปี,L,อาจารย์จิราภรณ์ แม็คกลาเดอร์รี่
2569,1,10700320,ภาษาอังกฤษเพื่อการศึกษาต่อและการประกอบอาชีพ,1,อังคาร,1,15:00,17:00,80-504,147,อาคารเรียนรวม 80 ปี,C,อาจารย์ ดร.จันทนี กันโฑ
2569,1,10700320,ภาษาอังกฤษเพื่อการศึกษาต่อและการประกอบอาชีพ,1,ศุกร์,4,15:00,17:00,80-504,147,อาคารเรียนรวม 80 ปี,L,อาจารย์ ดร.จันทนี กันโฑ
2569,1,10700320,ภาษาอังกฤษเพื่อการศึกษาต่อและการประกอบอาชีพ,2,จันทร์,0,15:00,17:00,80-501,147,อาคารเรียนรวม 80 ปี,C,อาจารย์ ดร.กุลยา ป้องพาล
2569,1,10700320,ภาษาอังกฤษเพื่อการศึกษาต่อและการประกอบอาชีพ,2,พฤหัสบดี,3,15:00,17:00,80-501,147,อาคารเรียนรวม 80 ปี,L,อาจารย์ ดร.กุลยา ป้องพาล
2569,1,10700320,ภาษาอังกฤษเพื่อการศึกษาต่อและการประกอบอาชีพ,1,จันทร์,0,13:00,15:00,S2.LAB : 801,801,,C,อาจารย์อโนชา สุภาวกุล
2569,1,10700320,ภาษาอังกฤษเพื่อการศึกษาต่อและการประกอบอาชีพ,1,พฤหัสบดี,3,13:00,15:00,S2.LAB : 801,801,,C,อาจารย์อโนชา สุภาวกุล
2569,1,10700321,ภาษาอังกฤษเพื่อการสื่อสารด้านการเกษตร,1,พุธ,2,08:00,10:00,สังคม 213,102,ประเสริฐ ณ นคร,C,อาจารย์วัชรียา บำรุงคีรี
2569,1,10700321,ภาษาอังกฤษเพื่อการสื่อสารด้านการเกษตร,1,พุธ,2,10:00,12:00,สังคม 213,102,ประเสริฐ ณ นคร,C,อาจารย์วัชรียา บำรุงคีรี
2569,1,10700321,ภาษาอังกฤษเพื่อการสื่อสารด้านการเกษตร,1,อังคาร,1,10:00,12:00,113 : 801,801,,C,อาจารย์ ดร.วรรณอุบล สิงห์อยู่เจริญ
2569,1,10700321,ภาษาอังกฤษเพื่อการสื่อสารด้านการเกษตร,1,ศุกร์,4,10:00,12:00,S1.LAB : 801,801,,L,อาจารย์ ดร.วรรณอุบล สิงห์อยู่เจริญ
2569,1,10700321,ภาษาอังกฤษเพื่อการสื่อสารด้านการเกษตร,2,อังคาร,1,08:00,10:00,S2.LAB : 801,801,,C,อาจารย์อโนชา สุภาวกุล
2569,1,10700321,ภาษาอังกฤษเพื่อการสื่อสารด้านการเกษตร,2,ศุกร์,4,08:00,10:00,S2.LAB : 801,801,,L,อาจารย์อโนชา สุภาวกุล
2569,1,10700361,ภาษาจีนเบื้องต้น 1,1,จันทร์,0,10:00,12:00,EC406,140,อาคารเศรษฐศาสตร์,C,อาจารย์ธัญญารัตน์ มะลาศรี
2569,1,10700361,ภาษาจีนเบื้องต้น 1,1,พฤหัสบดี,3,10:00,12:00,EC406,140,อาคารเศรษฐศาสตร์,L,อาจารย์ธัญญารัตน์ มะลาศรี
2569,1,10700361,ภาษาจีนเบื้องต้น 1,2,จันทร์,0,10:00,12:00,FT(ประมง) 1203,106,คณะเทคโนโลยีการประมงและทรัพยากรทางน้ำ,C,อาจารย์แพรวา รัตนทยา
2569,1,10700361,ภาษาจีนเบื้องต้น 1,2,พฤหัสบดี,3,10:00,12:00,FT(ประมง) 1203,106,คณะเทคโนโลยีการประมงและทรัพยากรทางน้ำ,L,อาจารย์แพรวา รัตนทยา
2569,1,10700361,ภาษาจีนเบื้องต้น 1,3,จันทร์,0,10:00,12:00,คาวบอยเธียเตอร,101,อาคารพัฒนาวิศัยทัศน์,C,อาจารย์Xiaoxiao Wang
2569,1,10700361,ภาษาจีนเบื้องต้น 1,3,พฤหัสบดี,3,10:00,12:00,เรียนรวม 429,124,อาคารสุวรรณวาจกกิสิกิจ,L,อาจารย์Xiaoxiao Wang
2569,1,10700361,ภาษาจีนเบื้องต้น 1,4,จันทร์,0,13:00,15:00,EC407,140,อาคารเศรษฐศาสตร์,C,อาจารย์วิชญ์สุดา ภูษณะวิวัฒน์
2569,1,10700361,ภาษาจีนเบื้องต้น 1,4,พฤหัสบดี,3,13:00,15:00,EC407,140,อาคารเศรษฐศาสตร์,L,อาจารย์วิชญ์สุดา ภูษณะวิวัฒน์
2569,1,10700361,ภาษาจีนเบื้องต้น 1,5,อังคาร,1,08:00,10:00,สังคม 106,102,ประเสริฐ ณ นคร,C,อาจารย์แพรวา รัตนทยา
2569,1,10700361,ภาษาจีนเบื้องต้น 1,5,ศุกร์,4,08:00,10:00,สังคม 106,102,ประเสริฐ ณ นคร,L,อาจารย์แพรวา รัตนทยา
2569,1,10700361,ภาษาจีนเบื้องต้น 1,6,อังคาร,1,10:00,12:00,สังคม 604,102,ประเสริฐ ณ นคร,C,อาจารย์ ดร.ปิยภรณ์ แดงตันกี
2569,1,10700361,ภาษาจีนเบื้องต้น 1,6,ศุกร์,4,10:00,12:00,สังคม 604,102,ประเสริฐ ณ นคร,L,อาจารย์ ดร.ปิยภรณ์ แดงตันกี
2569,1,10700361,ภาษาจีนเบื้องต้น 1,7,อังคาร,1,13:00,15:00,ศร305,125,อาคารแม่โจ้ 70 ปี : สร้างปัญญาเพื่อแผ่นดิน,C,อาจารย์ชุติเดช ไชยวงค์
2569,1,10700361,ภาษาจีนเบื้องต้น 1,7,ศุกร์,4,13:00,15:00,ศร305,125,อาคารแม่โจ้ 70 ปี : สร้างปัญญาเพื่อแผ่นดิน,L,อาจารย์ชุติเดช ไชยวงค์
2569,1,10700401,การรู้สารสนเทศ,1,อังคาร,1,15:00,17:00,80-402,147,อาคารเรียนรวม 80 ปี,C,อาจารย์วิไลวรรณ รัตนพันธ์
2569,1,10700401,การรู้สารสนเทศ,1,ศุกร์,4,15:00,17:00,80-402,147,อาคารเรียนรวม 80 ปี,L,อาจารย์วิไลวรรณ รัตนพันธ์
2569,1,10700401,การรู้สารสนเทศ,2,จันทร์,0,13:00,15:00,80-502,147,อาคารเรียนรวม 80 ปี,C,อาจารย์ ดร.จันทร์จิรา เหลาราช
2569,1,10700401,การรู้สารสนเทศ,2,พฤหัสบดี,3,13:00,15:00,80-502,147,อาคารเรียนรวม 80 ปี,L,อาจารย์ ดร.จันทร์จิรา เหลาราช
2569,1,10700401,การรู้สารสนเทศ,3,อังคาร,1,15:00,17:00,80-401,147,อาคารเรียนรวม 80 ปี,C,อาจารย์ ดร.จันทร์จิรา เหลาราช
2569,1,10700401,การรู้สารสนเทศ,3,ศุกร์,4,15:00,17:00,80-401,147,อาคารเรียนรวม 80 ปี,L,อาจารย์ ดร.จันทร์จิรา เหลาราช
2569,1,10700401,การรู้สารสนเทศ,4,อังคาร,1,13:00,15:00,80-401,147,อาคารเรียนรวม 80 ปี,C,อาจารย์ ดร.จันทร์จิรา เหลาราช
2569,1,10700401,การรู้สารสนเทศ,4,ศุกร์,4,13:00,15:00,80-401,147,อาคารเรียนรวม 80 ปี,L,อาจารย์ ดร.จันทร์จิรา เหลาราช
2569,1,10700401,การรู้สารสนเทศ,5,อังคาร,1,08:00,10:00,ศร302,125,อาคารแม่โจ้ 70 ปี : สร้างปัญญาเพื่อแผ่นดิน,C,อาจารย์ ดร.จันทร์จิรา เหลาราช
2569,1,10700401,การรู้สารสนเทศ,5,ศุกร์,4,08:00,10:00,ศร302,125,อาคารแม่โจ้ 70 ปี : สร้างปัญญาเพื่อแผ่นดิน,L,อาจารย์ ดร.จันทร์จิรา เหลาราช
2569,1,10700401,การรู้สารสนเทศ,6,อังคาร,1,13:00,15:00,ศร403,125,อาคารแม่โจ้ 70 ปี : สร้างปัญญาเพื่อแผ่นดิน,C,อาจารย์วิไลวรรณ รัตนพันธ์
2569,1,10700401,การรู้สารสนเทศ,6,ศุกร์,4,13:00,15:00,ศร403,125,อาคารแม่โจ้ 70 ปี : สร้างปัญญาเพื่อแผ่นดิน,L,อาจารย์วิไลวรรณ รัตนพันธ์
2569,1,10700401,การรู้สารสนเทศ,7,จันทร์,0,08:00,10:00,80-501,147,อาคารเรียนรวม 80 ปี,C,อาจารย์วิไลวรรณ รัตนพันธ์
2569,1,10700401,การรู้สารสนเทศ,7,พฤหัสบดี,3,08:00,10:00,80-501,147,อาคารเรียนรวม 80 ปี,L,อาจารย์วิไลวรรณ รัตนพันธ์
2569,1,10700401,การรู้สารสนเทศ,8,อังคาร,1,10:00,12:00,80-402,147,อาคารเรียนรวม 80 ปี,C,อาจารย์วิไลวรรณ รัตนพันธ์
2569,1,10700401,การรู้สารสนเทศ,8,ศุกร์,4,10:00,12:00,80-402,147,อาคารเรียนรวม 80 ปี,L,อาจารย์วิไลวรรณ รัตนพันธ์
2569,1,10700401,การรู้สารสนเทศ,1,จันทร์,0,10:00,12:00,302/2 : 801,801,,C,ผู้ช่วยศาสตราจารย์ ดร.ขวัญจรัส เชิงปัญญา; อาจารย์ ดร.ถมรัตน์ ชัชวาลย์; อาจารย์ ดร.พัชรณัฐ ดาวดึงษ์
2569,1,10700401,การรู้สารสนเทศ,1,พฤหัสบดี,3,10:00,12:00,302/2 : 801,801,,L,ผู้ช่วยศาสตราจารย์ ดร.ขวัญจรัส เชิงปัญญา; อาจารย์ ดร.ถมรัตน์ ชัชวาลย์; อาจารย์ ดร.พัชรณัฐ ดาวดึงษ์
2569,1,10700401,การรู้สารสนเทศ,2,จันทร์,0,13:00,15:00,N104:811,811,,C,อาจารย์ ดร.พัชรณัฐ ดาวดึงษ์; ผู้ช่วยศาสตราจารย์ ดร.ขวัญจรัส เชิงปัญญา; อาจารย์ ดร.ถมรัตน์ ชัชวาลย์
2569,1,10700401,การรู้สารสนเทศ,2,พฤหัสบดี,3,13:00,15:00,N104:811,811,,L,อาจารย์ ดร.พัชรณัฐ ดาวดึงษ์; ผู้ช่วยศาสตราจารย์ ดร.ขวัญจรัส เชิงปัญญา; อาจารย์ ดร.ถมรัตน์ ชัชวาลย์
2569,1,10700401,การรู้สารสนเทศ,1,จันทร์,0,08:00,10:00,202 ห้อง Lab คอม,716,,C,อาจารย์ ดร.พิไลวรรณ พู่พัฒนศิลป์
2569,1,10700401,การรู้สารสนเทศ,1,พฤหัสบดี,3,08:00,10:00,202 ห้อง Lab คอม,716,,L,อาจารย์ ดร.พิไลวรรณ พู่พัฒนศิลป์
2569,1,10800113,พลเมืองดิจิทัล,1,อังคาร,1,15:00,18:00,80-201,147,อาคารเรียนรวม 80 ปี,C,ผู้ช่วยศาสตราจารย์ ดร.ณภัทร เรืองนภากุล
2569,1,10800113,พลเมืองดิจิทัล,2,อังคาร,1,08:00,09:30,80-201,147,อาคารเรียนรวม 80 ปี,C,ผู้ช่วยศาสตราจารย์ ดร.ณภัทร เรืองนภากุล
2569,1,10800113,พลเมืองดิจิทัล,2,ศุกร์,4,08:00,09:30,80-201,147,อาคารเรียนรวม 80 ปี,C,ผู้ช่วยศาสตราจารย์ ดร.ณภัทร เรืองนภากุล
2569,1,10800114,ความฉลาดทางดิจิทัล,1,พุธ,2,11:00,14:00,80-201,147,อาคารเรียนรวม 80 ปี,C,อาจารย์อติพร ขยัน
2569,1,10800114,ความฉลาดทางดิจิทัล,2,ศุกร์,4,15:00,18:00,80-201,147,อาคารเรียนรวม 80 ปี,C,อาจารย์อติพร ขยัน
2569,1,10800114,ความฉลาดทางดิจิทัล,3,พุธ,2,09:00,12:00,IC 307,143,อาคาร 75 ปี (คณะสารสนเทศแลการสื่อสาร),C,ผู้ช่วยศาสตราจารย์กริ่งกาญจน์ เจริญกุล; ดร.วัฒนาพงษ์ ใหม่เฟย
2569,1,11400110,เศรษฐกิจพอเพียงและการพัฒนาที่ยั่งยืน,1,อังคาร,1,08:00,10:00,สิงห์พลิน,142,อาคารเทพ พงษ์พานิช,C,อาจารย์กฤษตธี สุนันตา
2569,1,11400110,เศรษฐกิจพอเพียงและการพัฒนาที่ยั่งยืน,1,ศุกร์,4,08:00,11:00,สิงห์พลิน,142,อาคารเทพ พงษ์พานิช,L,อาจารย์กฤษตธี สุนันตา
2569,1,11400110,เศรษฐกิจพอเพียงและการพัฒนาที่ยั่งยืน,2,อังคาร,1,15:00,17:00,80-301,147,อาคารเรียนรวม 80 ปี,C,อาจารย์กฤษตธี สุนันตา
2569,1,11400110,เศรษฐกิจพอเพียงและการพัฒนาที่ยั่งยืน,2,ศุกร์,4,15:00,18:00,80-301,147,อาคารเรียนรวม 80 ปี,L,อาจารย์กฤษตธี สุนันตา
2569,1,11400110,เศรษฐกิจพอเพียงและการพัฒนาที่ยั่งยืน,3,จันทร์,0,15:00,17:00,80-402,147,อาคารเรียนรวม 80 ปี,C,ผู้ช่วยศาสตราจารย์ ดร.สุดเขต สกุลทอง
2569,1,11400110,เศรษฐกิจพอเพียงและการพัฒนาที่ยั่งยืน,3,พฤหัสบดี,3,15:00,18:00,80-402,147,อาคารเรียนรวม 80 ปี,L,ผู้ช่วยศาสตราจารย์ ดร.สุดเขต สกุลทอง
2569,1,11400110,เศรษฐกิจพอเพียงและการพัฒนาที่ยั่งยืน,4,จันทร์,0,15:00,17:00,80-502,147,อาคารเรียนรวม 80 ปี,C,อาจารย์กฤษตธี สุนันตา
2569,1,11400110,เศรษฐกิจพอเพียงและการพัฒนาที่ยั่งยืน,4,พฤหัสบดี,3,15:00,18:00,80-502,147,อาคารเรียนรวม 80 ปี,L,อาจารย์กฤษตธี สุนันตา
2569,1,11400110,เศรษฐกิจพอเพียงและการพัฒนาที่ยั่งยืน,1,อังคาร,1,15:00,17:00,N104:811,811,,C,ผู้ช่วยศาสตราจารย์ ดร.กฤษดา พงษ์การัณยภาส; อาจารย์ ดร.วันวสา วิโรจนารมย์
2569,1,11400110,เศรษฐกิจพอเพียงและการพัฒนาที่ยั่งยืน,1,พฤหัสบดี,3,16:00,18:00,FF ฟาร์มสาธิต,806,,L,ผู้ช่วยศาสตราจารย์ ดร.กฤษดา พงษ์การัณยภาส; อาจารย์ ดร.วันวสา วิโรจนารมย์
2569,1,11400110,เศรษฐกิจพอเพียงและการพัฒนาที่ยั่งยืน,2,อังคาร,1,15:00,17:00,N104:811,811,,C,ผู้ช่วยศาสตราจารย์ ดร.กฤษดา พงษ์การัณยภาส; อาจารย์ ดร.วันวสา วิโรจนารมย์
2569,1,11400110,เศรษฐกิจพอเพียงและการพัฒนาที่ยั่งยืน,2,ศุกร์,4,16:00,18:00,FF ฟาร์มสาธิต,806,,L,ผู้ช่วยศาสตราจารย์ ดร.กฤษดา พงษ์การัณยภาส; อาจารย์ ดร.วันวสา วิโรจนารมย์
2569,1,11400110,เศรษฐกิจพอเพียงและการพัฒนาที่ยั่งยืน,3,อังคาร,1,10:00,12:00,N208:811,811,,C,อาจารย์ ดร.ฐิระ ทองเหลือ
2569,1,11400110,เศรษฐกิจพอเพียงและการพัฒนาที่ยั่งยืน,3,ศุกร์,4,16:00,18:00,FF ฟาร์มสาธิต,806,,L,อาจารย์ ดร.ฐิระ ทองเหลือ
2569,1,11400111,อาเซียนศึกษา,1,จันทร์,0,08:00,10:00,สิงห์พลิน,142,อาคารเทพ พงษ์พานิช,C,อาจารย์จิระพงค์ ไชยซาววงค์
2569,1,11400111,อาเซียนศึกษา,1,พฤหัสบดี,3,08:00,10:00,สิงห์พลิน,142,อาคารเทพ พงษ์พานิช,L,อาจารย์จิระพงค์ ไชยซาววงค์
2569,1,11400112,การต่อต้านการทุจริต,1,อังคาร,1,15:00,17:00,สิงห์พลิน,142,อาคารเทพ พงษ์พานิช,C,อาจารย์ ดร.รุจาดล นันทชารักษ์; อาจารย์นารีวรรณ กลิ่นรัตน์
2569,1,11400112,การต่อต้านการทุจริต,1,ศุกร์,4,15:00,17:00,สิงห์พลิน,142,อาคารเทพ พงษ์พานิช,L,อาจารย์ ดร.รุจาดล นันทชารักษ์; อาจารย์นารีวรรณ กลิ่นรัตน์
2569,1,11400112,การต่อต้านการทุจริต,2,อังคาร,1,08:00,10:00,สิงห์ปราชญ์,142,อาคารเทพ พงษ์พานิช,C,อาจารย์นารีวรรณ กลิ่นรัตน์; อาจารย์ ดร.รุจาดล นันทชารักษ์
2569,1,11400112,การต่อต้านการทุจริต,2,ศุกร์,4,08:00,10:00,สิงห์ปราชญ์,142,อาคารเทพ พงษ์พานิช,L,อาจารย์นารีวรรณ กลิ่นรัตน์; อาจารย์ ดร.รุจาดล นันทชารักษ์
2569,1,11400112,การต่อต้านการทุจริต,1,อังคาร,1,13:00,15:00,208 : 801,801,,C,ผู้ช่วยศาสตราจารย์ ดร.ปัญจพร คำโย
2569,1,11400112,การต่อต้านการทุจริต,1,ศุกร์,4,13:00,15:00,208 : 801,801,,L,ผู้ช่วยศาสตราจารย์ ดร.ปัญจพร คำโย
2569,1,คพ392,การเป็นผู้ประกอบการทางด้านคอมพิวเตอร์และนวัตกรรม,1,อังคาร,1,17:00,19:00,บรรยาย คอม 8,105,คณะวิทยาศาสตร์,C,อาจารย์ ดร.กิตติกร หาญตระกูล
2569,1,คพ392,การเป็นผู้ประกอบการทางด้านคอมพิวเตอร์และนวัตกรรม,1,พุธ,2,17:00,20:00,บรรยาย คอม 6,105,คณะวิทยาศาสตร์,L,อาจารย์ ดร.กิตติกร หาญตระกูล
