acadyear_be,semester,course_code,title_th,section,seats_open,seats_enrolled,seats_left,category,instructors,midterm_exam,final_exam,note,schedule_summary
2569,1,10100214,เกษตรเพื่อชีวิต,1,1200,1001,199,W,ผู้ช่วยศาสตราจารย์ ดร.อรพินธุ์ สฤษดิ์นำ; ผู้ช่วยศาสตราจารย์ ดร.ชินพันธ์ ธนารุจ; อาจารย์ ดร.มัลลิกา ดวงเขตต์; รองศาสตราจารย์ ดร.อภินันท์ สุวรรณรักษ์; อาจารย์ ดร.อำพล สอนสระเกษ; อาจารย์ ดร.นงพงา แสงเจริญ; ผู้ช่วยศาสตราจารย์ ดร.เฉลิมศรี นนทสวัสดิ์ศรี; นางสาวสุภาภรณ์ สิริกรม; นางกาญจนา ภักดิ์สันติพงศ์; นายปรีชา รัตนัง; นายสันต์ชัย มุกดา; นายครรชิต ชมภูพันธ์; ว่าที่ร้อยตรีสมบูรณ์ ระดม,,,,จันทร์ 15:00-18:00 ศูนย์กีฬา (C)
2569,1,10100214,เกษตรเพื่อชีวิต,2,1200,1173,27,W,รองศาสตราจารย์ ดร.ดวงพร อมรเลิศพิศาล; อาจารย์ ดร.ขจรเกียรติ์ ศรีนวลสม; อาจารย์ ดร.กาญจนา จอมสังข์; อาจารย์ ดร.ธนะภูมิ เหล่าจันตา; ผู้ช่วยศาสตราจารย์ ดร.ผานิตย์ นาขยัน; ว่าที่ร้อยตรีสมบูรณ์ ระดม; นางกาญจนา ภักดิ์สันติพงศ์; นายกิตติพงษ์ ทิพยะ; นายสัมพันธ์ ตาติวงค์; ผู้ช่วยศาสตราจารย์ ดร.ณัฏฐ์พัชร เถียรวรกานต์; ผู้ช่วยศาสตราจารย์ ดร.อรพินธุ์ สฤษดิ์นำ; อาจารย์ ว่าที่ร้อยตรี ดร.ปรมินทร์ นาระทะ; ผู้ช่วยศาสตราจารย์ ดร.รัชชานนท์ สมบูรณ์ชัย; ศาสตราจารย์ ดร.อานัฐ ตันโช,,,,พฤหัสบดี 15:00-18:00 80-201 (C)
2569,1,10100214,เกษตรเพื่อชีวิต,3,1200,824,376,W,ผู้ช่วยศาสตราจารย์ ดร.เจนจิรา หม่องอ้น; รองศาสตราจารย์ ดร.ศุภธิดา อ่ำทอง; ผู้ช่วยศาสตราจารย์ ดร.โชคชัย ยาทองไชย; ผู้ช่วยศาสตราจารย์ ดร.สาวิกา กอนแสง; ผู้ช่วยศาสตราจารย์ ดร.วาสนา วิรุญรัตน์; ผู้ช่วยศาสตราจารย์ ดร.อรพินธุ์ สฤษดิ์นำ; ผู้ช่วยศาสตราจารย์ ดร.นภัสถ์ จันทร์มี; ผู้ช่วยศาสตราจารย์ ดร.ปฏิภาณ สุทธิกุลบุตร; ดร.วัฒนาพงษ์ ใหม่เฟย; อาจารย์ ดร.สุภาพร ดาวทอง; อาจารย์ ดร.สุเทพ วัชรเวชศฤงคาร; ผู้ช่วยศาสตราจารย์ ดร.ฉัตรสุดา เผือกใจแผ้ว; อาจารย์ ดร.วงค์พันธ์ พรหมวงศ์; นายจักรพงษ์ สุภาวรรณ์; อาจารย์ ดร.กุลชา ชยรพ; อาจารย์ ดร.อำพล สอนสระเกษ; อาจารย์ ดร.จักรพงษ์ ไชยวงศ์; รองศาสตราจารย์ ดร.ณัฐดนัย ลิขิตตระการ; รองศาสตราจารย์ ดร.จีราภรณ์ อินทสาร; อาจารย์ ดร.แสงเดือน อินชนบท; ผู้ช่วยศาสตราจารย์ ดร.จุฑามาศ พิลาดี,,,,อังคาร 15:00-18:00 ศูนย์กีฬา (C)
2569,1,10100214,เกษตรเพื่อชีวิต,1,290,256,34,W,อาจารย์ ดร.วันวสา วิโรจนารมย์; อาจารย์ ดร.อนุวัฒน์ จรัสรัตนไพบูลย์; รองศาสตราจารย์ ดร.ณัฐพร จันทร์ฉาย; ผู้ช่วยศาสตราจารย์ ดร.ขวัญจรัส เชิงปัญญา; ผู้ช่วยศาสตราจารย์ ดร.ศิริโสภา อินขะ วรรณวงศ์; ผู้ช่วยศาสตราจารย์ ดร.วรรณา มังกิตะ; ผู้ช่วยศาสตราจารย์ ดร.กฤษดา พงษ์การัณยภาส; ผู้ช่วยศาสตราจารย์ ดร.ดุจดาว คนยัง; ดร.ศตพล กัลยา,27 ส.ค. 2569 เวลา 13:00 - 16:00 อาคาร 801 ห้อง 106 : 801 | 27 ส.ค. 2569 เวลา 13:00 - 16:00 อาคาร 801 ห้อง 105 : 801 | 27 ส.ค. 2569 เวลา 13:00 - 16:00 อาคาร 801 ห้อง 303/2 : 801 | 27 ส.ค. 2569 เวลา 13:00 - 16:00 อาคาร 801 ห้อง 302/2 : 801,27 ต.ค. 2569 เวลา 13:00 - 16:00 อาคาร 801 ห้อง 208 : 801 | 27 ต.ค. 2569 เวลา 13:00 - 16:00 อาคาร 801 ห้อง 107 : 801 | 27 ต.ค. 2569 เวลา 13:00 - 16:00 อาคาร 801 ห้อง 105 : 801 | 27 ต.ค. 2569 เวลา 13:00 - 16:00 อาคาร 801 ห้อง 106 : 801 | 27 ต.ค. 2569 เวลา 13:00 - 16:00 อาคาร 801 ห้อง 302/2 : 801,,จันทร์ 15:00-18:00 N104:811 (C)
2569,1,10100214,เกษตรเพื่อชีวิต,2,170,153,17,W,อาจารย์ ดร.อนุวัฒน์ จรัสรัตนไพบูลย์; ผู้ช่วยศาสตราจารย์ ดร.ดุจดาว คนยัง; ผู้ช่วยศาสตราจารย์ ดร.กฤษดา พงษ์การัณยภาส; ผู้ช่วยศาสตราจารย์ ดร.วรรณา มังกิตะ; ดร.ศตพล กัลยา; ผู้ช่วยศาสตราจารย์ ดร.ขวัญจรัส เชิงปัญญา; อาจารย์ ดร.วันวสา วิโรจนารมย์; รองศาสตราจารย์ ดร.ณัฐพร จันทร์ฉาย; ผู้ช่วยศาสตราจารย์ ดร.ศิริโสภา อินขะ วรรณวงศ์,27 ส.ค. 2569 เวลา 13:00 - 16:00 อาคาร 801 ห้อง 207 : 801 | 27 ส.ค. 2569 เวลา 13:00 - 16:00 อาคาร 801 ห้อง 208 : 801 | 27 ส.ค. 2569 เวลา 13:00 - 16:00 อาคาร 801 ห้อง 114 : 801 | 27 ส.ค. 2569 เวลา 13:00 - 16:00 อาคาร 801 ห้อง 107 : 801 | 27 ส.ค. 2569 เวลา 13:00 - 16:00 อาคาร 801 ห้อง 115 : 801,27 ต.ค. 2569 เวลา 13:00 - 16:00 อาคาร 801 ห้อง 303/2 : 801 | 27 ต.ค. 2569 เวลา 13:00 - 16:00 อาคาร 801 ห้อง 114 : 801,การป่าไม้,พฤหัสบดี 15:00-18:00 N104:811 (C)
2569,1,10100214,เกษตรเพื่อชีวิต,3,10,9,1,W,ดร.ศตพล กัลยา; ผู้ช่วยศาสตราจารย์ ดร.ดุจดาว คนยัง; ผู้ช่วยศาสตราจารย์ ดร.กฤษดา พงษ์การัณยภาส; ผู้ช่วยศาสตราจารย์ ดร.วรรณา มังกิตะ; ผู้ช่วยศาสตราจารย์ ดร.ศิริโสภา อินขะ วรรณวงศ์; ผู้ช่วยศาสตราจารย์ ดร.ขวัญจรัส เชิงปัญญา; รองศาสตราจารย์ ดร.ณัฐพร จันทร์ฉาย; อาจารย์ ดร.วันวสา วิโรจนารมย์; อาจารย์ ดร.อนุวัฒน์ จรัสรัตนไพบูลย์,,,กต2ปี+บช2ปี,ศุกร์ 17:00-20:00 TBA(แพร่) (C)
2569,1,10100214,เกษตรเพื่อชีวิต,1,65,56,9,W,อาจารย์ปิยนุช จันทรัมพร,28 ส.ค. 2569 เวลา 13:00 - 16:00 อาคาร 716 ห้อง 308,,,อังคาร 13:00-16:00 306 (C)
2569,1,10200503,การประยุกต์ใช้โปรแกรมสำเร็จรูปทางธุรกิจ,1,60,58,2,W,อาจารย์ ดร.กฤตวยาน์ ทองคู่,,,", การประมงฯ หลักสูตร 4 ปี ลำดับ 1-24",จันทร์ 17:00-19:00 BA 204 ห้อง lab (C); จันทร์ 19:00-21:00 BA 204 ห้อง lab (L)
2569,1,10200503,การประยุกต์ใช้โปรแกรมสำเร็จรูปทางธุรกิจ,2,60,59,1,W,อาจารย์ ดร.กรรณิกาณ์ ด้วงเจริญ,,,การประมงฯ หลักสูตร 4 ปี ลำดับ 25-84,จันทร์ 17:00-19:00 BA 206 (C); จันทร์ 19:00-21:00 BA 206 (L)
2569,1,10200503,การประยุกต์ใช้โปรแกรมสำเร็จรูปทางธุรกิจ,3,60,59,1,W,อาจารย์ญาณิศา ไชยศรีหา,,,เศรษฐศาสตร์ดิจิทัลฯ ลำดับ 30-80,พฤหัสบดี 17:00-19:00 BA 204 ห้อง lab (C); พฤหัสบดี 19:00-21:00 BA 204 ห้อง lab (L)
2569,1,10200503,การประยุกต์ใช้โปรแกรมสำเร็จรูปทางธุรกิจ,4,60,60,0,W,อาจารย์ญาณิศา ไชยศรีหา,,,การเงิน ลำดับ 46-105,ศุกร์ 17:00-19:00 BA 204 ห้อง lab (C); ศุกร์ 19:00-21:00 BA 204 ห้อง lab (L)
2569,1,10200503,การประยุกต์ใช้โปรแกรมสำเร็จรูปทางธุรกิจ,5,60,42,18,W,อาจารย์ธิดาทิตย์ จันคนา,,,"การเงิน ลำดับ 106-136,เ ศรษฐศาสตร์ดิจิทัลฯ ลำดับ 1-29",เสาร์ 08:00-10:00 BA 204 ห้อง lab (C); เสาร์ 10:00-12:00 BA 204 ห้อง lab (L)
2569,1,10200503,การประยุกต์ใช้โปรแกรมสำเร็จรูปทางธุรกิจ,6,60,59,1,W,อาจารย์ธิดาทิตย์ จันคนา,,,"การประมงฯ ลำดับ 85-99, การเงิน ลำดับ 1-45",เสาร์ 13:00-15:00 BA 204 ห้อง lab (C); เสาร์ 15:00-17:00 BA 204 ห้อง lab (L)
2569,1,10200503,การประยุกต์ใช้โปรแกรมสำเร็จรูปทางธุรกิจ,1,5,5,0,W,อาจารย์ ดร.วัชรี เลขะวิพัฒน์,,19 ต.ค. 2569 เวลา 09:00 - 12:00 อาคาร 811 ห้อง N107:811,,จันทร์ 08:00-10:00 C3 COM : 801 (C); พฤหัสบดี 08:00-10:00 C1 COM : 801 (L)
2569,1,10200504,การเป็นผู้ประกอบการ,1,260,237,23,W,รองศาสตราจารย์ปกรณ์ อุดมธนะสารสกุล,26 ส.ค. 2569 เวลา 08:00 - 11:00 อาคาร 147 ห้อง 80-301 | 26 ส.ค. 2569 เวลา 08:00 - 11:00 อาคาร 125 ห้อง ศร204,30 ต.ค. 2569 เวลา 15:30 - 18:30 อาคาร 125 ห้อง ศร201_1 | 30 ต.ค. 2569 เวลา 15:30 - 18:30 อาคาร 147 ห้อง 80-301,การตลาด ลำดับ 1-55,อังคาร 10:00-12:00 ศร301 (C); ศุกร์ 10:00-12:00 ศร301 (L)
2569,1,10200504,การเป็นผู้ประกอบการ,2,276,271,5,W,รองศาสตราจารย์ปกรณ์ อุดมธนะสารสกุล,26 ส.ค. 2569 เวลา 08:00 - 11:00 อาคาร 125 ห้อง ศร201_1 | 26 ส.ค. 2569 เวลา 08:00 - 11:00 อาคาร 125 ห้อง ศร304 | 26 ส.ค. 2569 เวลา 08:00 - 11:00 อาคาร 125 ห้อง ศร201_2,30 ต.ค. 2569 เวลา 15:30 - 18:30 อาคาร 125 ห้อง ศร201_1 | 30 ต.ค. 2569 เวลา 15:30 - 18:30 อาคาร 125 ห้อง ศร403 | 30 ต.ค. 2569 เวลา 15:30 - 18:30 อาคาร 125 ห้อง ศร201_2,,จันทร์ 08:00-10:00 ศร301 (C); พฤหัสบดี 08:00-10:00 ศร301 (L)
2569,1,10200504,การเป็นผู้ประกอบการ,3,260,185,75,W,อาจารย์ฉันทวัต วันดี,26 ส.ค. 2569 เวลา 08:00 - 11:00 อาคาร 125 ห้อง ศร304 | 26 ส.ค. 2569 เวลา 08:00 - 11:00 อาคาร 125 ห้อง ศร403,30 ต.ค. 2569 เวลา 15:30 - 18:30 อาคาร 125 ห้อง ศร304 | 30 ต.ค. 2569 เวลา 15:30 - 18:30 อาคาร 147 ห้อง 80-201,,อังคาร 08:00-10:00 ศร301 (C); ศุกร์ 08:00-10:00 ศร301 (L)
2569,1,10200504,การเป็นผู้ประกอบการ,4,260,255,5,W,รองศาสตราจารย์ปกรณ์ อุดมธนะสารสกุล,26 ส.ค. 2569 เวลา 08:00 - 11:00 อาคาร 147 ห้อง 80-401 | 26 ส.ค. 2569 เวลา 08:00 - 11:00 อาคาร 125 ห้อง ศร403 | 26 ส.ค. 2569 เวลา 08:00 - 11:00 อาคาร 147 ห้อง 80-410 | 26 ส.ค. 2569 เวลา 08:00 - 11:00 อาคาร 147 ห้อง 80-402,30 ต.ค. 2569 เวลา 15:30 - 18:30 อาคาร 147 ห้อง 80-501 | 30 ต.ค. 2569 เวลา 15:30 - 18:30 อาคาร 147 ห้อง 80-402 | 30 ต.ค. 2569 เวลา 15:30 - 18:30 อาคาร 147 ห้อง 80-201,การตลาด ลำดับ 56-309,อังคาร 15:00-17:00 ศร301 (C); ศุกร์ 15:00-17:00 ศร301 (L)
2569,1,10200505,การตลาดบนสมาร์ทโฟน,1,204,198,6,W,อาจารย์ ดร.สุตาภัทร คงเกิด,,21 ต.ค. 2569 เวลา 15:30 - 18:30 อาคาร 107 ห้อง BA 301 | 21 ต.ค. 2569 เวลา 15:30 - 18:30 อาคาร 107 ห้อง BA 305 | 21 ต.ค. 2569 เวลา 15:30 - 18:30 อาคาร 142 ห้อง สิงห์พลิน,,อังคาร 16:00-17:30 ศร304 (C); ศุกร์ 16:00-17:30 ศร304 (C)
2569,1,10200505,การตลาดบนสมาร์ทโฟน,1,20,17,3,W,ผู้ช่วยศาสตราจารย์ ดร.น้ำฝน รักประยูร,,19 ต.ค. 2569 เวลา 09:00 - 12:00 อาคาร 801 ห้อง 107 : 801,บช,จันทร์ 10:00-11:30 N109:811 (C); พฤหัสบดี 10:00-11:30 N109:811 (L)
2569,1,10200506,การวางแผนการเงินในชีวิตประจำวัน,1,94,92,2,W,ผู้ช่วยศาสตราจารย์โสภณ ฟองเพชร,,,,จันทร์ 13:00-14:30 80-501 (C); พฤหัสบดี 13:00-14:30 80-501 (C)
2569,1,10200506,การวางแผนการเงินในชีวิตประจำวัน,2,33,32,1,W,ผู้ช่วยศาสตราจารย์โสภณ ฟองเพชร,,,,อังคาร 13:00-14:30 BA 304 (C); ศุกร์ 13:00-14:30 BA 304 (C)
2569,1,10200507,ภาษีอากรสำหรับผู้ประกอบการ,1,71,70,1,W,นางสาวณิภาวรรณ มหาไม้,,,,พฤหัสบดี 17:00-20:00 BA 402 (C)
2569,1,10300402,การใช้ชีวิตในสังคมดิจิทัล,1,250,116,134,W,อาจารย์ ดร.จิราวรรณ รอนราญ,,,,อังคาร 13:00-15:00 ศร201_2 (C); ศุกร์ 13:00-15:00 ศร201_2 (L)
2569,1,10300402,การใช้ชีวิตในสังคมดิจิทัล,2,250,130,120,W,ผู้ช่วยศาสตราจารย์ ดร.สายัณห์ อุ่นนันกาศ; ว่าที่ร้อยตรี ดร.มาโนชญ์ ตนสิงห์,,,,จันทร์ 17:00-19:00 Lab IT 3202-1 (C); พฤหัสบดี 17:00-19:00 Lab IT 3202-1 (L)
2569,1,10300402,การใช้ชีวิตในสังคมดิจิทัล,3,200,170,30,W,อาจารย์ ดร.จักรกฤช เตโช; อาจารย์ ดร.วัชรินทร์ สาระไชย,,,,จันทร์ 16:00-18:00 80-301 (C); พฤหัสบดี 16:00-18:00 80-301 (L)
2569,1,10300403,โปรแกรมสำเร็จรูปเพื่อการศึกษา,1,108,106,2,W,อาจารย์ทัศนีย์ ชัยยา,,,เทคโนโลยีหลังการเก็บเกี่ยว ลำดับ 1-7,อังคาร 10:00-12:00 ห้องคอม C (C); ศุกร์ 10:00-12:00 ห้องคอม C (L)
2569,1,10300403,โปรแกรมสำเร็จรูปเพื่อการศึกษา,2,108,100,8,W,อาจารย์ทัศนีย์ ชัยยา,,,เทคโนโลยีหลังการเก็บเกี่ยว ลำดับ 8-33,อังคาร 08:00-10:00 วิทย์ 1108 (C); ศุกร์ 08:00-10:00 ห้องคอม C (L)
2569,1,10300403,โปรแกรมสำเร็จรูปเพื่อการศึกษา,1,40,37,3,W,อาจารย์ ดร.พัชรณัฐ ดาวดึงษ์,,27 ต.ค. 2569 เวลา 09:00 - 12:00 อาคาร 801 ห้อง 105 : 801 | 27 ต.ค. 2569 เวลา 09:00 - 12:00 อาคาร 801 ห้อง 106 : 801,รศ,อังคาร 10:00-12:00 N104:811 (C); อังคาร 15:00-17:00 C3 COM : 801 (L)
2569,1,10300403,โปรแกรมสำเร็จรูปเพื่อการศึกษา,2,49,41,8,W,อาจารย์ ดร.พัชรณัฐ ดาวดึงษ์; อาจารย์ณฐวุฒ พยัฆคิน,,27 ต.ค. 2569 เวลา 09:00 - 12:00 อาคาร 801 ห้อง 303/2 : 801,การป่าไม้ 1-53,อังคาร 10:00-12:00 N104:811 (C); ศุกร์ 08:00-10:00 C3 COM : 801 (L)
2569,1,10300403,โปรแกรมสำเร็จรูปเพื่อการศึกษา,3,49,49,0,W,อาจารย์ ดร.พัชรณัฐ ดาวดึงษ์; อาจารย์ณฐวุฒ พยัฆคิน,,27 ต.ค. 2569 เวลา 09:00 - 12:00 อาคาร 801 ห้อง 303/2 : 801,การป่าไม้ 54-114,อังคาร 10:00-12:00 N104:811 (C); พฤหัสบดี 08:00-10:00 C3 COM : 801 (L)
2569,1,10300403,โปรแกรมสำเร็จรูปเพื่อการศึกษา,4,49,49,0,W,อาจารย์ ดร.พัชรณัฐ ดาวดึงษ์; อาจารย์ณฐวุฒ พยัฆคิน,,27 ต.ค. 2569 เวลา 09:00 - 12:00 อาคาร 801 ห้อง 106 : 801 | 27 ต.ค. 2569 เวลา 09:00 - 12:00 อาคาร 801 ห้อง 107 : 801,การป่าไม้ 115-175,อังคาร 10:00-12:00 N104:811 (C); ศุกร์ 10:00-12:00 C3 COM : 801 (L)
2569,1,10300404,การตัดสินใจในชีวิตประจำวัน,1,90,62,28,W,ผู้ช่วยศาสตราจารย์ ดร.ศิริพร สมุทรวชิรวงษ์,24 ส.ค. 2569 เวลา 08:00 - 11:00 อาคาร 147 ห้อง 80-301,20 ต.ค. 2569 เวลา 08:00 - 11:00 อาคาร 147 ห้อง 80-301,บัญชี ลำดับ 1-90,อังคาร 11:00-12:30 80-305 (สำรอง) (C); ศุกร์ 11:00-12:30 80-305 (สำรอง) (C)
2569,1,10300404,การตัดสินใจในชีวิตประจำวัน,2,100,97,3,W,ผู้ช่วยศาสตราจารย์ ดร.ศิริพร สมุทรวชิรวงษ์,24 ส.ค. 2569 เวลา 08:00 - 11:00 อาคาร 147 ห้อง 80-301,20 ต.ค. 2569 เวลา 08:00 - 11:00 อาคาร 147 ห้อง 80-301,,อังคาร 13:00-14:30 80-305 (สำรอง) (C); ศุกร์ 13:00-14:30 80-305 (สำรอง) (C)
2569,1,10300404,การตัดสินใจในชีวิตประจำวัน,3,90,88,2,W,ผู้ช่วยศาสตราจารย์ ดร.หนึ่งหทัย ชัยอาภร,24 ส.ค. 2569 เวลา 08:00 - 11:00 อาคาร 125 ห้อง ศร403,20 ต.ค. 2569 เวลา 08:00 - 11:00 อาคาร 125 ห้อง ศร403,เทคโนโลยีสารสนเทศ ลำดับ 1-90,จันทร์ 14:30-16:00 ศร401 (C); พฤหัสบดี 14:30-16:00 ศร401 (C)
2569,1,10300404,การตัดสินใจในชีวิตประจำวัน,4,95,80,15,W,ผู้ช่วยศาสตราจารย์ ดร.หนึ่งหทัย ชัยอาภร,24 ส.ค. 2569 เวลา 08:00 - 11:00 อาคาร 125 ห้อง ศร302 | 24 ส.ค. 2569 เวลา 08:00 - 11:00 อาคาร 125 ห้อง ศร403,20 ต.ค. 2569 เวลา 08:00 - 11:00 อาคาร 125 ห้อง ศร302 | 20 ต.ค. 2569 เวลา 08:00 - 11:00 อาคาร 125 ห้อง ศร403,"บัญชี ลำดับ 91-121, วิทยาการคอมพิวเตอร์ ลำดับ 91-109, เทคโนโลยีสารสนเทศ ลำดับ 91-120",จันทร์ 13:00-14:30 80-406 (C); พฤหัสบดี 13:00-14:30 80-406 (C)
2569,1,10300404,การตัดสินใจในชีวิตประจำวัน,5,109,23,86,W,ผู้ช่วยศาสตราจารย์รุ่งกานต์ ใจวงค์ยะ; ผู้ช่วยศาสตราจารย์ ดร.ศิริพร สมุทรวชิรวงษ์,24 ส.ค. 2569 เวลา 08:00 - 11:00 อาคาร 125 ห้อง ศร302,20 ต.ค. 2569 เวลา 08:00 - 11:00 อาคาร 125 ห้อง ศร302,วิทยาการคอมพิวเตอร์ ลำดับ 1-90,จันทร์ 10:00-11:30 ศร204 (C); พฤหัสบดี 10:00-11:30 ศร204 (C)
2569,1,10300404,การตัดสินใจในชีวิตประจำวัน,6,120,119,1,W,ผู้ช่วยศาสตราจารย์รุ่งกานต์ ใจวงค์ยะ; ผู้ช่วยศาสตราจารย์ ดร.หนึ่งหทัย ชัยอาภร,24 ส.ค. 2569 เวลา 08:00 - 11:00 อาคาร 125 ห้อง ศร201_2,20 ต.ค. 2569 เวลา 08:00 - 11:00 อาคาร 125 ห้อง ศร201_2,การจัดการธุรกิจท่องเที่ยวและบริการ ลำดับ 1-120 ลำดับอื่นให้ลงกลุ่ม 4,อังคาร 10:00-11:30 ศร401 (C); ศุกร์ 10:00-11:30 ศร401 (C)
2569,1,10300405,การคำนวณทางธุรกิจและการลงทุนสำหรับผู้ประกอบการยุคใหม่,1,96,94,2,W,ผู้ช่วยศาสตราจารย์ ดร.อุไรลักษมณ์ สิงห์ทอง; ผู้ช่วยศาสตราจารย์กมลเทพ มีคำ; อาจารย์ ดร.พิกุล ศรีดารัตน์; ผู้ช่วยศาสตราจารย์ ดร.จีรวรรณ พัชรประกิติ,27 ส.ค. 2569 เวลา 12:00 - 15:00 อาคาร 105 ห้อง ห้องสอบออนไลน์,26 ต.ค. 2569 เวลา 12:00 - 15:00 อาคาร 105 ห้อง ห้องสอบออนไลน์,การจัดการ ลำดับ 1-96,จันทร์ 10:00-12:00 ห้องคอม C (C); พฤหัสบดี 10:00-12:00 ห้องคอม C (L)
2569,1,10300405,การคำนวณทางธุรกิจและการลงทุนสำหรับผู้ประกอบการยุคใหม่,2,96,96,0,W,ผู้ช่วยศาสตราจารย์กมลเทพ มีคำ; อาจารย์ ดร.พิกุล ศรีดารัตน์; ผู้ช่วยศาสตราจารย์ ดร.อุไรลักษมณ์ สิงห์ทอง; ผู้ช่วยศาสตราจารย์ ดร.จีรวรรณ พัชรประกิติ,27 ส.ค. 2569 เวลา 12:00 - 15:00 อาคาร 105 ห้อง ห้องสอบออนไลน์,26 ต.ค. 2569 เวลา 12:00 - 15:00 อาคาร 105 ห้อง ห้องสอบออนไลน์,การจัดการ ลำดับ 97-192,อังคาร 15:00-17:00 ห้องคอม C (C); ศุกร์ 15:00-17:00 ห้องคอม C (L)
2569,1,10300405,การคำนวณทางธุรกิจและการลงทุนสำหรับผู้ประกอบการยุคใหม่,3,97,95,2,W,อาจารย์ ดร.พิกุล ศรีดารัตน์; ผู้ช่วยศาสตราจารย์ ดร.จีรวรรณ พัชรประกิติ; ผู้ช่วยศาสตราจารย์กมลเทพ มีคำ; ผู้ช่วยศาสตราจารย์ ดร.อุไรลักษมณ์ สิงห์ทอง,27 ส.ค. 2569 เวลา 12:00 - 15:00 อาคาร 105 ห้อง ห้องสอบออนไลน์,26 ต.ค. 2569 เวลา 12:00 - 15:00 อาคาร 105 ห้อง ห้องสอบออนไลน์,การจัดการ ลำดับ 193-243,อังคาร 13:00-15:00 ห้องคอม C (C); ศุกร์ 13:00-15:00 ห้องคอม C (L)
2569,1,10300405,การคำนวณทางธุรกิจและการลงทุนสำหรับผู้ประกอบการยุคใหม่,4,82,48,34,W,ผู้ช่วยศาสตราจารย์กมลเทพ มีคำ; อาจารย์ ดร.พิกุล ศรีดารัตน์; ผู้ช่วยศาสตราจารย์ ดร.อุไรลักษมณ์ สิงห์ทอง; ผู้ช่วยศาสตราจารย์ ดร.จีรวรรณ พัชรประกิติ,27 ส.ค. 2569 เวลา 12:00 - 15:00 อาคาร 105 ห้อง ห้องสอบออนไลน์,26 ต.ค. 2569 เวลา 12:00 - 15:00 อาคาร 105 ห้อง ห้องสอบออนไลน์,เศรษฐศาสตร์ชั้นปีที่2 ลำดับ 1-82,จันทร์ 15:00-17:00 ห้องคอม C (C); พฤหัสบดี 15:00-17:00 ห้องคอม C (L)
2569,1,10300405,การคำนวณทางธุรกิจและการลงทุนสำหรับผู้ประกอบการยุคใหม่,1,50,50,0,W,อาจารย์กรรณิการ์ มอญแก้ว; อาจารย์ ดร.วิลาสินี บุญธรรม; อาจารย์ ดร.รัชนีวรรณ คำตัน,,,ผส,อังคาร 08:00-10:00 107 : 801 (C); ศุกร์ 08:00-10:00 N109:811 (L)
2569,1,10300405,การคำนวณทางธุรกิจและการลงทุนสำหรับผู้ประกอบการยุคใหม่,2,15,9,6,W,อาจารย์ ดร.รัชนีวรรณ คำตัน; อาจารย์ ดร.วิลาสินี บุญธรรม; อาจารย์กรรณิการ์ มอญแก้ว,,,2บช,เสาร์ 08:00-12:00 TBA(แพร่) (C)
2569,1,10300409,คณิตศาสตร์เพื่อชีวิตสมัยใหม่,1,80,80,0,W,ผู้ช่วยศาสตราจารย์ ดร.สิตา ชากฤษณ์; ผู้ช่วยศาสตราจารย์ ดร.พิลาศลักษณ์ ศรแก้ว; อาจารย์ ดร.ธวัชชัย เพชรธาราทิพย์,25 ส.ค. 2569 เวลา 12:00 - 15:00 อาคาร 125 ห้อง ศร403,21 ต.ค. 2569 เวลา 12:00 - 15:00 อาคาร 125 ห้อง ศร403,บัญชี ลำดับ 1-80,จันทร์ 14:30-16:00 วิทย์ 1108 (C); พฤหัสบดี 14:30-16:00 วิทย์ 1108 (C)
2569,1,10300409,คณิตศาสตร์เพื่อชีวิตสมัยใหม่,2,80,32,48,W,,25 ส.ค. 2569 เวลา 12:00 - 15:00 อาคาร 125 ห้อง ศร403,,วิทยาการคอมฯ ลำดับ 1-80,จันทร์ 08:00-09:30 วิทย์ 1108 (C); พฤหัสบดี 08:00-09:30 วิทย์ 1108 (C)
2569,1,10300410,ความฉลาดรู้ด้านวิทยาศาสตร์สำหรับโลกสมัยใหม่,1,80,0,80,W,,,,,จันทร์ 09:30-11:00 วิทย์ 2205 (C); พฤหัสบดี 09:30-11:00 วิทย์ 2205 (C)
2569,1,10300410,ความฉลาดรู้ด้านวิทยาศาสตร์สำหรับโลกสมัยใหม่,2,80,80,0,W,รองศาสตราจารย์ ดร.ดารา ภูสง่า; ว่าที่ร้อยตรี ดร.มาโนชญ์ ตนสิงห์; ผู้ช่วยศาสตราจารย์ ดร.ฐปน ชื่นบาล; ผู้ช่วยศาสตราจารย์ ดร.นิตยา ใจทนง; ผู้ช่วยศาสตราจารย์ ดร.ศุภรัตน์ นาคสิทธิพันธุ์; ผู้ช่วยศาสตราจารย์ ดร.ชนิกานต์ เอมหฤทัย; ผู้ช่วยศาสตราจารย์ ดร.นภัสถ์ จันทร์มี; ผู้ช่วยศาสตราจารย์ ดร.ศิราภรณ์ ชื่นบาล,29 ส.ค. 2569 เวลา 08:00 - 11:00 อาคาร 147 ห้อง 80-402,19 ต.ค. 2569 เวลา 08:00 - 11:00 อาคาร 125 ห้อง ศร204,,จันทร์ 11:00-12:30 วิทย์ 2205 (C); พฤหัสบดี 11:00-12:30 วิทย์ 2205 (C)
2569,1,10300410,ความฉลาดรู้ด้านวิทยาศาสตร์สำหรับโลกสมัยใหม่,3,87,66,21,W,รองศาสตราจารย์ ดร.ดารา ภูสง่า; ว่าที่ร้อยตรี ดร.มาโนชญ์ ตนสิงห์; ผู้ช่วยศาสตราจารย์ ดร.ฐปน ชื่นบาล; ผู้ช่วยศาสตราจารย์ ดร.ศิราภรณ์ ชื่นบาล; ผู้ช่วยศาสตราจารย์ ดร.นภัสถ์ จันทร์มี; ผู้ช่วยศาสตราจารย์ ดร.ชนิกานต์ เอมหฤทัย; ผู้ช่วยศาสตราจารย์ ดร.ศุภรัตน์ นาคสิทธิพันธุ์; ผู้ช่วยศาสตราจารย์ ดร.นิตยา ใจทนง,29 ส.ค. 2569 เวลา 08:00 - 11:00 อาคาร 147 ห้อง 80-402 | 29 ส.ค. 2569 เวลา 08:00 - 11:00 อาคาร 147 ห้อง 80-403,19 ต.ค. 2569 เวลา 08:00 - 11:00 อาคาร 125 ห้อง ศร302,,อังคาร 09:30-11:00 วิทย์ 2205 (C); ศุกร์ 09:30-11:00 วิทย์ 2205 (C)
2569,1,10300410,ความฉลาดรู้ด้านวิทยาศาสตร์สำหรับโลกสมัยใหม่,4,84,84,0,W,ผู้ช่วยศาสตราจารย์ ดร.นิตยา ใจทนง; ว่าที่ร้อยตรี ดร.มาโนชญ์ ตนสิงห์; ผู้ช่วยศาสตราจารย์ ดร.ฐปน ชื่นบาล; ผู้ช่วยศาสตราจารย์ ดร.ศิราภรณ์ ชื่นบาล; ผู้ช่วยศาสตราจารย์ ดร.นภัสถ์ จันทร์มี; ผู้ช่วยศาสตราจารย์ ดร.ชนิกานต์ เอมหฤทัย; ผู้ช่วยศาสตราจารย์ ดร.ศุภรัตน์ นาคสิทธิพันธุ์; รองศาสตราจารย์ ดร.ดารา ภูสง่า,29 ส.ค. 2569 เวลา 08:00 - 11:00 อาคาร 147 ห้อง 80-501,19 ต.ค. 2569 เวลา 08:00 - 11:00 อาคาร 147 ห้อง 80-402,,อังคาร 11:00-12:30 วิทย์ 2205 (C); ศุกร์ 11:00-12:30 วิทย์ 2205 (C)
2569,1,10300411,วิทยาศาสตร์เพื่อชีวิต,1,180,158,22,W,ผู้ช่วยศาสตราจารย์กมลเทพ มีคำ; ผู้ช่วยศาสตราจารย์ ดร.พรพรรณ อุตมัง; อาจารย์ ดร.สุภาพร ดาวทอง; ผู้ช่วยศาสตราจารย์ ดร.จุฑามาศ มณีวงศ์; ผู้ช่วยศาสตราจารย์ ดร.นภัสถ์ จันทร์มี; ผู้ช่วยศาสตราจารย์ ดร.ยุพเยาว์ คบพิมาย; ผู้ช่วยศาสตราจารย์ ดร.โชคชัย ยาทองไชย; ผู้ช่วยศาสตราจารย์ ดร.ทิพปภา พิสิษฐ์กุล; รองศาสตราจารย์ ดร.ชูพงษ์ ภาคภูมิ; ผู้ช่วยศาสตราจารย์ ดร.ชนิกานต์ เอมหฤทัย,28 ส.ค. 2569 เวลา 15:30 - 18:30 อาคาร 105 ห้อง ห้องสอบออนไลน์,27 ต.ค. 2569 เวลา 15:30 - 18:30 อาคาร 105 ห้อง ห้องสอบออนไลน์,,จันทร์ 08:00-10:00 ศร201_1 (C); พฤหัสบดี 08:00-10:00 ศร201_1 (L)
2569,1,10300411,วิทยาศาสตร์เพื่อชีวิต,2,180,121,59,W,รองศาสตราจารย์ ดร.ช่อทิพา สกูลสิงหาโรจน์; รองศาสตราจารย์ ดร.ชูพงษ์ ภาคภูมิ; อาจารย์ ดร.สุภาพร ดาวทอง; อาจารย์ ดร.พิชามญชุ์ ลิ่มเจริญชาติ; ผู้ช่วยศาสตราจารย์ ดร.นภัสถ์ จันทร์มี; ผู้ช่วยศาสตราจารย์ ดร.ชนิกานต์ เอมหฤทัย; ผู้ช่วยศาสตราจารย์ ดร.โชคชัย ยาทองไชย; ผู้ช่วยศาสตราจารย์ ดร.ทิพปภา พิสิษฐ์กุล; ผู้ช่วยศาสตราจารย์ ดร.พรพรรณ อุตมัง; ผู้ช่วยศาสตราจารย์กมลเทพ มีคำ,28 ส.ค. 2569 เวลา 15:30 - 18:30 อาคาร 105 ห้อง ห้องสอบออนไลน์,27 ต.ค. 2569 เวลา 15:30 - 18:30 อาคาร 105 ห้อง ห้องสอบออนไลน์,,จันทร์ 15:00-17:00 ศร201_1 (C); พฤหัสบดี 15:00-17:00 ศร201_1 (L)
2569,1,10300411,วิทยาศาสตร์เพื่อชีวิต,3,180,134,46,W,รองศาสตราจารย์ ดร.ชูพงษ์ ภาคภูมิ; ผู้ช่วยศาสตราจารย์กมลเทพ มีคำ; ผู้ช่วยศาสตราจารย์ ดร.นภัสถ์ จันทร์มี; ผู้ช่วยศาสตราจารย์ ดร.จุฑามาศ มณีวงศ์; ผู้ช่วยศาสตราจารย์ ดร.ชนิกานต์ เอมหฤทัย; ผู้ช่วยศาสตราจารย์ ดร.นฤมล เข็มกลัดเงิน; ผู้ช่วยศาสตราจารย์ ดร.โชคชัย ยาทองไชย; ผู้ช่วยศาสตราจารย์ ดร.ทิพปภา พิสิษฐ์กุล; ผู้ช่วยศาสตราจารย์ ดร.พรพรรณ อุตมัง; อาจารย์ ดร.สุภาพร ดาวทอง,28 ส.ค. 2569 เวลา 15:30 - 18:30 อาคาร 105 ห้อง ห้องสอบออนไลน์,27 ต.ค. 2569 เวลา 15:30 - 18:30 อาคาร 105 ห้อง ห้องสอบออนไลน์,,จันทร์ 13:00-15:00 ศร201_1 (C); พฤหัสบดี 13:00-15:00 ศร201_1 (L)
2569,1,10300411,วิทยาศาสตร์เพื่อชีวิต,4,180,170,10,W,ผู้ช่วยศาสตราจารย์ ดร.พรพรรณ อุตมัง; รองศาสตราจารย์ ดร.ช่อทิพา สกูลสิงหาโรจน์; อาจารย์ ดร.สุภาพร ดาวทอง; อาจารย์ ดร.พิชามญชุ์ ลิ่มเจริญชาติ; ผู้ช่วยศาสตราจารย์ ดร.ทิพปภา พิสิษฐ์กุล; รองศาสตราจารย์ ดร.ชูพงษ์ ภาคภูมิ; ผู้ช่วยศาสตราจารย์ ดร.นภัสถ์ จันทร์มี; ผู้ช่วยศาสตราจารย์กมลเทพ มีคำ; ผู้ช่วยศาสตราจารย์ ดร.ชนิกานต์ เอมหฤทัย; ผู้ช่วยศาสตราจารย์ ดร.โชคชัย ยาทองไชย,28 ส.ค. 2569 เวลา 15:30 - 18:30 อาคาร 105 ห้อง ห้องสอบออนไลน์,27 ต.ค. 2569 เวลา 15:30 - 18:30 อาคาร 105 ห้อง ห้องสอบออนไลน์,,จันทร์ 17:00-19:00 3102 (C); พฤหัสบดี 17:00-19:00 3102 (L)
2569,1,10300411,วิทยาศาสตร์เพื่อชีวิต,5,181,122,59,W,ผู้ช่วยศาสตราจารย์กมลเทพ มีคำ; รองศาสตราจารย์ ดร.ชูพงษ์ ภาคภูมิ; อาจารย์ ดร.พิชามญชุ์ ลิ่มเจริญชาติ; อาจารย์ ดร.สุภาพร ดาวทอง; รองศาสตราจารย์ ดร.ธีรพล ธุระกิจเสรี; ผู้ช่วยศาสตราจารย์ ดร.โชคชัย ยาทองไชย; ผู้ช่วยศาสตราจารย์ ดร.พรพรรณ อุตมัง; ผู้ช่วยศาสตราจารย์ ดร.ทิพปภา พิสิษฐ์กุล; ผู้ช่วยศาสตราจารย์ ดร.ชนิกานต์ เอมหฤทัย; ผู้ช่วยศาสตราจารย์ ดร.นฤมล เข็มกลัดเงิน; ผู้ช่วยศาสตราจารย์ ดร.นภัสถ์ จันทร์มี,28 ส.ค. 2569 เวลา 15:30 - 18:30 อาคาร 105 ห้อง ห้องสอบออนไลน์,27 ต.ค. 2569 เวลา 15:30 - 18:30 อาคาร 105 ห้อง ห้องสอบออนไลน์,,อังคาร 17:00-19:00 3102 (C); ศุกร์ 17:00-19:00 3102 (L)
2569,1,10300412,การพัฒนาวิทยาศาสตร์และเทคโนโลยี,1,180,131,49,W,รองศาสตราจารย์ ดร.แสงทอง พงษ์เจริญกิต; รองศาสตราจารย์ ดร.อรุณี คงดี อัลเดรด; ผู้ช่วยศาสตราจารย์ ดร.ทิพปภา พิสิษฐ์กุล; อาจารย์ ดร.เนตราพร ไชยสุวรรณากรณ์; รองศาสตราจารย์ ดร.กนกวรรณ กรรเชียง; รองศาสตราจารย์ ดร.ธีรพล ธุระกิจเสรี; ผู้ช่วยศาสตราจารย์ ดร.สุภารัตน์ ลีธนัชอุดม; รองศาสตราจารย์ ดร.ชูพงษ์ ภาคภูมิ; ผู้ช่วยศาสตราจารย์ ดร.ปราณรวีร์ สุขันธ์; ผู้ช่วยศาสตราจารย์ ดร.ธวัฒน์ สร้อยทอง; รองศาสตราจารย์ ดร.ฐิติพรรณ ฉิมสุข; ผู้ช่วยศาสตราจารย์ ดร.เรวดี วงศ์มณีรุ่ง; ผู้ช่วยศาสตราจารย์ ดร.สุพัตรา วงศ์แสนใหม่; อาจารย์ ดร.กีรติญา จันทร์ผง,28 ส.ค. 2569 เวลา 08:00 - 11:00 อาคาร 105 ห้อง ห้องสอบออนไลน์,28 ต.ค. 2569 เวลา 12:00 - 15:00 อาคาร 105 ห้อง ห้องสอบออนไลน์,,จันทร์ 10:00-12:00 ศร201_1 (C); พฤหัสบดี 10:00-12:00 ศร201_1 (L)
2569,1,10300412,การพัฒนาวิทยาศาสตร์และเทคโนโลยี,1,20,16,4,W,รองศาสตราจารย์ ดร.แสงทอง พงษ์เจริญกิต; อาจารย์ ดร.เนตราพร ไชยสุวรรณากรณ์; รองศาสตราจารย์ ดร.กนกวรรณ กรรเชียง; รองศาสตราจารย์ ดร.ธีรพล ธุระกิจเสรี; ผู้ช่วยศาสตราจารย์ ดร.สุภารัตน์ ลีธนัชอุดม; รองศาสตราจารย์ ดร.ชูพงษ์ ภาคภูมิ; ผู้ช่วยศาสตราจารย์ ดร.ทิพปภา พิสิษฐ์กุล; ผู้ช่วยศาสตราจารย์ ดร.ธวัฒน์ สร้อยทอง; รองศาสตราจารย์ ดร.ฐิติพรรณ ฉิมสุข; ผู้ช่วยศาสตราจารย์ ดร.เรวดี วงศ์มณีรุ่ง; ผู้ช่วยศาสตราจารย์ ดร.สุพัตรา วงศ์แสนใหม่; อาจารย์ ดร.กีรติญา จันทร์ผง; รองศาสตราจารย์ ดร.อรุณี คงดี อัลเดรด; ผู้ช่วยศาสตราจารย์ ดร.ปราณรวีร์ สุขันธ์,,,,อาทิตย์ 08:00-10:00 วิทย์ 2105 (C); อาทิตย์ 10:00-12:00 วิทย์ 2105 (L)
2569,1,10300413,วิทยาศาสตร์รอบตัวในศตวรรษที่ 21,1,100,86,14,W,รองศาสตราจารย์ ดร.อรุณี คงดี อัลเดรด; ผู้ช่วยศาสตราจารย์ ดร.อุษารัตน์ รัตนคำนวณ; ผู้ช่วยศาสตราจารย์ ดร.ศักดินันท์ นันตัง; ผู้ช่วยศาสตราจารย์ ดร.ณัฐพล เลาห์รอดพันธุ์; รองศาสตราจารย์ ดร.พัชรี อินธนู; ผู้ช่วยศาสตราจารย์ ดร.สุรศักดิ์ กุยมาลี,,,,จันทร์ 08:00-10:00 วิทย์ 2105 (C); พฤหัสบดี 08:00-10:00 วิทย์ 2105 (L)
2569,1,10300497,สหกิจศึกษา,1,60,54,6,W,ผู้ช่วยศาสตราจารย์ภานุวัฒน์ เมฆะ; ผู้ช่วยศาสตราจารย์ ดร.สมนึก สินธุปวน; อาจารย์อลงกต กองมณี; อาจารย์ ดร.พยุงศักดิ์ เกษมสำราญ,,,สำหรับนักศึกษาสาขาวิชาวิทยาการคอมพิวเตอร์,
2569,1,10300497,สหกิจศึกษา,2,22,16,6,W,อาจารย์ ดร.พิกุล ศรีดารัตน์,,,สำหรับนักศึกษา สาขาวิชาคณิตศาสตร์,
2569,1,10300497,สหกิจศึกษา,3,3,1,2,W,ผู้ช่วยศาสตราจารย์ ดร.จุฑามาศ มณีวงศ์; ผู้ช่วยศาสตราจารย์ ดร.พรพรรณ อุตมัง; อาจารย์ ดร.พิชามญชุ์ ลิ่มเจริญชาติ,,,สำหรับนักศึกษาสาขาเทคโนโลยีชีวภาพ,
2569,1,10300497,สหกิจศึกษา,4,10,1,9,W,อาจารย์ ดร.กีรติญา จันทร์ผง,,,สำหรับนักศึกษาสาขาฟิสิกส์ประยุกต์),
2569,1,10300498,การเรียนรู้อิสระ,1,45,36,9,W,ผู้ช่วยศาสตราจารย์ก่องกาญจน์ ดุลยไชย; ผู้ช่วยศาสตราจารย์ ดร.ปวีณ เขื่อนแก้ว; ผู้ช่วยศาสตราจารย์ ดร.พาสน์ ปราโมกข์ชน,,,สำหรับนักศึกษาสาขาวิชาวิทยาการคอมพิวเตอร์,
2569,1,10300498,การเรียนรู้อิสระ,2,22,3,19,W,ผู้ช่วยศาสตราจารย์ ดร.พิลาศลักษณ์ ศรแก้ว,,,สำหรับนักศึกษา สาขาวิชาคณิตศาสตร์,
2569,1,10300498,การเรียนรู้อิสระ,3,35,32,3,W,ผู้ช่วยศาสตราจารย์ ดร.ทิพปภา พิสิษฐ์กุล; ผู้ช่วยศาสตราจารย์ ดร.ปวีณา ภูมิสุทธาผล; ผู้ช่วยศาสตราจารย์ ดร.ปารวี กาญจนประโชติ,,,สำหรับนักศึกษาสาขาเทคโนโลยีชีวภาพ,
2569,1,10300498,การเรียนรู้อิสระ,4,10,2,8,W,รองศาสตราจารย์ ดร.ชูพงษ์ ภาคภูมิ; ผู้ช่วยศาสตราจารย์ ดร.กิตติคุณ พระกระจ่าง,,,สำหรับนักศึกษาสาขาฟิสิกส์ประยุกต์),
2569,1,10300499,การศึกษา หรือ ฝึกงาน หรือ ฝึกอบรมต่างประเทศ,1,10,2,8,W,อาจารย์ ดร.กีรติญา จันทร์ผง,,,สำหรับนักศึกษาสาขาฟิสิกส์ประยุกต์,
2569,1,10300499,การศึกษา หรือ ฝึกงาน หรือ ฝึกอบรมต่างประเทศ,2,2,1,1,W,รองศาสตราจารย์ ดร.ยุวลี อันพาพรม,,,สำหรับนักศึกษาสาขาเทคโนโลยีชีวภาพ,
2569,1,10301111,การเขียนโปรแกรมเบื้องต้น,1,85,85,0,W,ผู้ช่วยศาสตราจารย์ภานุวัฒน์ เมฆะ,26 ส.ค. 2569 เวลา 08:00 - 11:00 อาคาร 147 ห้อง 80-501,22 ต.ค. 2569 เวลา 08:00 - 11:00 อาคาร 147 ห้อง 80-501,,อังคาร 09:30-11:30 Lab คอม3-4 (C); พุธ 09:00-12:00 Lab คอม3-4 (L)
2569,1,10301112,เทคโนโลยีสารสนเทศและการสื่อสาร,1,86,86,0,W,นางสาวช่อทิพย์ สิทธิ; นางสาวสุภาพรรณ อนุตรกุล; นางสาวพัชรี ยางยืน; ผู้ช่วยศาสตราจารย์ ดร.ปวีณ เขื่อนแก้ว; นายประทีป สุขสมัย,29 ส.ค. 2569 เวลา 15:30 - 18:30 อาคาร 147 ห้อง 80-401,28 ต.ค. 2569 เวลา 15:30 - 18:30 อาคาร 147 ห้อง 80-401,,อังคาร 12:30-14:30 3203 (C); ศุกร์ 10:00-13:00 Lab คอม3-4 (L)
2569,1,10301211,คณิตศาสตร์สำหรับวิทยาการคอมพิวเตอร์,1,96,95,1,W,อาจารย์ ดร.พยุงศักดิ์ เกษมสำราญ,28 ส.ค. 2569 เวลา 08:00 - 11:00 อาคาร 142 ห้อง สิงห์พลิน,27 ต.ค. 2569 เวลา 08:00 - 11:00 อาคาร 142 ห้อง สิงห์พลิน,,อังคาร 08:30-10:00 3203 (C); ศุกร์ 08:30-10:00 3203 (C)
2569,1,10301222,โครงสร้างข้อมูลและอัลกอริทึม,1,98,97,1,W,ผู้ช่วยศาสตราจารย์ ดร.ปวีณ เขื่อนแก้ว; ผู้ช่วยศาสตราจารย์ ดร.บุรัสกร นันทดิลก,24 ส.ค. 2569 เวลา 15:30 - 18:30 อาคาร 142 ห้อง สิงห์พลิน,20 ต.ค. 2569 เวลา 12:00 - 15:00 อาคาร 140 ห้อง EC303,,อังคาร 15:00-17:00 Lab คอม3-4 (C); พุธ 09:00-12:00 3203 (L)
2569,1,10301223,ฐานข้อมูลโครงสร้างเชิงสัมพันธ์,1,100,99,1,W,อาจารย์อรรถวิท ชังคมานนท์; ผู้ช่วยศาสตราจารย์ก่องกาญจน์ ดุลยไชย,26 ส.ค. 2569 เวลา 15:30 - 18:30 อาคาร 142 ห้อง สิงห์พลิน,22 ต.ค. 2569 เวลา 15:30 - 18:30 อาคาร 142 ห้อง สิงห์พลิน,,อังคาร 13:00-15:00 Lab คอม3-4 (C); พฤหัสบดี 09:00-12:00 Lab คอม3-4 (L)
2569,1,10301225,วิศวกรรมซอฟต์แวร์,1,99,98,1,W,ผู้ช่วยศาสตราจารย์ ดร.สมนึก สินธุปวน; อาจารย์อลงกต กองมณี,,,,จันทร์ 13:00-15:00 Lab คอม3-4 (C); ศุกร์ 13:00-16:00 Lab คอม3-4 (L)
2569,1,10301231,เว็บเทคโนโลยี,1,98,97,1,W,อาจารย์อรรถวิท ชังคมานนท์,,,,พฤหัสบดี 13:00-15:00 Lab คอม3-4 (C); จันทร์ 09:00-12:00 Lab คอม3-4 (L)
2569,1,10301314,หลักการเขียนโปรแกรมเชิงวัตถุ,1,54,54,0,W,ผู้ช่วยศาสตราจารย์ก่องกาญจน์ ดุลยไชย,,,เอกเลือกสำหรับ นศ. สาขาวิชาวิทยาการคอมพิวเตอร์ ชั้นปีที่ 3,จันทร์ 13:00-15:00 บรรยาย คอม 8 (C); ศุกร์ 09:00-12:00 บรรยาย คอม 6 (L)
2569,1,10301341,การเข้ารหัสและความปลอดภัยในเครือข่าย,1,52,52,0,W,ผู้ช่วยศาสตราจารย์ ดร.สนิท สิทธิ,,,เอกเลือกสำหรับ นศ. สาขาวิชาวิทยาการคอมพิวเตอร์ ชั้นปีที่ 3,จันทร์ 10:00-12:00 Lab คอม2 (C); อังคาร 09:00-12:00 Lab คอม2 (L)
2569,1,10301342,การประมวลผลแบบกลุ่มเมฆ,1,25,22,3,W,ผู้ช่วยศาสตราจารย์ ดร.สนิท สิทธิ,,,เอกเลือกสำหรับ นศ. สาขาวิชาวิทยาการคอมพิวเตอร์ ชั้นปีที่ 4,จันทร์ 13:00-15:00 บรรยาย คอม 7 (C); พุธ 09:00-12:00 Lab คอม2 (L)
2569,1,10301351,วิทยาการข้อมูล,1,24,24,0,W,ผู้ช่วยศาสตราจารย์ ดร.พาสน์ ปราโมกข์ชน,,,,จันทร์ 13:00-15:00 Sci Digital Lab (C); พฤหัสบดี 13:00-16:00 Sci Digital Lab (L)
2569,1,10301351,วิทยาการข้อมูล,2,51,50,1,W,ผู้ช่วยศาสตราจารย์ ดร.พาสน์ ปราโมกข์ชน,,,เอกเลือกสำหรับ นศ. สาขาวิชาวิทยาการคอมพิวเตอร์ ชั้นปีที่ 3,จันทร์ 10:00-12:00 Sci Digital Lab (C); อังคาร 13:00-16:00 Sci Digital Lab (L)
2569,1,10301364,ตรรกศาสตร์เชิงดิจิทัลและอุปกรณ์อัจฉริยะ,1,53,52,1,W,ผู้ช่วยศาสตราจารย์ ดร.ปวีณ เขื่อนแก้ว,,,เอกเลือกสำหรับ นศ. สาขาวิชาวิทยาการคอมพิวเตอร์ ชั้นปีที่ 3,จันทร์ 13:00-15:00 Lab คอม2 (C); พฤหัสบดี 09:00-12:00 Lab คอม2 (L)
2569,1,10301366,วิทยาการสมองกลฝังตัว,1,20,18,2,W,อาจารย์ ดร.กิตติกร หาญตระกูล,,,เอกเลือกสำหรับ นศ. สาขาวิชาวิทยาการคอมพิวเตอร์ ชั้นปีที่ 4,จันทร์ 13:00-15:00 Lab คอม 5 (C); อังคาร 10:00-13:00 Lab คอม 5 (L)
2569,1,10301371,ปัญญาประดิษฐ์,1,54,53,1,W,อาจารย์ ดร.พยุงศักดิ์ เกษมสำราญ,,,เอกเลือกสำหรับ นศ. สาขาวิชาวิทยาการคอมพิวเตอร์ ชั้นปีที่ 3,อังคาร 10:00-12:00 3203 (C); ศุกร์ 13:00-16:00 Lab คอม2 (L)
2569,1,10301374,การประมวลผลภาษาธรรมชาติ,1,54,53,1,W,ผู้ช่วยศาสตราจารย์ ดร.สมนึก สินธุปวน,,,เอกเลือกสำหรับ นศ. สาขาวิชาวิทยาการคอมพิวเตอร์ ชั้นปีที่ 3,พฤหัสบดี 13:00-15:00 บรรยาย คอม 8 (C); ศุกร์ 09:00-12:00 Lab คอม2 (L)
2569,1,10301385,ระบบบริหารสารสนเทศเพื่อการจัดการ,1,52,52,0,W,อาจารย์ ดร.กิตติกร หาญตระกูล,,,เอกเลือกสำหรับ นศ. สาขาวิชาวิทยาการคอมพิวเตอร์ ชั้นปีที่ 3,จันทร์ 15:00-17:00 บรรยาย คอม 6 (C); พฤหัสบดี 14:00-17:00 บรรยาย คอม 6 (L)
2569,1,10301391,หัวข้อพิเศษทางวิทยาการคอมพิวเตอร์ 1,1,51,51,0,W,อาจารย์อลงกต กองมณี,,,เอกเลือกสำหรับ นศ. สาขาวิชาวิทยาการคอมพิวเตอร์ ชั้นปีที่ 3,อังคาร 13:00-15:00 บรรยาย คอม 6 (C); พฤหัสบดี 10:00-13:00 บรรยาย คอม 6 (L)
2569,1,10301491,สัมมนาวิชาการทางวิทยาการคอมพิวเตอร์,1,42,41,1,W,ผู้ช่วยศาสตราจารย์ภานุวัฒน์ เมฆะ,,,,จันทร์ 09:00-12:00 บรรยาย คอม 8 (C)
2569,1,10304205,ความน่าจะเป็นและสถิติ,1,30,28,2,W,ผู้ช่วยศาสตราจารย์ ดร.ทวีศักดิ์ จันทร์งาม,,,,จันทร์ 13:00-14:30 วิทย์ 2507/1 (C); พฤหัสบดี 13:00-14:30 วิทย์ 2507/1 (C)
2569,1,10305100,คณิตศาสตร์ขั้นพื้นฐาน,1,70,63,7,W,รองศาสตราจารย์พัฒนพงศ์ เทียนชัย,26 ส.ค. 2569 เวลา 08:00 - 11:00 อาคาร 105 ห้อง วิทย์ 2105,22 ต.ค. 2569 เวลา 08:00 - 11:00 อาคาร 105 ห้อง วิทย์ 2105,สาขาเทคโนโลยีสารสนเทศ ชั้นปีที่1 ลำดับ 1-60,อังคาร 11:00-12:30 วิทย์ 2507/2 (C); ศุกร์ 11:00-12:30 วิทย์ 2507/2 (C)
2569,1,10305100,คณิตศาสตร์ขั้นพื้นฐาน,2,70,50,20,W,รองศาสตราจารย์พัฒนพงศ์ เทียนชัย,26 ส.ค. 2569 เวลา 08:00 - 11:00 อาคาร 105 ห้อง วิทย์ 2311,22 ต.ค. 2569 เวลา 08:00 - 11:00 อาคาร 105 ห้อง วิทย์ 2311,สาขาเทคโนโลยีสารสนเทศ ชั้นปีที่1 ลำดับ61-120,จันทร์ 11:00-12:30 วิทย์ 2507/2 (C); พฤหัสบดี 11:00-12:30 วิทย์ 2507/2 (C)
2569,1,10305100,คณิตศาสตร์ขั้นพื้นฐาน,3,81,80,1,W,อาจารย์ ดร.พศิน มรุปัณฑ์ธร,26 ส.ค. 2569 เวลา 08:00 - 11:00 อาคาร 105 ห้อง วิทย์ 2311 | 26 ส.ค. 2569 เวลา 08:00 - 11:00 อาคาร 142 ห้อง สิงห์พลิน,22 ต.ค. 2569 เวลา 08:00 - 11:00 อาคาร 142 ห้อง สิงห์พลิน | 22 ต.ค. 2569 เวลา 08:00 - 11:00 อาคาร 105 ห้อง วิทย์ 2311,สาขาการประมง4ปี ชั้นปีที่1 ลำดับ 01-65,จันทร์ 13:00-14:30 วิทย์ 2507/2 (C); พฤหัสบดี 13:00-14:30 วิทย์ 2507/2 (C)
2569,1,10305100,คณิตศาสตร์ขั้นพื้นฐาน,4,80,80,0,W,อาจารย์ ดร.พศิน มรุปัณฑ์ธร,26 ส.ค. 2569 เวลา 08:00 - 11:00 อาคาร 105 ห้อง วิทย์ 2507/1 | 26 ส.ค. 2569 เวลา 08:00 - 11:00 อาคาร 142 ห้อง สิงห์พลิน,22 ต.ค. 2569 เวลา 08:00 - 11:00 อาคาร 142 ห้อง สิงห์พลิน | 22 ต.ค. 2569 เวลา 08:00 - 11:00 อาคาร 105 ห้อง วิทย์ 2507/1,สาขาการประมง 4 ปี ชั้นปีที่ 1 ลำดับที่ 66-121,อังคาร 09:30-11:00 วิทย์ 2507/2 (C); ศุกร์ 09:30-11:00 วิทย์ 2507/2 (C)
2569,1,10305103,แคลคูลัสสำหรับวิศวกรรม 1,1,70,52,18,W,ผู้ช่วยศาสตราจารย์ ดร.เจนจิรา ทิพย์ชะ,26 ส.ค. 2569 เวลา 08:00 - 11:00 อาคาร 107 ห้อง BA 301,22 ต.ค. 2569 เวลา 08:00 - 11:00 อาคาร 107 ห้อง BA 301,สาขาวิชาวิศวกรรมเกษตรสมัยใหม่,อังคาร 13:00-14:30 วิทย์ 2507/2 (C); ศุกร์ 13:00-14:30 วิทย์ 2507/2 (C)
2569,1,10305103,แคลคูลัสสำหรับวิศวกรรม 1,2,70,52,18,W,รองศาสตราจารย์ ดร.วันจักร สาทสนิท,26 ส.ค. 2569 เวลา 08:00 - 11:00 อาคาร 107 ห้อง BA 305,22 ต.ค. 2569 เวลา 08:00 - 11:00 อาคาร 107 ห้อง BA 305,สาขาวิชาวิศวกรรมอาหาร,จันทร์ 08:00-09:30 วิทย์ 2507/2 (C); พฤหัสบดี 08:00-09:30 วิทย์ 2507/2 (C)
2569,1,10305105,คณิตศาสตร์สำหรับบริหารธุรกิจและเศรษฐศาสตร์ 1,1,65,62,3,W,ผู้ช่วยศาสตราจารย์เยาวลักษณ์ คงธรรม; อาจารย์ ดร.พิกุล ศรีดารัตน์,24 ส.ค. 2569 เวลา 15:30 - 18:30 อาคาร 105 ห้อง วิทย์ 2105,20 ต.ค. 2569 เวลา 15:30 - 18:30 อาคาร 105 ห้อง วิทย์ 2105,,อังคาร 13:00-14:30 วิทย์ 1108 (C); ศุกร์ 13:00-14:30 วิทย์ 1108 (C)
2569,1,10305105,คณิตศาสตร์สำหรับบริหารธุรกิจและเศรษฐศาสตร์ 1,2,65,61,4,W,อาจารย์ ดร.ธวัชชัย เพชรธาราทิพย์,24 ส.ค. 2569 เวลา 15:30 - 18:30 อาคาร 105 ห้อง วิทย์ 2311,20 ต.ค. 2569 เวลา 15:30 - 18:30 อาคาร 105 ห้อง วิทย์ 2311,,จันทร์ 11:00-12:30 Lab คณิต 4 (C); พฤหัสบดี 11:00-12:30 Lab คณิต 4 (C)
2569,1,10305108,แคลคูลัสสำหรับวิทยาศาสตร์และเทคโนโลยี,1,60,60,0,W,ผู้ช่วยศาสตราจารย์ ดร.เจนจิรา ทิพย์ชะ,27 ส.ค. 2569 เวลา 08:00 - 11:00 อาคาร 105 ห้อง วิทย์ 2507/1,19 ต.ค. 2569 เวลา 08:00 - 11:00 อาคาร 105 ห้อง วิทย์ 2507/1,สาขาวิชาวิทยาการคอมพิวเตอร์ชั้นปีที่1 ลำดับที่1-60,อังคาร 14:30-16:00 Lab คณิต 4 (C); ศุกร์ 14:30-16:00 Lab คณิต 4 (C)
2569,1,10305108,แคลคูลัสสำหรับวิทยาศาสตร์และเทคโนโลยี,2,60,54,6,W,ผู้ช่วยศาสตราจารย์ ดร.เจนจิรา ทิพย์ชะ,27 ส.ค. 2569 เวลา 08:00 - 11:00 อาคาร 105 ห้อง วิทย์ 2507/2,19 ต.ค. 2569 เวลา 08:00 - 11:00 อาคาร 105 ห้อง วิทย์ 2507/2,สาขาวิชาวิทยาการคอมพิวเตอร์ชั้นปีที่1 ลำดับที่ 61-88,อังคาร 08:00-09:30 วิทย์ 2105 (C); ศุกร์ 08:00-09:30 วิทย์ 2105 (C)
2569,1,10305109,คณิตศาสตร์สำหรับอุตสาหกรรม,1,94,84,10,W,ผู้ช่วยศาสตราจารย์ ดร.บุรัสกร นันทดิลก,24 ส.ค. 2569 เวลา 15:30 - 18:30 อาคาร 147 ห้อง 80-401,28 ต.ค. 2569 เวลา 12:00 - 15:00 อาคาร 147 ห้อง 80-501,,จันทร์ 13:00-14:30 ศร401 (C); พฤหัสบดี 13:00-14:30 ศร401 (C)
2569,1,10305111,คณิตศาสตร์เพื่อการเกษตร,1,90,89,1,W,ผู้ช่วยศาสตราจารย์ ดร.พิลาศลักษณ์ ศรแก้ว,27 ส.ค. 2569 เวลา 08:00 - 11:00 อาคาร 147 ห้อง 80-301,19 ต.ค. 2569 เวลา 08:00 - 11:00 อาคาร 147 ห้อง 80-301,สาขาพืชสวน4ปี ชั้นปีที่1 ลำดับ 1-90,อังคาร 11:00-12:30 ศร306 (C); ศุกร์ 11:00-12:30 ศร306 (C)
2569,1,10305111,คณิตศาสตร์เพื่อการเกษตร,2,91,89,2,W,รองศาสตราจารย์ ดร.ดารา ภูสง่า,27 ส.ค. 2569 เวลา 08:00 - 11:00 อาคาร 125 ห้อง ศร403 | 27 ส.ค. 2569 เวลา 08:00 - 11:00 อาคาร 147 ห้อง 80-301,19 ต.ค. 2569 เวลา 08:00 - 11:00 อาคาร 125 ห้อง ศร403 | 19 ต.ค. 2569 เวลา 08:00 - 11:00 อาคาร 147 ห้อง 80-301,สาขาพืชสวน4ปี ชั้นปีที่1 ลำดับ 91-180,อังคาร 08:00-09:30 80-305 (สำรอง) (C); ศุกร์ 08:00-09:30 80-305 (สำรอง) (C)
2569,1,10305111,คณิตศาสตร์เพื่อการเกษตร,3,94,57,37,W,ผู้ช่วยศาสตราจารย์ ดร.ชนิกานต์ เอมหฤทัย,27 ส.ค. 2569 เวลา 08:00 - 11:00 อาคาร 125 ห้อง ศร403,19 ต.ค. 2569 เวลา 08:00 - 11:00 อาคาร 125 ห้อง ศร403,สาขาพืชสวน4ปี ชั้นปีที่1ลำดับที่ 181-224 สาขาเกษตรศาสตร์ ชั้นปีที่ 1 ลำดับที่ 271-320,จันทร์ 08:00-09:30 Lab คณิต 4 (C); พฤหัสบดี 08:00-09:30 Lab คณิต 4 (C)
2569,1,10305111,คณิตศาสตร์เพื่อการเกษตร,4,90,89,1,W,รองศาสตราจารย์ ดร.ดารา ภูสง่า,27 ส.ค. 2569 เวลา 08:00 - 11:00 อาคาร 125 ห้อง ศร403 | 27 ส.ค. 2569 เวลา 08:00 - 11:00 อาคาร 125 ห้อง ศร201_2,19 ต.ค. 2569 เวลา 08:00 - 11:00 อาคาร 125 ห้อง ศร201_2 | 19 ต.ค. 2569 เวลา 08:00 - 11:00 อาคาร 125 ห้อง ศร403,สาขาเกษตรศาสตร์4ปี ชั้นปีที่1 ลำดับ 1-90,จันทร์ 08:00-09:30 80-502 (C); พฤหัสบดี 08:00-09:30 80-502 (C)
2569,1,10305111,คณิตศาสตร์เพื่อการเกษตร,5,90,90,0,W,ผู้ช่วยศาสตราจารย์ ดร.พิลาศลักษณ์ ศรแก้ว,27 ส.ค. 2569 เวลา 08:00 - 11:00 อาคาร 125 ห้อง ศร201_2 | 27 ส.ค. 2569 เวลา 08:00 - 11:00 อาคาร 125 ห้อง ศร201_1,19 ต.ค. 2569 เวลา 08:00 - 11:00 อาคาร 125 ห้อง ศร201_1 | 19 ต.ค. 2569 เวลา 08:00 - 11:00 อาคาร 125 ห้อง ศร201_2,สาขาเกษตรศาสตร์4ปี ชั้นปีที่1 ลำดับ 91-180,จันทร์ 09:30-11:00 80-305 (สำรอง) (C); พฤหัสบดี 09:30-11:00 80-305 (สำรอง) (C)
2569,1,10305111,คณิตศาสตร์เพื่อการเกษตร,6,90,90,0,W,รองศาสตราจารย์ ดร.ดารา ภูสง่า; ผู้ช่วยศาสตราจารย์ ดร.ชนิกานต์ เอมหฤทัย,27 ส.ค. 2569 เวลา 08:00 - 11:00 อาคาร 125 ห้อง ศร201_1,19 ต.ค. 2569 เวลา 08:00 - 11:00 อาคาร 125 ห้อง ศร201_1,สาขาเกษตรศาสตร์4ปี ชั้นปีที่1 ลำดับ 181-270,อังคาร 09:30-11:00 80-305 (สำรอง) (C); ศุกร์ 09:30-11:00 80-305 (สำรอง) (C)
2569,1,10305131,แคลคูลัสสำหรับวิทยาศาสตร์ 1,1,87,75,12,W,ผู้ช่วยศาสตราจารย์ ดร.จีรวรรณ พัชรประกิติ; ผู้ช่วยศาสตราจารย์ ดร.เจนจิรา ทิพย์ชะ,27 ส.ค. 2569 เวลา 15:30 - 18:30 อาคาร 125 ห้อง ศร306,29 ต.ค. 2569 เวลา 15:30 - 18:30 อาคาร 125 ห้อง ศร204,สาขาวิชาคณิตศาสตร์ชั้นปีที่1 ลำดับ 32-44,จันทร์ 09:30-11:00 80-406 (C); พฤหัสบดี 09:30-11:00 80-406 (C)
2569,1,10305131,แคลคูลัสสำหรับวิทยาศาสตร์ 1,2,85,74,11,W,ผู้ช่วยศาสตราจารย์ ดร.จีรวรรณ พัชรประกิติ; ผู้ช่วยศาสตราจารย์ ดร.เจนจิรา ทิพย์ชะ,27 ส.ค. 2569 เวลา 15:30 - 18:30 อาคาร 125 ห้อง ศร401,29 ต.ค. 2569 เวลา 15:30 - 18:30 อาคาร 125 ห้อง ศร306,สาขาวิชาคณิตศาสตร์ชั้นปีที่1 ลำดับ 1-31,อังคาร 11:00-12:30 80-406 (C); ศุกร์ 11:00-12:30 80-406 (C)
2569,1,10305133,แคลคูลัสและการประยุกต์ 1,1,72,64,8,W,ผู้ช่วยศาสตราจารย์ ดร.ชนิกานต์ เอมหฤทัย,25 ส.ค. 2569 เวลา 12:00 - 15:00 อาคาร 125 ห้อง ศร306,21 ต.ค. 2569 เวลา 12:00 - 15:00 อาคาร 125 ห้อง ศร306,,อังคาร 14:30-16:00 วิทย์ 2105 (C); ศุกร์ 14:30-16:00 วิทย์ 2105 (C)
2569,1,10305133,แคลคูลัสและการประยุกต์ 1,2,74,71,3,W,ผู้ช่วยศาสตราจารย์กมลเทพ มีคำ,25 ส.ค. 2569 เวลา 12:00 - 15:00 อาคาร 125 ห้อง ศร401,21 ต.ค. 2569 เวลา 12:00 - 15:00 อาคาร 125 ห้อง ศร401,,อังคาร 16:00-17:30 ศร502 (C); ศุกร์ 16:00-17:30 ศร502 (C)
2569,1,10305203,แคลคูลัสสำหรับวิศวกรรม 3,1,60,51,9,W,รองศาสตราจารย์ ดร.วันจักร สาทสนิท,28 ส.ค. 2569 เวลา 15:30 - 18:30 อาคาร 147 ห้อง 80-501,27 ต.ค. 2569 เวลา 15:30 - 18:30 อาคาร 147 ห้อง 80-501,สาขาวิศวกรรมเกษตร4ปี ชั้นปีที่2 ลำดับที่ 1-57,อังคาร 13:00-14:30 Lab คณิต 4 (C); ศุกร์ 13:00-14:30 Lab คณิต 4 (C)
2569,1,10305203,แคลคูลัสสำหรับวิศวกรรม 3,2,60,36,24,W,รองศาสตราจารย์ ดร.วันจักร สาทสนิท,28 ส.ค. 2569 เวลา 15:30 - 18:30 อาคาร 147 ห้อง 80-501,27 ต.ค. 2569 เวลา 15:30 - 18:30 อาคาร 147 ห้อง 80-501,สาขาวิศวกรรมอาหาร4ปี ชั้นปีที่2 ลำดับที่ 01-45,อังคาร 09:30-11:00 Lab คณิต 4 (C); ศุกร์ 09:30-11:00 Lab คณิต 4 (C)
2569,1,10305206,พีชคณิตเชิงเส้น,1,30,30,0,W,ผู้ช่วยศาสตราจารย์ ดร.พิลาศลักษณ์ ศรแก้ว,,,,อังคาร 13:00-14:30 วิทย์ 2105 (C); ศุกร์ 13:00-14:30 วิทย์ 2105 (C)
2569,1,10305211,หลักการคณิตศาสตร์,1,27,27,0,W,อาจารย์ ดร.พิกุล ศรีดารัตน์,,,,อังคาร 11:00-12:30 3104 (C); ศุกร์ 11:00-12:30 3104 (C)
2569,1,10305231,แคลคูลัสขั้นสูง,1,35,31,4,W,รองศาสตราจารย์พัฒนพงศ์ เทียนชัย,,,สำหรับนักศึกษา สาขาวิชาคณิตศาสตร์,อังคาร 15:00-16:30 Lab คณิต 3 (C); ศุกร์ 16:00-17:30 Lab คณิต 3 (C)
2569,1,10305233,สมการเชิงอนุพันธ์และการประยุกต์,1,80,52,28,W,ผู้ช่วยศาสตราจารย์ ดร.สิตา ชากฤษณ์,24 ส.ค. 2569 เวลา 15:30 - 18:30 อาคาร 147 ห้อง 80-303,20 ต.ค. 2569 เวลา 15:30 - 18:30 อาคาร 147 ห้อง 80-303,,จันทร์ 09:30-11:00 Lab คณิต 4 (C); พฤหัสบดี 09:30-11:00 Lab คณิต 4 (C)
2569,1,10305233,สมการเชิงอนุพันธ์และการประยุกต์,2,80,76,4,W,ผู้ช่วยศาสตราจารย์ ดร.สิตา ชากฤษณ์,24 ส.ค. 2569 เวลา 15:30 - 18:30 อาคาร 125 ห้อง ศร204,20 ต.ค. 2569 เวลา 15:30 - 18:30 อาคาร 125 ห้อง ศร204,,อังคาร 11:00-12:30 Lab คณิต 4 (C); ศุกร์ 11:00-12:30 Lab คณิต 4 (C)
2569,1,10305238,แคลคูลัสขั้นสูง,1,30,13,17,W,รองศาสตราจารย์ ดร.วันจักร สาทสนิท; รองศาสตราจารย์พัฒนพงศ์ เทียนชัย,,,,จันทร์ 14:30-16:00 Lab คณิต 4 (C); พฤหัสบดี 14:30-16:00 Lab คณิต 4 (C)
2569,1,10305241,พีชคณิตเชิงเส้นและการประยุกต์,1,30,27,3,W,ผู้ช่วยศาสตราจารย์ ดร.สิตา ชากฤษณ์; ผู้ช่วยศาสตราจารย์เยาวลักษณ์ คงธรรม,,,,จันทร์ 14:30-16:00 3104 (C); พฤหัสบดี 14:30-16:00 3104 (C)
2569,1,10305252,การเขียนโปรแกรมคำนวณทางคณิตศาสตร์,1,30,29,1,W,ผู้ช่วยศาสตราจารย์ ดร.จีรวรรณ พัชรประกิติ,,,,อังคาร 13:00-15:00 80-308 (C); ศุกร์ 13:00-16:00 80-308 (L)
2569,1,10305261,หลักการคณิตศาสตร์ประกันภัย,1,15,13,2,W,อาจารย์ ดร.พศิน มรุปัณฑ์ธร,,,(คณิตศาสตร์การเงินและประกันภัย),อังคาร 13:00-14:30 3104 (C); ศุกร์ 13:00-14:30 3104 (C)
2569,1,10305271,วิทยาการข้อมูลสำหรับธุรกิจและอุตสาหกรรมเกษตร,1,15,13,2,W,ผู้ช่วยศาสตราจารย์ ดร.บุรัสกร นันทดิลก; อาจารย์ ดร.ธวัชชัย เพชรธาราทิพย์,,,(วิทยาการข้อมูลอุตสาหกรรมเกษตร),จันทร์ 16:00-18:00 Lab คณิต 3 (C); พุธ 09:00-12:00 Lab คณิต 3 (L)
2569,1,10305282,ภินทนคณิตศาสตร์,1,25,23,2,W,ผู้ช่วยศาสตราจารย์ ดร.ชนิกานต์ เอมหฤทัย,,,(คณิตศาสตร์/วิทยาการข้อมูลอุตสาหกรรมเกษตร),จันทร์ 14:30-16:00 Lab คณิต 3 (C); พฤหัสบดี 14:30-16:00 Lab คณิต 3 (C)
2569,1,10305321,การวิเคราะห์เชิงคณิตศาสตร์,1,33,31,2,W,อาจารย์ ดร.พิกุล ศรีดารัตน์; ผู้ช่วยศาสตราจารย์เยาวลักษณ์ คงธรรม,,,,จันทร์ 13:00-14:30 3104 (C); พฤหัสบดี 13:00-14:30 3104 (C)
2569,1,10305323,ทอพอโลยีเบื้องต้น,1,15,8,7,W,ผู้ช่วยศาสตราจารย์กมลเทพ มีคำ,,,(คณิตศาสตร์),อังคาร 11:00-12:30 Lab คณิต 3 (C); ศุกร์ 11:00-12:30 Lab คณิต 3 (C)
2569,1,10305341,พีชคณิตนามธรรมเบื้องต้น,1,34,30,4,W,รองศาสตราจารย์ ดร.ดารา ภูสง่า,,,,อังคาร 14:30-16:00 วิทย์ 2507/2 (C); ศุกร์ 14:30-16:00 วิทย์ 2507/2 (C)
2569,1,10305361,คณิตศาสตร์ประกันชีวิต,1,15,10,5,W,อาจารย์ ดร.พศิน มรุปัณฑ์ธร,,,(คณิตศาสตร์การเงินและประกันภัย),จันทร์ 11:00-12:30 Lab คณิต 3 (C); พฤหัสบดี 11:00-12:30 Lab คณิต 3 (C)
2569,1,10305491,สัมมนา,1,33,31,2,W,รองศาสตราจารย์พัฒนพงศ์ เทียนชัย; ผู้ช่วยศาสตราจารย์ ดร.พิลาศลักษณ์ ศรแก้ว; รองศาสตราจารย์ ดร.ดารา ภูสง่า; ผู้ช่วยศาสตราจารย์ ดร.ชนิกานต์ เอมหฤทัย; ผู้ช่วยศาสตราจารย์กมลเทพ มีคำ; ผู้ช่วยศาสตราจารย์ ดร.สิตา ชากฤษณ์; อาจารย์ ดร.พศิน มรุปัณฑ์ธร; อาจารย์ ดร.ธวัชชัย เพชรธาราทิพย์; รองศาสตราจารย์ ดร.วันจักร สาทสนิท; ผู้ช่วยศาสตราจารย์ ดร.จีรวรรณ พัชรประกิติ; ผู้ช่วยศาสตราจารย์ ดร.บุรัสกร นันทดิลก; ผู้ช่วยศาสตราจารย์ ดร.เจนจิรา ทิพย์ชะ; อาจารย์ ดร.พิกุล ศรีดารัตน์,,,,พุธ 12:00-14:00 Lab คณิต 3 (L)
2569,1,10400406,นานาสาระเกี่ยวกับอาหารและยา,1,300,265,35,W,รองศาสตราจารย์ ดร.วิวัฒน์ หวังเจริญ; ผู้ช่วยศาสตราจารย์ ดร.ศรัญญา สุวรรณอังกูร; อาจารย์ ดร.จิตราพร งามพีระพงศ์; ผู้ช่วยศาสตราจารย์ ดร.กนกวรรณ ตาลดี,,,,พุธ 11:00-14:00 ศร301 (C)
2569,1,10400407,ทักษะดิจิทัลในศตวรรษที่ 21,1,550,545,5,W,อาจารย์มุกริน หนูคง; ผู้ช่วยศาสตราจารย์ ดร.พิไลวรรณ พรประสิทธิ์; อาจารย์ ดร.วรวรรณ เพชรอุไร; ผู้ช่วยศาสตราจารย์ดริญญา มูลชัย; ผู้ช่วยศาสตราจารย์ ดร.ศิวโรฒ บุญราศรี; ผู้ช่วยศาสตราจารย์ ดร.หยาดฝน ทนงการกิจ,,26 ต.ค. 2569 เวลา 08:00 - 11:00 อาคาร 147 ห้อง 80-301 | 26 ต.ค. 2569 เวลา 08:00 - 11:00 อาคาร 142 ห้อง สิงห์พลิน | 26 ต.ค. 2569 เวลา 08:00 - 11:00 อาคาร 140 ห้อง EC303 | 26 ต.ค. 2569 เวลา 08:00 - 11:00 อาคาร 140 ห้อง EC302 | 26 ต.ค. 2569 เวลา 08:00 - 11:00 อาคาร 147 ห้อง 80-401,,จันทร์ 09:30-11:00 Online Learning (C); พฤหัสบดี 09:30-11:00 Online Learning (C)
2569,1,10400407,ทักษะดิจิทัลในศตวรรษที่ 21,2,580,574,6,W,อาจารย์มุกริน หนูคง; ผู้ช่วยศาสตราจารย์ ดร.พิไลวรรณ พรประสิทธิ์; อาจารย์ ดร.วรวรรณ เพชรอุไร; ผู้ช่วยศาสตราจารย์ดริญญา มูลชัย; ผู้ช่วยศาสตราจารย์ ดร.ศิวโรฒ บุญราศรี; ผู้ช่วยศาสตราจารย์ ดร.หยาดฝน ทนงการกิจ,,26 ต.ค. 2569 เวลา 08:00 - 11:00 อาคาร 147 ห้อง 80-502 | 26 ต.ค. 2569 เวลา 08:00 - 11:00 อาคาร 147 ห้อง 80-402 | 26 ต.ค. 2569 เวลา 08:00 - 11:00 อาคาร 125 ห้อง ศร306 | 26 ต.ค. 2569 เวลา 08:00 - 11:00 อาคาร 125 ห้อง ศร401 | 26 ต.ค. 2569 เวลา 08:00 - 11:00 อาคาร 125 ห้อง ศร204 | 26 ต.ค. 2569 เวลา 08:00 - 11:00 อาคาร 125 ห้อง ศร302 | 26 ต.ค. 2569 เวลา 08:00 - 11:00 อาคาร 147 ห้อง 80-501,,จันทร์ 13:00-14:30 Online Learning (C); พฤหัสบดี 13:00-14:30 Online Learning (C)
2569,1,10400408,อาหารและเทคโนโลยี,1,300,284,16,W,รองศาสตราจารย์ ดร.วิวัฒน์ หวังเจริญ; ผู้ช่วยศาสตราจารย์ ดร.กนกวรรณ ตาลดี; ผู้ช่วยศาสตราจารย์ ดร.ธีระพล เสนพันธุ์; อาจารย์ ดร.จิตราพร งามพีระพงศ์,,,,อังคาร 11:00-12:30 E 101 (C); ศุกร์ 11:00-12:30 E 101 (C)
2569,1,10400408,อาหารและเทคโนโลยี,1,40,39,1,W,อาจารย์ ดร.รรินธร ธรรมกุลกระจ่าง,,28 ต.ค. 2569 เวลา 13:00 - 16:00 อาคาร 801 ห้อง 106 : 801 | 28 ต.ค. 2569 เวลา 13:00 - 16:00 อาคาร 801 ห้อง 105 : 801,เลือกเสรี,พุธ 09:00-12:00 N109:811 (C)
2569,1,10400502,ผู้ประกอบการนวัตกรรมทางการเกษตร,1,245,178,67,W,ผู้ช่วยศาสตราจารย์ ดร.ชนันท์ภัสร์ ราษฎร์นิยม; อาจารย์ ดร.กัลย์ กัลยาณมิตร; ผู้ช่วยศาสตราจารย์ ดร.แพรวพรรณ จอมงาม; ผู้ช่วยศาสตราจารย์ ดร.ธิดารัตน์ แก้วคำ; อาจารย์ ดร.พฤกษ์ ชูสังข์; อาจารย์ ดร.ดวงใจ น้อยวัน,,,,จันทร์ 13:00-15:00 ศร201_2 (C); พฤหัสบดี 13:00-15:00 ศร201_2 (L)
2569,1,10400502,ผู้ประกอบการนวัตกรรมทางการเกษตร,1,15,9,6,W,อาจารย์ ดร.รัชนีวรรณ คำตัน; อาจารย์ ดร.วันวสา วิโรจนารมย์,,19 ต.ค. 2569 เวลา 13:00 - 16:00 อาคาร 801 ห้อง 113 : 801,กช+ผพ,อังคาร 10:00-12:00 N207:811 (C); ศุกร์ 10:00-12:00 N207:811 (C)
2569,1,10500501,เศรษฐศาสตร์เพื่อชีวิตประจำวันและการประกอบการ,1,80,79,1,W,ผู้ช่วยศาสตราจารย์ ดร.นลินี คงสุบรรณ์,29 ส.ค. 2569 เวลา 15:30 - 18:30 อาคาร 125 ห้อง ศร204,28 ต.ค. 2569 เวลา 15:30 - 18:30 อาคาร 125 ห้อง ศร204,,อังคาร 15:00-16:30 EC403 (C); ศุกร์ 15:00-16:30 EC403 (C)
2569,1,10500501,เศรษฐศาสตร์เพื่อชีวิตประจำวันและการประกอบการ,2,28,27,1,W,รองศาสตราจารย์ ว่าที่ร้อยตรี ดร.สุรชัย กังวล,,,,จันทร์ 09:30-11:00 EC302 (C); พฤหัสบดี 09:30-11:00 EC302 (C)
2569,1,10500501,เศรษฐศาสตร์เพื่อชีวิตประจำวันและการประกอบการ,1,15,10,5,W,รองศาสตราจารย์ ดร.ฑีฆา โยธาภักดี,,28 ต.ค. 2569 เวลา 09:00 - 12:00 อาคาร 801 ห้อง 106 : 801,กต,อังคาร 08:00-09:30 N108:811 (C); ศุกร์ 08:00-09:30 N108:811 (C)
2569,1,10700101,สังคมโลกสมัยใหม่ในชีวิตประจำวัน,1,120,117,3,W,ผู้ช่วยศาสตราจารย์โสพิน โตธิรกุล,,30 ต.ค. 2569 เวลา 12:00 - 15:00 อาคาร 125 ห้อง ศร201_1,บัญชีบัณฑิต ลำดับ 1-120,อังคาร 08:00-09:30 ศร204 (C); ศุกร์ 08:00-09:30 ศร204 (C)
2569,1,10700101,สังคมโลกสมัยใหม่ในชีวิตประจำวัน,2,120,115,5,W,อาจารย์ฤทัยลักษมี กิจบุญชู,,30 ต.ค. 2569 เวลา 12:00 - 15:00 อาคาร 125 ห้อง ศร201_2,การสื่อสารดิจิทัล (เทคโนโลยีสื่อเพื่อเศรษฐกิจสร้างสรรค์) ลำดับ 1-120,จันทร์ 11:00-12:30 ศร403 (C); พฤหัสบดี 11:00-12:30 ศร403 (C)
2569,1,10700101,สังคมโลกสมัยใหม่ในชีวิตประจำวัน,3,120,119,1,W,ผู้ช่วยศาสตราจารย์โสพิน โตธิรกุล,,30 ต.ค. 2569 เวลา 12:00 - 15:00 อาคาร 125 ห้อง ศร403,"บัญชีบัณฑิต ลำดับ 121-226, การสื่อสารดิจิทัล (เทคโนโลยีสื่อเพื่อเศรษฐกิจสร้างสรรค์) ลำดับ 121-134",จันทร์ 11:00-12:30 ศร302 (C); พฤหัสบดี 11:00-12:30 ศร302 (C)
2569,1,10700101,สังคมโลกสมัยใหม่ในชีวิตประจำวัน,4,120,117,3,W,อาจารย์นิรันดร์รักษ์ ปาทาน,,30 ต.ค. 2569 เวลา 12:00 - 15:00 อาคาร 125 ห้อง ศร304,"2 ปี : เกษตรอินทรีย์ ลำดับ 1-24, สาขาวิชาพืชไร่ ปี 1 ลำดับ 1-50, การสื่อสารดิจิทัลฯ ลำดับ 121-195",จันทร์ 16:00-17:30 ศร401 (C); พฤหัสบดี 16:00-17:30 ศร401 (C)
2569,1,10700101,สังคมโลกสมัยใหม่ในชีวิตประจำวัน,5,120,118,2,W,อาจารย์นิรันดร์รักษ์ ปาทาน,,30 ต.ค. 2569 เวลา 12:00 - 15:00 อาคาร 125 ห้อง ศร304 | 30 ต.ค. 2569 เวลา 12:00 - 15:00 อาคาร 142 ห้อง สิงห์พลิน,สาขาการจัดการ ชั้นปี1 ลำดับ 1-120,พุธ 08:00-11:00 ศร302 (C)
2569,1,10700101,สังคมโลกสมัยใหม่ในชีวิตประจำวัน,6,120,120,0,W,ผู้ช่วยศาสตราจารย์โสพิน โตธิรกุล,,30 ต.ค. 2569 เวลา 12:00 - 15:00 อาคาร 147 ห้อง 80-301,สาขาการจัดการ ชั้นปี1 ลำดับ 121-240,อังคาร 09:30-11:00 ศร306 (C); ศุกร์ 09:30-11:00 ศร306 (C)
2569,1,10700101,สังคมโลกสมัยใหม่ในชีวิตประจำวัน,7,120,119,1,W,อาจารย์ฤทัยลักษมี กิจบุญชู,,30 ต.ค. 2569 เวลา 12:00 - 15:00 อาคาร 125 ห้อง ศร204 | 30 ต.ค. 2569 เวลา 12:00 - 15:00 อาคาร 147 ห้อง 80-301,สาขาเกษตรศาสตร์ ลำดับ 1-120,อังคาร 09:30-11:00 80-502 (C); ศุกร์ 09:30-11:00 80-502 (C)
2569,1,10700101,สังคมโลกสมัยใหม่ในชีวิตประจำวัน,8,120,119,1,W,อาจารย์ฤทัยลักษมี กิจบุญชู,,30 ต.ค. 2569 เวลา 12:00 - 15:00 อาคาร 147 ห้อง 80-201,สาขาเกษตรศาสตร์ ลำดับ 121-240,อังคาร 11:00-12:30 80-401 (C); ศุกร์ 11:00-12:30 80-401 (C)
2569,1,10700101,สังคมโลกสมัยใหม่ในชีวิตประจำวัน,9,120,86,34,W,อาจารย์ฤทัยลักษมี กิจบุญชู,,30 ต.ค. 2569 เวลา 12:00 - 15:00 อาคาร 125 ห้อง ศร302 | 30 ต.ค. 2569 เวลา 12:00 - 15:00 อาคาร 147 ห้อง 80-201,"สาขาเกษตรศาสตร์ ลำดับ 241-320, ฟิสิกส์ประยุกต์ ปี 2 ลำดับ 1-22, เศรษฐกิจสร้างสรรค์ ลำดับ 196-207",พุธ 08:00-11:00 ศร204 (C)
2569,1,10700101,สังคมโลกสมัยใหม่ในชีวิตประจำวัน,10,64,61,3,W,,,,กช,จันทร์ 13:00-14:30 สังคม 604 (C); พฤหัสบดี 13:00-14:30 สังคม 604 (C)
2569,1,10700102,อารยธรรมและโลกสมัยใหม่,1,120,109,11,W,ผู้ช่วยศาสตราจารย์ ดร.กิตยุตม์ กิตติธรสกุล,28 ส.ค. 2569 เวลา 12:00 - 15:00 อาคาร 147 ห้อง 80-301,27 ต.ค. 2569 เวลา 12:00 - 15:00 อาคาร 147 ห้อง 80-301,เทคโนโลยีสารสนเทศ ปี 1 ลำดับ 1-120,จันทร์ 09:30-11:00 ศร401 (C); พฤหัสบดี 09:30-11:00 ศร401 (C)
2569,1,10700102,อารยธรรมและโลกสมัยใหม่,2,120,114,6,W,ผู้ช่วยศาสตราจารย์ ดร.กิตยุตม์ กิตติธรสกุล,28 ส.ค. 2569 เวลา 12:00 - 15:00 อาคาร 125 ห้อง ศร403 | 28 ส.ค. 2569 เวลา 12:00 - 15:00 อาคาร 147 ห้อง 80-301,27 ต.ค. 2569 เวลา 12:00 - 15:00 อาคาร 125 ห้อง ศร403 | 27 ต.ค. 2569 เวลา 12:00 - 15:00 อาคาร 147 ห้อง 80-301,เกษตรศาสตร์ปี 2 ลำดับที่1-120,อังคาร 08:00-09:30 80-401 (C); ศุกร์ 08:00-09:30 80-401 (C)
2569,1,10700102,อารยธรรมและโลกสมัยใหม่,3,120,87,33,W,ผู้ช่วยศาสตราจารย์ ดร.เมธี เมธาสิทธิ สุขสำเร็จ,28 ส.ค. 2569 เวลา 12:00 - 15:00 อาคาร 125 ห้อง ศร403 | 28 ส.ค. 2569 เวลา 12:00 - 15:00 อาคาร 125 ห้อง ศร402,27 ต.ค. 2569 เวลา 12:00 - 15:00 อาคาร 125 ห้อง ศร402 | 27 ต.ค. 2569 เวลา 12:00 - 15:00 อาคาร 125 ห้อง ศร403,เกษตรศาสตร์ปี 2 ลำดับที่ 121-240,อังคาร 08:00-09:30 80-502 (C); ศุกร์ 08:00-09:30 80-502 (C)
2569,1,10700102,อารยธรรมและโลกสมัยใหม่,4,135,133,2,W,ผู้ช่วยศาสตราจารย์ ดร.กิตยุตม์ กิตติธรสกุล,28 ส.ค. 2569 เวลา 12:00 - 15:00 อาคาร 125 ห้อง ศร304,27 ต.ค. 2569 เวลา 12:00 - 15:00 อาคาร 125 ห้อง ศร304,พัฒนาการท่องเที่ยว ปี 1 ลำดับ 1-125,จันทร์ 08:00-09:30 ศร403 (C); พฤหัสบดี 08:00-09:30 ศร403 (C)
2569,1,10700102,อารยธรรมและโลกสมัยใหม่,5,120,118,2,W,ผู้ช่วยศาสตราจารย์ ดร.เมธี เมธาสิทธิ สุขสำเร็จ,28 ส.ค. 2569 เวลา 12:00 - 15:00 อาคาร 125 ห้อง ศร201_1,27 ต.ค. 2569 เวลา 12:00 - 15:00 อาคาร 125 ห้อง ศร201_1,"รัฐประศาสนศาสตร์ปี1 ลำดับ 121-164, สาขาเกษตรศาสตร์ปี 2 ลำดับ 241-290, วิศวกรรมพลังงาน ลำดับ 50-71",อังคาร 14:30-16:00 ศร401 (C); ศุกร์ 14:30-16:00 ศร401 (C)
2569,1,10700102,อารยธรรมและโลกสมัยใหม่,6,120,118,2,W,ผู้ช่วยศาสตราจารย์ ดร.เมธี เมธาสิทธิ สุขสำเร็จ,28 ส.ค. 2569 เวลา 12:00 - 15:00 อาคาร 125 ห้อง ศร201_2,27 ต.ค. 2569 เวลา 12:00 - 15:00 อาคาร 125 ห้อง ศร201_2,รัฐประศาสนศาสตร์ปี1 ลำดับที่ 1-120,อังคาร 11:00-12:30 ศร403 (C); ศุกร์ 11:00-12:30 ศร403 (C)
2569,1,10700102,อารยธรรมและโลกสมัยใหม่,7,135,132,3,W,อาจารย์มนฤทัย ไชยวิเศษ,28 ส.ค. 2569 เวลา 12:00 - 15:00 อาคาร 147 ห้อง 80-401 | 28 ส.ค. 2569 เวลา 12:00 - 15:00 อาคาร 147 ห้อง 80-410,27 ต.ค. 2569 เวลา 12:00 - 15:00 อาคาร 147 ห้อง 80-401 | 27 ต.ค. 2569 เวลา 12:00 - 15:00 อาคาร 147 ห้อง 80-410,การจัดการธุรกิจท่องเที่ยวและบริการ ปี 1 ลำดับ 1-135,จันทร์ 08:00-09:30 ศร304 (C); พฤหัสบดี 08:00-09:30 ศร304 (C)
2569,1,10700102,อารยธรรมและโลกสมัยใหม่,8,120,115,5,W,ผู้ช่วยศาสตราจารย์ ดร.เมธี เมธาสิทธิ สุขสำเร็จ,28 ส.ค. 2569 เวลา 12:00 - 15:00 อาคาร 147 ห้อง 80-501 | 28 ส.ค. 2569 เวลา 12:00 - 15:00 อาคาร 147 ห้อง 80-402,27 ต.ค. 2569 เวลา 12:00 - 15:00 อาคาร 147 ห้อง 80-402 | 27 ต.ค. 2569 เวลา 12:00 - 15:00 อาคาร 147 ห้อง 80-501,วิศวกรรมพลังงาน ลำดับ 1-48,อังคาร 13:00-14:30 ศร401 (C); ศุกร์ 13:00-14:30 ศร401 (C)
2569,1,10700102,อารยธรรมและโลกสมัยใหม่,9,120,100,20,W,ผู้ช่วยศาสตราจารย์ ดร.กิตยุตม์ กิตติธรสกุล,28 ส.ค. 2569 เวลา 12:00 - 15:00 อาคาร 147 ห้อง 80-501 | 28 ส.ค. 2569 เวลา 12:00 - 15:00 อาคาร 147 ห้อง 80-507,27 ต.ค. 2569 เวลา 12:00 - 15:00 อาคาร 147 ห้อง 80-507 | 27 ต.ค. 2569 เวลา 12:00 - 15:00 อาคาร 147 ห้อง 80-501,"2 ปี : การสื่อสารดิจิทัล (การสื่อสารดิจิทัล) ปี 1ลำดับ1-57, การส่งเสริมและสื่อสารเกษตร ลำดับ 1-54",อังคาร 11:00-12:30 ศร204 (C); ศุกร์ 11:00-12:30 ศร204 (C)
2569,1,10700103,ประวัติศาสตร์และพัฒนาการของล้านนา,1,120,112,8,W,อาจารย์มนฤทัย ไชยวิเศษ,28 ส.ค. 2569 เวลา 08:00 - 11:00 อาคาร 147 ห้อง 80-301,27 ต.ค. 2569 เวลา 08:00 - 11:00 อาคาร 147 ห้อง 80-301,หลักสูตร 4 ปี สาขาวิชาพัฒนาการท่องเที่ยว ลำดับ 1-32,จันทร์ 11:00-12:30 80-301 (C); พฤหัสบดี 11:00-12:30 80-301 (C)
2569,1,10700103,ประวัติศาสตร์และพัฒนาการของล้านนา,2,120,91,29,W,อาจารย์มนฤทัย ไชยวิเศษ,28 ส.ค. 2569 เวลา 08:00 - 11:00 อาคาร 147 ห้อง 80-301 | 28 ส.ค. 2569 เวลา 08:00 - 11:00 อาคาร 147 ห้อง 80-410,27 ต.ค. 2569 เวลา 08:00 - 11:00 อาคาร 147 ห้อง 80-301 | 27 ต.ค. 2569 เวลา 08:00 - 11:00 อาคาร 147 ห้อง 80-410,หลักสูตร 4 ปี สาขาวิชาพัฒนาการท่องเที่ยว ลำดับ 33-135,จันทร์ 09:30-11:00 ศร306 (C); พฤหัสบดี 09:30-11:00 ศร306 (C)
2569,1,10700104,ผู้สูงอายุและสังคมผู้สูงวัย,1,120,108,12,W,ผู้ช่วยศาสตราจารย์ ดร.อิทธิพงษ์ ทองศรีเกตุ,26 ส.ค. 2569 เวลา 08:00 - 11:00 อาคาร 107 ห้อง BA 501 | 26 ส.ค. 2569 เวลา 08:00 - 11:00 อาคาร 107 ห้อง BA 503,30 ต.ค. 2569 เวลา 08:00 - 11:00 อาคาร 125 ห้อง ศร201_1,,จันทร์ 08:00-09:30 80-401 (C); พฤหัสบดี 08:00-09:30 80-401 (C)
2569,1,10700105,มนุษย์ สังคม เทคโนโลยีและสิ่งแวดล้อม,1,120,117,3,W,อาจารย์พสุนิต สารมาศ,25 ส.ค. 2569 เวลา 12:00 - 15:00 อาคาร 147 ห้อง 80-201,26 ต.ค. 2569 เวลา 15:30 - 18:30 อาคาร 125 ห้อง ศร201_1,การประมงฯ ปี 1 ลำดับ 1-86,พุธ 08:00-11:00 80-501 (C)
2569,1,10700105,มนุษย์ สังคม เทคโนโลยีและสิ่งแวดล้อม,2,120,56,64,W,อาจารย์พสุนิต สารมาศ,25 ส.ค. 2569 เวลา 12:00 - 15:00 อาคาร 102 ห้อง สังคม 106,26 ต.ค. 2569 เวลา 15:30 - 18:30 อาคาร 102 ห้อง สังคม 106,การประมงฯ ปี 1 ลำดับ 87-121,จันทร์ 11:00-12:30 80-501 (C); พฤหัสบดี 11:00-12:30 80-501 (C)
2569,1,10700105,มนุษย์ สังคม เทคโนโลยีและสิ่งแวดล้อม,1,30,24,6,W,รองศาสตราจารย์ ดร.ฑีฆา โยธาภักดี; ผู้ช่วยศาสตราจารย์ ดร.มัชฌิมา ศุภวิมลพันธ์,,28 ต.ค. 2569 เวลา 09:00 - 12:00 อาคาร 801 ห้อง 105 : 801,บช,จันทร์ 13:00-14:30 N107:811 (C); พฤหัสบดี 13:00-14:30 N107:811 (C)
2569,1,10700105,มนุษย์ สังคม เทคโนโลยีและสิ่งแวดล้อม,1,60,44,16,W,อาจารย์วิชชุดา เอื้ออารี,,,,จันทร์ 15:00-18:00 308 (C)
2569,1,10700106,สังคมและวัฒนธรรมไทย,1,120,78,42,W,อาจารย์สาธิยา เขื่อนคำ,30 ส.ค. 2569 เวลา 08:00 - 11:00 อาคาร 125 ห้อง ศร304,29 ต.ค. 2569 เวลา 08:00 - 11:00 อาคาร 125 ห้อง ศร304,นวัตกรรมธุรกิจดิจิทัล ชั้นปี 1 ลำดับที่ 1-74,จันทร์ 08:00-09:30 ศร204 (C); พฤหัสบดี 08:00-09:30 ศร204 (C)
2569,1,10700106,สังคมและวัฒนธรรมไทย,2,120,112,8,W,อาจารย์ ดร.ภัทริยา คงธนะ,30 ส.ค. 2569 เวลา 08:00 - 11:00 อาคาร 125 ห้อง ศร403 | 30 ส.ค. 2569 เวลา 08:00 - 11:00 อาคาร 125 ห้อง ศร304,29 ต.ค. 2569 เวลา 08:00 - 11:00 อาคาร 125 ห้อง ศร403 | 29 ต.ค. 2569 เวลา 08:00 - 11:00 อาคาร 125 ห้อง ศร304,นวัตกรรมธุรกิจดิจิทัล ชั้นปี 1 ลำดับที่ 75-95,จันทร์ 08:00-09:30 ศร401 (C); พฤหัสบดี 08:00-09:30 ศร401 (C)
2569,1,10700106,สังคมและวัฒนธรรมไทย,3,120,118,2,W,อาจารย์ ดร.ภัทริยา คงธนะ,30 ส.ค. 2569 เวลา 08:00 - 11:00 อาคาร 125 ห้อง ศร403 | 30 ส.ค. 2569 เวลา 08:00 - 11:00 อาคาร 125 ห้อง ศร201_2,29 ต.ค. 2569 เวลา 08:00 - 11:00 อาคาร 125 ห้อง ศร201_2 | 29 ต.ค. 2569 เวลา 08:00 - 11:00 อาคาร 125 ห้อง ศร403,การสื่อสารดิจิทัลชั้นปี 1 ลำดับที่ 121-238,อังคาร 13:00-14:30 ศร302 (C); ศุกร์ 13:00-14:30 ศร302 (C)
2569,1,10700106,สังคมและวัฒนธรรมไทย,4,120,120,0,W,อาจารย์ ดร.ภัทริยา คงธนะ,30 ส.ค. 2569 เวลา 08:00 - 11:00 อาคาร 125 ห้อง ศร201_2 | 30 ส.ค. 2569 เวลา 08:00 - 11:00 อาคาร 125 ห้อง ศร201_1,29 ต.ค. 2569 เวลา 08:00 - 11:00 อาคาร 125 ห้อง ศร201_2 | 29 ต.ค. 2569 เวลา 08:00 - 11:00 อาคาร 125 ห้อง ศร201_1,การสื่อสารดิจิทัลชั้นปี 1 ลำดับที่ 1-120,อังคาร 14:30-16:00 ศร302 (C); ศุกร์ 14:30-16:00 ศร302 (C)
2569,1,10700106,สังคมและวัฒนธรรมไทย,5,120,105,15,W,อาจารย์สาธิยา เขื่อนคำ,30 ส.ค. 2569 เวลา 08:00 - 11:00 อาคาร 125 ห้อง ศร201_1 | 30 ส.ค. 2569 เวลา 08:00 - 11:00 อาคาร 125 ห้อง ศร305,29 ต.ค. 2569 เวลา 08:00 - 11:00 อาคาร 125 ห้อง ศร201_1 | 29 ต.ค. 2569 เวลา 08:00 - 11:00 อาคาร 125 ห้อง ศร305,,จันทร์ 15:00-16:30 ศร302 (C); พฤหัสบดี 15:00-16:30 ศร302 (C)
2569,1,10700106,สังคมและวัฒนธรรมไทย,6,115,69,46,W,อาจารย์สาธิยา เขื่อนคำ,30 ส.ค. 2569 เวลา 08:00 - 11:00 อาคาร 125 ห้อง ศร204,29 ต.ค. 2569 เวลา 08:00 - 11:00 อาคาร 125 ห้อง ศร204,"เทคโนโลยีภูมิทัศน์, สถาปัตยกรรม",จันทร์ 13:00-14:30 ศร502 (C); พฤหัสบดี 13:00-14:30 ศร502 (C)
2569,1,10700109,จิตอาสาเพื่อพัฒนาสังคม,1,60,51,9,W,อาจารย์สาธิยา เขื่อนคำ,,29 ต.ค. 2569 เวลา 15:30 - 18:30 อาคาร 140 ห้อง EC402,,จันทร์ 10:00-12:00 80-408 (C); พฤหัสบดี 10:00-12:00 80-408 (L)
2569,1,10700109,จิตอาสาเพื่อพัฒนาสังคม,2,60,50,10,W,อาจารย์สาธิยา เขื่อนคำ,,29 ต.ค. 2569 เวลา 15:30 - 18:30 อาคาร 140 ห้อง EC403,,อังคาร 08:00-10:00 80-404 (C); ศุกร์ 08:00-10:00 80-404 (L)
2569,1,10700201,จิตวิทยากับพฤติกรรมมนุษย์,1,120,43,77,W,รองศาสตราจารย์มธุรส สว่างบำรุง,,,,จันทร์ 09:30-11:00 ศร403 (C); พฤหัสบดี 09:30-11:00 ศร403 (C)
2569,1,10700201,จิตวิทยากับพฤติกรรมมนุษย์,1,10,8,2,W,ผู้ช่วยศาสตราจารย์ ดร.ศิริพร พันธุลี,28 ส.ค. 2569 เวลา 09:00 - 12:00 อาคาร 801 ห้อง 106 : 801,19 ต.ค. 2569 เวลา 09:00 - 12:00 อาคาร 801 ห้อง 114 : 801,กต,จันทร์ 15:00-16:30 N202:811 (C); อังคาร 15:00-16:30 N202:811 (C)
2569,1,10700202,สุขภาพสำหรับคนรุ่นใหม่,1,60,60,0,W,อาจารย์ ดร.กัญจน์ จันทร์ศรีสุคต,,26 ต.ค. 2569 เวลา 08:00 - 11:00 อาคาร 125 ห้อง ศร201_1,การสื่อสารดิจิทัล ลำดับ 1-60,อังคาร 10:00-12:00 80-507 (C); ศุกร์ 10:00-12:00 80-507 (L)
2569,1,10700202,สุขภาพสำหรับคนรุ่นใหม่,2,60,60,0,W,อาจารย์ ดร.จิราดร ถิ่นอ่วน,,26 ต.ค. 2569 เวลา 08:00 - 11:00 อาคาร 125 ห้อง ศร201_1,ลำดับ 61-120,อังคาร 10:00-12:00 ศกฬ เรียน1 (C); ศุกร์ 10:00-12:00 ศกฬ เรียน1 (L)
2569,1,10700202,สุขภาพสำหรับคนรุ่นใหม่,3,60,59,1,W,อาจารย์ ดร.กัญจน์ จันทร์ศรีสุคต,,26 ต.ค. 2569 เวลา 08:00 - 11:00 อาคาร 125 ห้อง ศร201_2,ลำดับ 121-180,อังคาร 08:00-10:00 ศร305 (C); ศุกร์ 08:00-10:00 ศร305 (L)
2569,1,10700202,สุขภาพสำหรับคนรุ่นใหม่,4,61,59,2,W,อาจารย์ ดร.จิราดร ถิ่นอ่วน,,26 ต.ค. 2569 เวลา 08:00 - 11:00 อาคาร 125 ห้อง ศร201_2,ลำดับ 181-234,อังคาร 08:00-10:00 80-304 (C); ศุกร์ 08:00-10:00 80-304 (L)
2569,1,10700202,สุขภาพสำหรับคนรุ่นใหม่,5,60,59,1,W,อาจารย์จิตตรัตน์ ตันเสนีย์,,26 ต.ค. 2569 เวลา 08:00 - 11:00 อาคาร 125 ห้อง ศร403,,จันทร์ 15:00-17:00 ศร303 (C); พฤหัสบดี 15:00-17:00 ศร303 (L)
2569,1,10700202,สุขภาพสำหรับคนรุ่นใหม่,6,60,59,1,W,อาจารย์ ดร.กัญจน์ จันทร์ศรีสุคต,,26 ต.ค. 2569 เวลา 08:00 - 11:00 อาคาร 125 ห้อง ศร403,,ศุกร์ 15:00-17:00 ศร402 (L); อังคาร 15:00-17:00 ศร402 (C)
2569,1,10700202,สุขภาพสำหรับคนรุ่นใหม่,7,60,60,0,W,อาจารย์จิตตรัตน์ ตันเสนีย์,,26 ต.ค. 2569 เวลา 08:00 - 11:00 อาคาร 125 ห้อง ศร304,สาขานิเทศศาสตร์ฯ ลำดับ 123-182,จันทร์ 13:00-15:00 ศร303 (C); พฤหัสบดี 13:00-15:00 ศร303 (L)
2569,1,10700202,สุขภาพสำหรับคนรุ่นใหม่,8,60,59,1,W,อาจารย์ ดร.จิราดร ถิ่นอ่วน,,26 ต.ค. 2569 เวลา 08:00 - 11:00 อาคาร 125 ห้อง ศร304,,พฤหัสบดี 13:00-15:00 ศกฬ เรียน1 (L); จันทร์ 13:00-15:00 ศกฬ เรียน1 (C)
2569,1,10700202,สุขภาพสำหรับคนรุ่นใหม่,9,61,60,1,W,อาจารย์ ดร.กัญจน์ จันทร์ศรีสุคต,,26 ต.ค. 2569 เวลา 08:00 - 11:00 อาคาร 125 ห้อง ศร304 | 26 ต.ค. 2569 เวลา 08:00 - 11:00 อาคาร 125 ห้อง ศร305,สาขานิเทศศาสตร์ฯ ลำดับ 1-61,จันทร์ 15:00-17:00 สังคม 209 (C); พฤหัสบดี 15:00-17:00 สังคม 209 (L)
2569,1,10700202,สุขภาพสำหรับคนรุ่นใหม่,10,61,61,0,W,อาจารย์ ดร.จิราดร ถิ่นอ่วน,,26 ต.ค. 2569 เวลา 08:00 - 11:00 อาคาร 147 ห้อง 80-201,สาขานิเทศศาสตร์ฯ ลำดับ 62-122,พฤหัสบดี 15:00-17:00 ศกฬ เรียน2 (C); จันทร์ 15:00-17:00 ศกฬ เรียน2 (L)
2569,1,10700202,สุขภาพสำหรับคนรุ่นใหม่,11,60,59,1,W,อาจารย์จิตตรัตน์ ตันเสนีย์,,26 ต.ค. 2569 เวลา 08:00 - 11:00 อาคาร 147 ห้อง 80-201,,จันทร์ 10:00-12:00 80-409 (C); พฤหัสบดี 10:00-12:00 80-409 (L)
2569,1,10700202,สุขภาพสำหรับคนรุ่นใหม่,12,60,59,1,W,อาจารย์จิตตรัตน์ ตันเสนีย์,,26 ต.ค. 2569 เวลา 08:00 - 11:00 อาคาร 102 ห้อง สังคม 106,,พฤหัสบดี 08:00-10:00 สังคม 209 (L); จันทร์ 08:00-10:00 สังคม 209 (C)
2569,1,10700202,สุขภาพสำหรับคนรุ่นใหม่,1,60,57,3,W,ผู้ช่วยศาสตราจารย์ ดร.วรัญญู รีรมย์; ผู้ช่วยศาสตราจารย์ ดร.วัฒนา วณิชชานนท์,,28 ต.ค. 2569 เวลา 09:00 - 12:00 อาคาร 801 ห้อง 302/2 : 801,ผส+ผพ2ปี,อังคาร 10:00-12:00 N103:811 (C); ศุกร์ 10:00-12:00 สนามกีฬา (L)
2569,1,10700202,สุขภาพสำหรับคนรุ่นใหม่,2,60,44,16,W,ผู้ช่วยศาสตราจารย์ ดร.วัฒนา วณิชชานนท์,,28 ต.ค. 2569 เวลา 09:00 - 12:00 อาคาร 801 ห้อง 208 : 801,กป 51-100,อังคาร 10:00-12:00 303/2 : 801 (C); ศุกร์ 13:00-15:00 สนามกีฬา (L)
2569,1,10700202,สุขภาพสำหรับคนรุ่นใหม่,3,60,46,14,W,ผู้ช่วยศาสตราจารย์ ดร.วัฒนา วณิชชานนท์,,28 ต.ค. 2569 เวลา 09:00 - 12:00 อาคาร 801 ห้อง 302/2 : 801,กป 1-50,อังคาร 10:00-12:00 303/2 : 801 (C); ศุกร์ 15:00-17:00 สนามกีฬา (L)
2569,1,10700203,ศาสตร์และศิลป์แห่งปัญญาชน,1,88,85,3,W,ผู้ช่วยศาสตราจารย์ ดร.อิทธิพงษ์ ทองศรีเกตุ,,30 ต.ค. 2569 เวลา 15:30 - 18:30 อาคาร 147 ห้อง 80-401,,อังคาร 08:00-10:00 80-501 (C); ศุกร์ 08:00-10:00 80-501 (L)
2569,1,10700204,มนุษย์กับความงามทางศิลปะ,1,120,42,78,W,รองศาสตราจารย์ฐาปกรณ์ เครือระยา,,,เทคโนโลยีสื่อเพื่อเศรษฐกิจสร้างสรรค์ ปี 2 ลำดับ 1-120,จันทร์ 08:00-09:30 ศร306 (C); พฤหัสบดี 08:00-09:30 ศร306 (C)
2569,1,10700204,มนุษย์กับความงามทางศิลปะ,2,120,69,51,W,รองศาสตราจารย์ฐาปกรณ์ เครือระยา,,,เทคโนโลยีสื่อเพื่อเศรษฐกิจสร้างสรรค์ ปี 2 ลำดับ 121-210,จันทร์ 10:00-11:30 80-401 (C); พฤหัสบดี 10:00-11:30 80-401 (C)
2569,1,10700205,ศิลปะกับความคิดสร้างสรรค์,1,77,74,3,W,รองศาสตราจารย์ฐาปกรณ์ เครือระยา,,,,พุธ 08:00-09:00 สังคม 106 (C); พุธ 09:00-13:00 สังคม 106 (L)
2569,1,10700205,ศิลปะกับความคิดสร้างสรรค์,2,64,61,3,W,รองศาสตราจารย์ฐาปกรณ์ เครือระยา,,,เฉพาะสาขานวัตกรรมสังคม,อังคาร 13:00-14:00 สังคม 106 (C); อังคาร 14:00-18:00 สังคม 106 (L)
2569,1,10700209,จิตวิทยาเพื่อการดำเนินชีวิตในสังคมสมัยใหม่,1,120,111,9,W,ผู้ช่วยศาสตราจารย์ ดร.พิณนภา หมวกยอด,24 ส.ค. 2569 เวลา 15:30 - 18:30 อาคาร 125 ห้อง ศร201_2,20 ต.ค. 2569 เวลา 15:30 - 18:30 อาคาร 125 ห้อง ศร201_2,พืชสวน ชั้นปี1 ลำดับที่ 1-120,จันทร์ 13:00-14:30 ศร302 (C); พฤหัสบดี 13:00-14:30 ศร302 (C)
2569,1,10700209,จิตวิทยาเพื่อการดำเนินชีวิตในสังคมสมัยใหม่,2,120,100,20,W,อาจารย์พีรดา ประจงการ,,,พืชสวน ชั้นปี1 ลำดับที่ 121-224,อังคาร 09:30-11:00 ศร204 (C); ศุกร์ 09:30-11:00 ศร204 (C)
2569,1,10700209,จิตวิทยาเพื่อการดำเนินชีวิตในสังคมสมัยใหม่,3,120,41,79,W,อาจารย์ ดร.ปิยาพัทธ์ อารีญาติ,24 ส.ค. 2569 เวลา 15:30 - 18:30 อาคาร 125 ห้อง ศร304,20 ต.ค. 2569 เวลา 15:30 - 18:30 อาคาร 125 ห้อง ศร304,,อังคาร 16:00-17:30 ศร306 (C); ศุกร์ 16:00-17:30 ศร306 (C)
2569,1,10700209,จิตวิทยาเพื่อการดำเนินชีวิตในสังคมสมัยใหม่,4,121,117,4,W,อาจารย์พีรดา ประจงการ,,,การประมงฯ ปี 1 ลำดับที่ 1-121,อังคาร 08:00-09:30 ศร403 (C); ศุกร์ 08:00-09:30 ศร403 (L)
2569,1,10700209,จิตวิทยาเพื่อการดำเนินชีวิตในสังคมสมัยใหม่,5,120,84,36,W,ผู้ช่วยศาสตราจารย์ ดร.พิณนภา หมวกยอด,24 ส.ค. 2569 เวลา 15:30 - 18:30 อาคาร 125 ห้อง ศร304,20 ต.ค. 2569 เวลา 15:30 - 18:30 อาคาร 125 ห้อง ศร304,"เกษตรศาสตร์ชั้นปี1 ลำดับที่ 241-320, เศรษฐศาสตร์ระหว่างประเทศ ลำดับ 1-40",จันทร์ 09:30-11:00 ศร304 (C); พฤหัสบดี 09:30-11:00 ศร304 (C)
2569,1,10700209,จิตวิทยาเพื่อการดำเนินชีวิตในสังคมสมัยใหม่,6,120,118,2,W,อาจารย์ ดร.ปิยาพัทธ์ อารีญาติ,24 ส.ค. 2569 เวลา 15:30 - 18:30 อาคาร 125 ห้อง ศร201_1,20 ต.ค. 2569 เวลา 15:30 - 18:30 อาคาร 125 ห้อง ศร201_1,เกษตรศาสตร์ชั้นปี1 ลำดับที่ 121-240,อังคาร 08:00-09:30 ศร201_1 (C); ศุกร์ 08:00-09:30 ศร201_1 (C)
2569,1,10700209,จิตวิทยาเพื่อการดำเนินชีวิตในสังคมสมัยใหม่,7,120,119,1,W,อาจารย์ ดร.ปิยาพัทธ์ อารีญาติ,24 ส.ค. 2569 เวลา 15:30 - 18:30 อาคาร 125 ห้อง ศร401 | 24 ส.ค. 2569 เวลา 15:30 - 18:30 อาคาร 125 ห้อง ศร402,20 ต.ค. 2569 เวลา 15:30 - 18:30 อาคาร 125 ห้อง ศร402 | 20 ต.ค. 2569 เวลา 15:30 - 18:30 อาคาร 125 ห้อง ศร401,เกษตรศาสตร์ชั้นปี1 ลำดับที่ 1-120,อังคาร 11:00-12:30 ศร201_2 (C); ศุกร์ 11:00-12:30 ศร201_2 (C)
2569,1,10700209,จิตวิทยาเพื่อการดำเนินชีวิตในสังคมสมัยใหม่,1,2,2,0,W,ผู้ช่วยศาสตราจารย์ ดร.ศิริพร พันธุลี,28 ส.ค. 2569 เวลา 09:00 - 12:00 อาคาร 811 ห้อง N108:811,19 ต.ค. 2569 เวลา 13:00 - 16:00 อาคาร 801 ห้อง 113 : 801,,จันทร์ 13:00-14:30 N208:811 (C); พฤหัสบดี 13:00-14:30 N208:811 (C)
2569,1,10700211,การพัฒนาบุคลิกภาพความเป็นผู้ประกอบการที่ยั่งยืน,1,79,75,4,W,ผู้ช่วยศาสตราจารย์ ดร.พิณนภา หมวกยอด,24 ส.ค. 2569 เวลา 15:30 - 18:30 อาคาร 125 ห้อง ศร306,22 ต.ค. 2569 เวลา 08:00 - 11:00 อาคาร 147 ห้อง 80-201,,อังคาร 13:00-15:00 ศร502 (C); ศุกร์ 13:00-15:00 ศร502 (L)
2569,1,10700211,การพัฒนาบุคลิกภาพความเป็นผู้ประกอบการที่ยั่งยืน,2,60,49,11,W,ผู้ช่วยศาสตราจารย์ ดร.พิณนภา หมวกยอด,24 ส.ค. 2569 เวลา 15:30 - 18:30 อาคาร 102 ห้อง สังคม 106,22 ต.ค. 2569 เวลา 08:00 - 11:00 อาคาร 147 ห้อง 80-201,,อังคาร 10:00-12:00 ศร402 (C); ศุกร์ 10:00-12:00 ศร402 (L)
2569,1,10700211,การพัฒนาบุคลิกภาพความเป็นผู้ประกอบการที่ยั่งยืน,1,20,17,3,W,ผู้ช่วยศาสตราจารย์ ดร.ศิริพร พันธุลี,28 ส.ค. 2569 เวลา 09:00 - 12:00 อาคาร 811 ห้อง N107:811,26 ต.ค. 2569 เวลา 13:00 - 16:00 อาคาร 801 ห้อง 107 : 801,พท,จันทร์ 10:00-12:00 N107:811 (C); พฤหัสบดี 10:00-12:00 N107:811 (L)
2569,1,10700213,วัฒนธรรมข้าวและประเพณีชาวนาไทย,1,60,57,3,W,อาจารย์วาสนา ศรีรักษ์,,,,จันทร์ 15:00-16:30 ศร306 (C); พฤหัสบดี 15:00-16:30 ศร306 (C)
2569,1,10700213,วัฒนธรรมข้าวและประเพณีชาวนาไทย,1,30,22,8,W,ผู้ช่วยศาสตราจารย์ ดร.อัญชลี รัตนธรรม,,28 ต.ค. 2569 เวลา 13:00 - 16:00 อาคาร 801 ห้อง 114 : 801,,พุธ 09:00-12:00 208 : 801 (C)
2569,1,10700301,ภาษาไทยเพื่อการนำเสนอ,1,60,60,0,W,ผู้ช่วยศาสตราจารย์ ดร.สุนทร คำยอด,,,การจัดการ ปี 1 ลำดับที่ 1-60,จันทร์ 13:00-15:00 80-504 (C); พฤหัสบดี 13:00-15:00 80-504 (L)
2569,1,10700301,ภาษาไทยเพื่อการนำเสนอ,2,60,59,1,W,อาจารย์สุวรรณ เลียงหิรัญถาวร,,,การจัดการ ปี 1 ลำดับที่ 61-120,จันทร์ 13:00-15:00 80-506 (C); พฤหัสบดี 13:00-15:00 80-506 (L)
2569,1,10700301,ภาษาไทยเพื่อการนำเสนอ,3,60,60,0,W,ผู้ช่วยศาสตราจารย์ชยุตภัฎ คำมูล,,,การจัดการ ปี 1 ลำดับที่ 121-180,อังคาร 13:00-15:00 80-409 (C); ศุกร์ 13:00-15:00 80-409 (L)
2569,1,10700301,ภาษาไทยเพื่อการนำเสนอ,4,63,61,2,W,ผู้ช่วยศาสตราจารย์ดวงหทัย ลือดัง,,,การจัดการ ปี 1ลำดับที่ 181-243,จันทร์ 08:00-10:00 ศร302 (C); พฤหัสบดี 08:00-10:00 ศร302 (L)
2569,1,10700301,ภาษาไทยเพื่อการนำเสนอ,5,60,60,0,W,ผู้ช่วยศาสตราจารย์ชยุตภัฎ คำมูล,,,สำหรับสาขาวิทยาการคอมพิวเตอร์,จันทร์ 13:00-15:00 80-402 (C); พฤหัสบดี 13:00-15:00 80-402 (L)
2569,1,10700301,ภาษาไทยเพื่อการนำเสนอ,6,63,62,1,W,อาจารย์ปาริฉัตร พิมล,,,เอกวิศวกรรมนวัตกรรมการจัดการพลังงาน ลำดับ 1-60,จันทร์ 13:00-15:00 80-404 (C); พฤหัสบดี 13:00-15:00 80-404 (L)
2569,1,10700301,ภาษาไทยเพื่อการนำเสนอ,7,61,61,0,W,ผู้ช่วยศาสตราจารย์ดวงหทัย ลือดัง,,,เอกวิศวกรรมพลังงานทดแทน ลำดับ 12-71,อังคาร 10:00-12:00 ศร304 (C); ศุกร์ 10:00-12:00 ศร304 (L)
2569,1,10700301,ภาษาไทยเพื่อการนำเสนอ,8,60,40,20,W,อาจารย์สุวรรณ เลียงหิรัญถาวร,,,"เอกวิศวกรรมพลังงานทดแทน ลำดับ 1-11, เอกวิศวกรรมนวัตกรรมการจัดการพลังงาน ลำดับ 61-72",จันทร์ 08:00-10:00 ศร502 (C); พฤหัสบดี 08:00-10:00 ศร502 (L)
2569,1,10700301,ภาษาไทยเพื่อการนำเสนอ,1,45,16,29,W,ผู้ช่วยศาสตราจารย์ดวงหทัย ลือดัง,,,สำหรับสาขาวิชาการส่งเสริมและสื่อสารเกษตร,เสาร์ 08:00-10:00 เหลืองโคราช (C); เสาร์ 10:00-12:00 เหลืองโคราช (L)
2569,1,10700302,การใช้ภาษาไทยเพื่อการสื่อสาร,3,60,60,0,W,อาจารย์สุวรรณ เลียงหิรัญถาวร,,,เศรษฐศาสตร์สหกรณ์ ลำดับ 61-90,อังคาร 10:00-12:00 80-506 (C); ศุกร์ 10:00-12:00 80-506 (L)
2569,1,10700302,การใช้ภาษาไทยเพื่อการสื่อสาร,4,60,58,2,W,ผู้ช่วยศาสตราจารย์ ดร.พรรณิดา ขันธพัทธ์,,,บัญชี ลำดับ 1-60,จันทร์ 13:00-15:00 80-505 (C); พฤหัสบดี 13:00-15:00 80-505 (L)
2569,1,10700302,การใช้ภาษาไทยเพื่อการสื่อสาร,5,60,59,1,W,อาจารย์วาสนา ศรีรักษ์,,,บัญชี ลำดับ 61-120,จันทร์ 13:00-15:00 ศร306 (C); พฤหัสบดี 13:00-15:00 ศร306 (L)
2569,1,10700302,การใช้ภาษาไทยเพื่อการสื่อสาร,6,60,60,0,W,ผู้ช่วยศาสตราจารย์ ดร.พรรณิดา ขันธพัทธ์,,,นวัตกรรมธุรกิจค้าปลีก ลำดับที่ 1-60,พุธ 08:00-10:00 ศร305 (C); พุธ 10:00-12:00 ศร305 (L)
2569,1,10700302,การใช้ภาษาไทยเพื่อการสื่อสาร,7,60,45,15,W,อาจารย์ปาริฉัตร พิมล,,,"พยาบาลศาสตร์ ลำดับ 1-45, บัญชี ลำดับ 181-195",จันทร์ 15:00-17:00 80-507 (C); พฤหัสบดี 15:00-17:00 80-507 (L)
2569,1,10700302,การใช้ภาษาไทยเพื่อการสื่อสาร,8,60,45,15,W,อาจารย์ปาริฉัตร พิมล,,,รัฐประศาสนศาสตร์ ลำดับ 1-60,จันทร์ 10:00-12:00 80-506 (C); พฤหัสบดี 10:00-12:00 80-506 (L)
2569,1,10700302,การใช้ภาษาไทยเพื่อการสื่อสาร,9,60,58,2,W,ผู้ช่วยศาสตราจารย์ศิริพร มณีชูเกตุ,,,รัฐประศาสนศาสตร์ ลำดับ 61-120,จันทร์ 10:00-12:00 80-505 (C); พฤหัสบดี 10:00-12:00 80-505 (L)
2569,1,10700302,การใช้ภาษาไทยเพื่อการสื่อสาร,10,60,36,24,W,อาจารย์วาสนา ศรีรักษ์,,,นวัตกรรมธุรกิจดิจิทัล ปี 2 ลำดับ 1-60,อังคาร 08:00-10:00 80-403 (C); ศุกร์ 08:00-10:00 80-403 (L)
2569,1,10700302,การใช้ภาษาไทยเพื่อการสื่อสาร,11,60,60,0,W,อาจารย์ปาริฉัตร พิมล,,,เศรษฐศาสตร์ดิจิทัลฯ ลำดับ 1-60,อังคาร 10:00-12:00 ศกฬรับรอง2 (C); ศุกร์ 10:00-12:00 ศกฬรับรอง2 (L)
2569,1,10700302,การใช้ภาษาไทยเพื่อการสื่อสาร,12,60,58,2,W,อาจารย์ ดร.ลักขณา ชาปู่,,,วิชาเอกเทคโนโลยีสื่อฯ ลำดับ 1-60,จันทร์ 08:00-10:00 80-503 (C); พฤหัสบดี 08:00-10:00 80-503 (C)
2569,1,10700302,การใช้ภาษาไทยเพื่อการสื่อสาร,13,60,57,3,W,อาจารย์วาสนา ศรีรักษ์,,,วิชาเอกเทคโนโลยีสื่อฯ ลำดับ 61-120,จันทร์ 08:00-10:00 80-304 (C); พฤหัสบดี 08:00-10:00 80-304 (L)
2569,1,10700302,การใช้ภาษาไทยเพื่อการสื่อสาร,14,60,59,1,W,อาจารย์ปาริฉัตร พิมล,,,"วิชาเอกเทคโนโลยีสื่อฯ ลำดับ 121-150, บัญชี ลำดับ 121-150",พุธ 08:00-10:00 80-304 (C); พุธ 10:00-12:00 80-304 (L)
2569,1,10700302,การใช้ภาษาไทยเพื่อการสื่อสาร,15,60,35,25,W,ผู้ช่วยศาสตราจารย์ ดร.สุนทร คำยอด,,,วิชาเอกเทคโนโลยีสื่อฯ ลำดับ 91-100,จันทร์ 08:00-10:00 80-410 (C); พฤหัสบดี 08:00-10:00 80-410 (L)
2569,1,10700302,การใช้ภาษาไทยเพื่อการสื่อสาร,16,60,58,2,W,ผู้ช่วยศาสตราจารย์ชยุตภัฎ คำมูล,,,"สาขานวัตกรรมธุรกิจดิจิทัล ชั้นปี 2 ลำดับที่ 61-65, นวัตกรรมธุรกิจค้าปลีก ลำดับ 61-82",พุธ 08:00-10:00 80-404 (C); พุธ 10:00-12:00 80-404 (L)
2569,1,10700302,การใช้ภาษาไทยเพื่อการสื่อสาร,17,60,41,19,W,ผู้ช่วยศาสตราจารย์ชยุตภัฎ คำมูล,,,"สถาปัตยกรรม ลำดับ 1-30, บัญชี ลำดับ 151-180",จันทร์ 15:00-17:00 80-410 (C); พฤหัสบดี 15:00-17:00 80-410 (L)
2569,1,10700302,การใช้ภาษาไทยเพื่อการสื่อสาร,18,60,45,15,W,ผู้ช่วยศาสตราจารย์ชยุตภัฎ คำมูล,,,รัฐประศาสนศาสตร์ ลำดับ 121-164,จันทร์ 10:00-12:00 80-403 (C); พฤหัสบดี 10:00-12:00 80-403 (L)
2569,1,10700302,การใช้ภาษาไทยเพื่อการสื่อสาร,19,60,43,17,W,อาจารย์วาสนา ศรีรักษ์,,,,จันทร์ 10:00-12:00 80-303 (C); พฤหัสบดี 10:00-12:00 80-303 (L)
2569,1,10700302,การใช้ภาษาไทยเพื่อการสื่อสาร,20,60,37,23,W,อาจารย์ ดร.ลักขณา ชาปู่,,,"สื่อสารดิจิทัล ปี 2 ลำดับ 1-52, สถาปัยกรรม ลำดับ 31-37",จันทร์ 15:00-17:00 สังคม 106 (C); พฤหัสบดี 15:00-17:00 สังคม 106 (L)
2569,1,10700302,การใช้ภาษาไทยเพื่อการสื่อสาร,21,64,61,3,W,อาจารย์ปาริฉัตร พิมล,,,เฉพาะสาขานวัตกรรมสังคม,จันทร์ 08:00-10:00 สังคม 202 (C); พฤหัสบดี 08:00-10:00 สังคม 202 (L)
2569,1,10700302,การใช้ภาษาไทยเพื่อการสื่อสาร,22,60,54,6,W,ผู้ช่วยศาสตราจารย์ ดร.สุนทร คำยอด,,,วิชาเอกเทคโนโลยีสื่อฯ ลำดับ 151-210,อังคาร 08:00-10:00 80-408 (C); ศุกร์ 08:00-10:00 80-408 (L)
2569,1,10700302,การใช้ภาษาไทยเพื่อการสื่อสาร,23,60,37,23,W,อาจารย์กฤษฏิ์ สุรนัคครินทร์,,,บัญชี ลำดับ 196-226,จันทร์ 15:00-17:00 80-303 (C); พฤหัสบดี 15:00-17:00 80-303 (L)
2569,1,10700302,การใช้ภาษาไทยเพื่อการสื่อสาร,1,40,34,6,W,ผู้ช่วยศาสตราจารย์ ดร.อัญชลี รัตนธรรม,26 ส.ค. 2569 เวลา 13:00 - 16:00 อาคาร 801 ห้อง 107 : 801,19 ต.ค. 2569 เวลา 09:00 - 12:00 อาคาร 801 ห้อง 106 : 801 | 19 ต.ค. 2569 เวลา 09:00 - 12:00 อาคาร 801 ห้อง 105 : 801,รศ+กช,จันทร์ 13:00-15:00 115 : 801 (C); พฤหัสบดี 13:00-15:00 115 : 801 (L)
2569,1,10700302,การใช้ภาษาไทยเพื่อการสื่อสาร,2,100,92,8,W,ผู้ช่วยศาสตราจารย์ ดร.อัญชลี รัตนธรรม,26 ส.ค. 2569 เวลา 13:00 - 16:00 อาคาร 801 ห้อง 302/2 : 801,19 ต.ค. 2569 เวลา 09:00 - 12:00 อาคาร 801 ห้อง 106 : 801 | 19 ต.ค. 2569 เวลา 09:00 - 12:00 อาคาร 801 ห้อง 207 : 801 | 19 ต.ค. 2569 เวลา 09:00 - 12:00 อาคาร 801 ห้อง 208 : 801,บช+พท+อป,อังคาร 10:00-12:00 302/2 : 801 (C); ศุกร์ 10:00-12:00 302/2 : 801 (L)
2569,1,10700302,การใช้ภาษาไทยเพื่อการสื่อสาร,1,60,55,5,W,อาจารย์ ดร.ศรายุทธ เจตรา,24 ส.ค. 2569 เวลา 13:00 - 16:00 อาคาร 716 ห้อง Online ชุมพร,,,เสาร์ 08:00-10:00 Online ชุมพร (C); เสาร์ 10:00-12:00 Online ชุมพร (L)
2569,1,10700303,ภาษาไทยเพื่อการสื่อสารสำหรับชาวต่างประเทศ,1,10,4,6,W,อาจารย์สุวรรณ เลียงหิรัญถาวร,,,สำหรับนักศึกษาสาขาวิชาภาษาไทยสำหรับชาวต่างประเทศเท่านั้น,จันทร์ 10:00-12:00 สังคม 217 (C); พฤหัสบดี 10:00-12:00 สังคม 217 (L)
2569,1,10700304,ภาษาไทยเพื่องานเขียนเชิงวิชาการ,1,60,50,10,W,อาจารย์กฤษฏิ์ สุรนัคครินทร์,,,,จันทร์ 13:00-15:00 80-507 (C); พฤหัสบดี 13:00-15:00 80-507 (L)
2569,1,10700304,ภาษาไทยเพื่องานเขียนเชิงวิชาการ,2,60,48,12,W,ผู้ช่วยศาสตราจารย์ดวงหทัย ลือดัง,,,การประมงฯ ลำดับ 71-130,อังคาร 13:00-15:00 ศร304 (C); ศุกร์ 13:00-15:00 ศร304 (L)
2569,1,10700304,ภาษาไทยเพื่องานเขียนเชิงวิชาการ,3,60,36,24,W,อาจารย์กฤษฏิ์ สุรนัคครินทร์,,,เทคโนโลยีสารสนเทศ ลำดับ 61-84,อังคาร 13:00-15:00 80-404 (C); ศุกร์ 13:00-15:00 80-404 (L)
2569,1,10700304,ภาษาไทยเพื่องานเขียนเชิงวิชาการ,4,60,59,1,W,อาจารย์ ดร.ลักขณา ชาปู่,,,เทคโนโลยีสารสนเทศ ลำดับ 1-60,อังคาร 13:00-15:00 80-403 (C); ศุกร์ 13:00-15:00 80-403 (L)
2569,1,10700304,ภาษาไทยเพื่องานเขียนเชิงวิชาการ,5,60,36,24,W,ผู้ช่วยศาสตราจารย์ดวงหทัย ลือดัง,,,วิศวกรรมเกษตรสมัยใหม่ ลำดับ 61-70,จันทร์ 13:00-15:00 80-410 (C); พฤหัสบดี 13:00-15:00 80-410 (L)
2569,1,10700304,ภาษาไทยเพื่องานเขียนเชิงวิชาการ,6,60,46,14,W,อาจารย์ ดร.ลักขณา ชาปู่,,,วิศวกรรมเกษตรสมัยใหม่ ลำดับ 1-60,จันทร์ 13:00-15:00 สังคม 106 (C); พฤหัสบดี 13:00-15:00 สังคม 106 (L)
2569,1,10700304,ภาษาไทยเพื่องานเขียนเชิงวิชาการ,7,60,60,0,W,อาจารย์กฤษฏิ์ สุรนัคครินทร์,,,"เทคโนโลยีสารสนเทศ ลำดับ 85-109, การประมงฯ ลำดับ 1-35",อังคาร 15:00-17:00 ศร204 (C); ศุกร์ 15:00-17:00 ศร204 (L)
2569,1,10700304,ภาษาไทยเพื่องานเขียนเชิงวิชาการ,8,60,33,27,W,อาจารย์ ดร.ลักขณา ชาปู่,,,"เทคโนโลยีสารสนเทศ ลำดับ 110-120, การประมงฯ ลำดับ 36-70",อังคาร 15:00-17:00 80-403 (C); ศุกร์ 15:00-17:00 80-403 (L)
2569,1,10700304,ภาษาไทยเพื่องานเขียนเชิงวิชาการ,1,30,9,21,W,ผู้ช่วยศาสตราจารย์ ดร.อัญชลี รัตนธรรม,,22 ต.ค. 2569 เวลา 13:00 - 16:00 อาคาร 801 ห้อง 207 : 801,,อังคาร 13:00-15:00 107 : 801 (C); ศุกร์ 08:00-10:00 107 : 801 (L)
2569,1,10700306,ภาษาไทยเพื่อกิจธุระยุคดิจิทัล,1,67,67,0,W,ผู้ช่วยศาสตราจารย์ ดร.สุนทร คำยอด,,,พัฒนาการท่องเที่ยว ปี 2 ลำดับ 1-61,จันทร์ 15:00-17:00 80-406 (C); พฤหัสบดี 15:00-17:00 80-406 (L)
2569,1,10700306,ภาษาไทยเพื่อกิจธุระยุคดิจิทัล,2,68,67,1,W,ผู้ช่วยศาสตราจารย์ ดร.พรรณิดา ขันธพัทธ์,,,พัฒนาการท่องเที่ยว ปี 1 ลำดับ 1-68,อังคาร 10:00-12:00 80-303 (C); ศุกร์ 10:00-12:00 80-303 (L)
2569,1,10700306,ภาษาไทยเพื่อกิจธุระยุคดิจิทัล,3,67,56,11,W,,,,พัฒนาการท่องเที่ยว ปี 1 ลำดับ 69-135,อังคาร 10:00-12:00 80-503 (C); ศุกร์ 10:00-12:00 80-503 (L)
2569,1,10700306,ภาษาไทยเพื่อกิจธุระยุคดิจิทัล,5,85,81,4,W,ผู้ช่วยศาสตราจารย์ ดร.พรรณิดา ขันธพัทธ์,,,"ภาพยนตร์ดิจิทัล,าเทคโนโลยีหลังการเก็บเกี่ยว 34-76",อังคาร 15:00-17:00 80-406 (C); ศุกร์ 15:00-17:00 80-406 (L)
2569,1,10700307,ทักษะภาษาอังกฤษสำหรับศตวรรษที่ 21,1,65,65,0,W,ผู้ช่วยศาสตราจารย์ ดร.จารุลักษณ์ งามลักษณ์,26 ส.ค. 2569 เวลา 12:00 - 15:00 อาคาร 125 ห้อง ศร304,22 ต.ค. 2569 เวลา 12:00 - 15:00 อาคาร 125 ห้อง ศร304,วิศวกรรมพลังงานทดแทน ลำดับ 57-72,จันทร์ 08:00-10:00 ศกฬ เรียน1 (C); พฤหัสบดี 08:00-10:00 ศกฬ เรียน1 (L)
2569,1,10700307,ทักษะภาษาอังกฤษสำหรับศตวรรษที่ 21,2,65,64,1,W,อาจารย์ชนิตสิรี ศุภพิมล,26 ส.ค. 2569 เวลา 12:00 - 15:00 อาคาร 125 ห้อง ศร304,22 ต.ค. 2569 เวลา 12:00 - 15:00 อาคาร 125 ห้อง ศร304,,จันทร์ 08:00-10:00 ศกฬ เรียน2 (C); พฤหัสบดี 08:00-10:00 ศกฬ เรียน2 (L)
2569,1,10700307,ทักษะภาษาอังกฤษสำหรับศตวรรษที่ 21,3,60,60,0,W,ผู้ช่วยศาสตราจารย์ ดร.จารุลักษณ์ งามลักษณ์,26 ส.ค. 2569 เวลา 12:00 - 15:00 อาคาร 125 ห้อง ศร304 | 26 ส.ค. 2569 เวลา 12:00 - 15:00 อาคาร 125 ห้อง ศร201_2,22 ต.ค. 2569 เวลา 12:00 - 15:00 อาคาร 125 ห้อง ศร201_2 | 22 ต.ค. 2569 เวลา 12:00 - 15:00 อาคาร 125 ห้อง ศร304,บัญชี ลำดับ 1-60,จันทร์ 10:00-12:00 BA 101 (C); พฤหัสบดี 10:00-12:00 BA 101 (L)
2569,1,10700307,ทักษะภาษาอังกฤษสำหรับศตวรรษที่ 21,4,65,65,0,W,อาจารย์อรพรรณ สุธาพันธ์,26 ส.ค. 2569 เวลา 12:00 - 15:00 อาคาร 125 ห้อง ศร201_2,22 ต.ค. 2569 เวลา 12:00 - 15:00 อาคาร 125 ห้อง ศร201_2,"บัญชี ลำดับ 61-113, เศรษฐศาสตร์เกษตรฯ ลำดับ 66-73",จันทร์ 10:00-12:00 ศกฬ เรียน1 (C); พฤหัสบดี 10:00-12:00 ศกฬ เรียน1 (L)
2569,1,10700307,ทักษะภาษาอังกฤษสำหรับศตวรรษที่ 21,5,65,65,0,W,อาจารย์ชนิตสิรี ศุภพิมล,26 ส.ค. 2569 เวลา 12:00 - 15:00 อาคาร 125 ห้อง ศร201_1,22 ต.ค. 2569 เวลา 12:00 - 15:00 อาคาร 125 ห้อง ศร201_1,,จันทร์ 10:00-12:00 ศกฬ เรียน2 (C); พฤหัสบดี 10:00-12:00 ศกฬ เรียน2 (L)
2569,1,10700307,ทักษะภาษาอังกฤษสำหรับศตวรรษที่ 21,6,63,63,0,W,อาจารย์ชนิตสิรี ศุภพิมล,26 ส.ค. 2569 เวลา 12:00 - 15:00 อาคาร 125 ห้อง ศร204 | 26 ส.ค. 2569 เวลา 12:00 - 15:00 อาคาร 125 ห้อง ศร201_1,22 ต.ค. 2569 เวลา 12:00 - 15:00 อาคาร 125 ห้อง ศร201_1 | 22 ต.ค. 2569 เวลา 12:00 - 15:00 อาคาร 125 ห้อง ศร204,สาขาการจัดการ ลำดับ 121-183,จันทร์ 13:00-15:00 80-304 (C); พฤหัสบดี 13:00-15:00 80-304 (L)
2569,1,10700307,ทักษะภาษาอังกฤษสำหรับศตวรรษที่ 21,7,60,60,0,W,อาจารย์ ดร.พิสิษฐ์ โรจน์คณรัชต์,26 ส.ค. 2569 เวลา 12:00 - 15:00 อาคาร 125 ห้อง ศร204,22 ต.ค. 2569 เวลา 12:00 - 15:00 อาคาร 125 ห้อง ศร204,สาขาการจัดการ ลำดับ 184-243,อังคาร 17:00-19:00 80-403 (C); ศุกร์ 17:00-19:00 80-403 (L)
2569,1,10700307,ทักษะภาษาอังกฤษสำหรับศตวรรษที่ 21,8,61,59,2,W,อาจารย์พฤนทร สนิทมัจโร,26 ส.ค. 2569 เวลา 12:00 - 15:00 อาคาร 125 ห้อง ศร204 | 26 ส.ค. 2569 เวลา 12:00 - 15:00 อาคาร 125 ห้อง ศร302,22 ต.ค. 2569 เวลา 12:00 - 15:00 อาคาร 125 ห้อง ศร302 | 22 ต.ค. 2569 เวลา 12:00 - 15:00 อาคาร 125 ห้อง ศร204,เคมี ลำดับ 1-24,อังคาร 13:00-15:00 ศกฬ เรียน2 (C); ศุกร์ 13:00-15:00 ศกฬ เรียน2 (L)
2569,1,10700307,ทักษะภาษาอังกฤษสำหรับศตวรรษที่ 21,9,65,65,0,W,อาจารย์พงษ์ศักดิ์ รวมทรัพย์,26 ส.ค. 2569 เวลา 12:00 - 15:00 อาคาร 125 ห้อง ศร303 | 26 ส.ค. 2569 เวลา 12:00 - 15:00 อาคาร 125 ห้อง ศร302,22 ต.ค. 2569 เวลา 12:00 - 15:00 อาคาร 125 ห้อง ศร302 | 22 ต.ค. 2569 เวลา 12:00 - 15:00 อาคาร 125 ห้อง ศร303,"วิศวกรรมการอนุรักษ์พลังงาน ลำดับ 61-95, วิศวกรรมพลังงานทดแทน ลำดับ 1-30",จันทร์ 15:00-17:00 ศกฬรับรอง2 (C); พฤหัสบดี 15:00-17:00 ศกฬรับรอง2 (L)
2569,1,10700307,ทักษะภาษาอังกฤษสำหรับศตวรรษที่ 21,10,65,64,1,W,อาจารย์ ดร.จันทนี กันโฑ,26 ส.ค. 2569 เวลา 12:00 - 15:00 อาคาร 125 ห้อง ศร306,22 ต.ค. 2569 เวลา 12:00 - 15:00 อาคาร 125 ห้อง ศร306,,อังคาร 08:00-10:00 ศกฬ เรียน2 (C); ศุกร์ 08:00-10:00 ศกฬ เรียน2 (L)
2569,1,10700307,ทักษะภาษาอังกฤษสำหรับศตวรรษที่ 21,11,60,59,1,W,ผู้ช่วยศาสตราจารย์สุภาพร มโนวงศ์,26 ส.ค. 2569 เวลา 12:00 - 15:00 อาคาร 125 ห้อง ศร306 | 26 ส.ค. 2569 เวลา 12:00 - 15:00 อาคาร 125 ห้อง ศร401,22 ต.ค. 2569 เวลา 12:00 - 15:00 อาคาร 125 ห้อง ศร401 | 22 ต.ค. 2569 เวลา 12:00 - 15:00 อาคาร 125 ห้อง ศร306,สาขาการจัดการ ลำดับ 61-120,อังคาร 13:00-15:00 80-507 (C); ศุกร์ 13:00-15:00 80-507 (L)
2569,1,10700307,ทักษะภาษาอังกฤษสำหรับศตวรรษที่ 21,12,60,60,0,W,อาจารย์พฤนทร สนิทมัจโร,26 ส.ค. 2569 เวลา 12:00 - 15:00 อาคาร 125 ห้อง ศร403 | 26 ส.ค. 2569 เวลา 12:00 - 15:00 อาคาร 125 ห้อง ศร401,22 ต.ค. 2569 เวลา 12:00 - 15:00 อาคาร 125 ห้อง ศร401 | 22 ต.ค. 2569 เวลา 12:00 - 15:00 อาคาร 125 ห้อง ศร403,สาขาการจัดการ ลำดับ 1-60,อังคาร 17:00-19:00 80-303 (C); ศุกร์ 17:00-19:00 80-303 (L)
2569,1,10700307,ทักษะภาษาอังกฤษสำหรับศตวรรษที่ 21,13,60,59,1,W,อาจารย์วัชรียา บำรุงคีรี,26 ส.ค. 2569 เวลา 12:00 - 15:00 อาคาร 125 ห้อง ศร403,22 ต.ค. 2569 เวลา 12:00 - 15:00 อาคาร 125 ห้อง ศร403,สาขาวิชาเกษตรศาสตร์ชั้นปีที่1 ลำดับที่ 1-60,อังคาร 13:00-15:00 80-501 (C); ศุกร์ 13:00-15:00 80-501 (L)
2569,1,10700307,ทักษะภาษาอังกฤษสำหรับศตวรรษที่ 21,14,60,60,0,W,อาจารย์พิมพ์วลัญช์ สิทธิเดช,26 ส.ค. 2569 เวลา 12:00 - 15:00 อาคาร 147 ห้อง 80-301 | 26 ส.ค. 2569 เวลา 12:00 - 15:00 อาคาร 125 ห้อง ศร403,22 ต.ค. 2569 เวลา 12:00 - 15:00 อาคาร 125 ห้อง ศร403 | 22 ต.ค. 2569 เวลา 12:00 - 15:00 อาคาร 147 ห้อง 80-301,สาขาวิชาเกษตรศาสตร์ชั้นปีที่1 ลำดับที่ 61-120,อังคาร 13:00-15:00 80-506 (C); ศุกร์ 13:00-15:00 80-506 (L)
2569,1,10700307,ทักษะภาษาอังกฤษสำหรับศตวรรษที่ 21,15,61,61,0,W,อาจารย์ ดร.จันทนี กันโฑ,26 ส.ค. 2569 เวลา 12:00 - 15:00 อาคาร 147 ห้อง 80-301,22 ต.ค. 2569 เวลา 12:00 - 15:00 อาคาร 147 ห้อง 80-301,สาขาวิชาเกษตรศาสตร์ชั้นปีที่1 ลำดับที่ 121-180,อังคาร 13:00-15:00 ศกฬ เรียน1 (C); ศุกร์ 13:00-15:00 ศกฬ เรียน1 (L)
2569,1,10700307,ทักษะภาษาอังกฤษสำหรับศตวรรษที่ 21,16,61,61,0,W,อาจารย์ ดร.จันทนี กันโฑ,26 ส.ค. 2569 เวลา 12:00 - 15:00 อาคาร 147 ห้อง 80-301,22 ต.ค. 2569 เวลา 12:00 - 15:00 อาคาร 147 ห้อง 80-301,สาขาวิชาเกษตรศาสตร์ชั้นปีที่1 ลำดับที่ 181-240,จันทร์ 13:00-15:00 ศกฬ เรียน2 (C); พฤหัสบดี 13:00-15:00 ศกฬ เรียน2 (L)
2569,1,10700307,ทักษะภาษาอังกฤษสำหรับศตวรรษที่ 21,17,61,60,1,W,อาจารย์พงษ์ศักดิ์ รวมทรัพย์,26 ส.ค. 2569 เวลา 12:00 - 15:00 อาคาร 147 ห้อง 80-501 | 26 ส.ค. 2569 เวลา 12:00 - 15:00 อาคาร 147 ห้อง 80-301,22 ต.ค. 2569 เวลา 12:00 - 15:00 อาคาร 147 ห้อง 80-301 | 22 ต.ค. 2569 เวลา 12:00 - 15:00 อาคาร 147 ห้อง 80-501,,จันทร์ 13:00-15:00 ศกฬรับรอง2 (C); พฤหัสบดี 13:00-15:00 ศกฬรับรอง2 (L)
2569,1,10700307,ทักษะภาษาอังกฤษสำหรับศตวรรษที่ 21,18,62,61,1,W,อาจารย์พงษ์ศักดิ์ รวมทรัพย์,26 ส.ค. 2569 เวลา 12:00 - 15:00 อาคาร 147 ห้อง 80-502 | 26 ส.ค. 2569 เวลา 12:00 - 15:00 อาคาร 147 ห้อง 80-501,22 ต.ค. 2569 เวลา 12:00 - 15:00 อาคาร 147 ห้อง 80-501 | 22 ต.ค. 2569 เวลา 12:00 - 15:00 อาคาร 147 ห้อง 80-502,ฟาร์มอัจฉริยะฯ ลำดับ 41-48,อังคาร 13:00-15:00 80-504 (C); ศุกร์ 13:00-15:00 80-504 (L)
2569,1,10700307,ทักษะภาษาอังกฤษสำหรับศตวรรษที่ 21,19,65,65,0,W,ผู้ช่วยศาสตราจารย์ ดร.จารุลักษณ์ งามลักษณ์,26 ส.ค. 2569 เวลา 12:00 - 15:00 อาคาร 147 ห้อง 80-502,22 ต.ค. 2569 เวลา 12:00 - 15:00 อาคาร 147 ห้อง 80-502,"เทคโนโลยีสารสนเทศ ลำดับ 1-60,วิศวกรรมพลังงานทดแทน ลำดับ 52-56",อังคาร 08:00-10:00 80-402 (C); ศุกร์ 08:00-10:00 80-402 (L)
2569,1,10700307,ทักษะภาษาอังกฤษสำหรับศตวรรษที่ 21,20,65,65,0,W,อาจารย์อรพรรณ สุธาพันธ์,26 ส.ค. 2569 เวลา 12:00 - 15:00 อาคาร 147 ห้อง 80-401,22 ต.ค. 2569 เวลา 12:00 - 15:00 อาคาร 147 ห้อง 80-401,เคมี ลำดับ 25-48,อังคาร 13:00-15:00 ศกฬรับรอง2 (C); ศุกร์ 13:00-15:00 ศกฬรับรอง2 (L)
2569,1,10700307,ทักษะภาษาอังกฤษสำหรับศตวรรษที่ 21,21,60,60,0,W,อาจารย์อรพรรณ สุธาพันธ์,26 ส.ค. 2569 เวลา 12:00 - 15:00 อาคาร 125 ห้อง ศร305 | 26 ส.ค. 2569 เวลา 12:00 - 15:00 อาคาร 147 ห้อง 80-401,22 ต.ค. 2569 เวลา 12:00 - 15:00 อาคาร 147 ห้อง 80-401 | 22 ต.ค. 2569 เวลา 12:00 - 15:00 อาคาร 125 ห้อง ศร305,เกษตรศาสตร์ชั้นปีที่1 ลำดับ 241-300,จันทร์ 13:00-15:00 ศร402 (C); พฤหัสบดี 13:00-15:00 ศร402 (L)
2569,1,10700307,ทักษะภาษาอังกฤษสำหรับศตวรรษที่ 21,22,65,65,0,W,อาจารย์พิมพ์วลัญช์ สิทธิเดช,26 ส.ค. 2569 เวลา 12:00 - 15:00 อาคาร 147 ห้อง 80-402,22 ต.ค. 2569 เวลา 12:00 - 15:00 อาคาร 147 ห้อง 80-402,"เทคโนโลยีสารสนเทศ ลำดับ 61-104, วิศวกรรมพลังงานทดแทน ลำดับ31-51",อังคาร 08:00-10:00 80-406 (C); ศุกร์ 08:00-10:00 80-406 (L)
2569,1,10700307,ทักษะภาษาอังกฤษสำหรับศตวรรษที่ 21,23,60,60,0,W,อาจารย์วัชรียา บำรุงคีรี,26 ส.ค. 2569 เวลา 12:00 - 15:00 อาคาร 147 ห้อง 80-402 | 26 ส.ค. 2569 เวลา 12:00 - 15:00 อาคาร 125 ห้อง ศร402,22 ต.ค. 2569 เวลา 12:00 - 15:00 อาคาร 125 ห้อง ศร402 | 22 ต.ค. 2569 เวลา 12:00 - 15:00 อาคาร 147 ห้อง 80-402,"เกษตรศาสตร์ชั้นปีที่1 ลำดับ 301-320, ฟาร์มอัจฉริยะฯ ลำดับ 1-40",จันทร์ 13:00-15:00 80-409 (C); พฤหัสบดี 13:00-15:00 80-409 (L)
2569,1,10700307,ทักษะภาษาอังกฤษสำหรับศตวรรษที่ 21,24,60,58,2,W,อาจารย์พิมพ์วลัญช์ สิทธิเดช,26 ส.ค. 2569 เวลา 12:00 - 15:00 อาคาร 102 ห้อง สังคม 106,22 ต.ค. 2569 เวลา 12:00 - 15:00 อาคาร 102 ห้อง สังคม 106,,อังคาร 15:00-17:00 80-506 (C); ศุกร์ 15:00-17:00 80-506 (L)
2569,1,10700307,ทักษะภาษาอังกฤษสำหรับศตวรรษที่ 21,25,62,61,1,W,อาจารย์วัชรียา บำรุงคีรี,26 ส.ค. 2569 เวลา 12:00 - 15:00 อาคาร 140 ห้อง EC302,22 ต.ค. 2569 เวลา 12:00 - 15:00 อาคาร 140 ห้อง EC302,"การเงิน ลำดับ 61-117, วิศวกรรมการอนุรักษ์พลังงาน ลำดับ 96-101",อังคาร 15:00-17:00 80-404 (C); ศุกร์ 15:00-17:00 80-404 (C)
2569,1,10700307,ทักษะภาษาอังกฤษสำหรับศตวรรษที่ 21,26,62,60,2,W,ผู้ช่วยศาสตราจารย์สุภาพร มโนวงศ์,26 ส.ค. 2569 เวลา 12:00 - 15:00 อาคาร 140 ห้อง EC303 | 26 ส.ค. 2569 เวลา 12:00 - 15:00 อาคาร 140 ห้อง EC302,22 ต.ค. 2569 เวลา 12:00 - 15:00 อาคาร 140 ห้อง EC302 | 22 ต.ค. 2569 เวลา 12:00 - 15:00 อาคาร 140 ห้อง EC303,วิศวกรรมการอนุรักษ์พลังงาน ลำดับ 1-60,จันทร์ 15:00-17:00 ศร502 (C); พฤหัสบดี 15:00-17:00 ศร502 (L)
2569,1,10700307,ทักษะภาษาอังกฤษสำหรับศตวรรษที่ 21,27,60,60,0,W,อาจารย์พงษ์ศักดิ์ รวมทรัพย์,26 ส.ค. 2569 เวลา 12:00 - 15:00 อาคาร 140 ห้อง EC303,22 ต.ค. 2569 เวลา 12:00 - 15:00 อาคาร 140 ห้อง EC303,การเงิน ลำดับ 1-60,อังคาร 15:00-17:00 80-505 (C); ศุกร์ 15:00-17:00 80-505 (L)
2569,1,10700307,ทักษะภาษาอังกฤษสำหรับศตวรรษที่ 21,28,60,48,12,W,อาจารย์ชนิตสิรี ศุภพิมล,26 ส.ค. 2569 เวลา 12:00 - 15:00 อาคาร 140 ห้อง EC402,22 ต.ค. 2569 เวลา 12:00 - 15:00 อาคาร 140 ห้อง EC402,เฉพาะสาขาภาษาอังกฤษ ลำดับ 1-60 จัดการเรียนการสอนเป็นภาษาอังกฤษ,อังคาร 10:00-12:00 สังคม 211 (C); ศุกร์ 10:00-12:00 สังคม 211 (L)
2569,1,10700307,ทักษะภาษาอังกฤษสำหรับศตวรรษที่ 21,29,60,48,12,W,ผู้ช่วยศาสตราจารย์ ดร.จารุลักษณ์ งามลักษณ์,26 ส.ค. 2569 เวลา 12:00 - 15:00 อาคาร 140 ห้อง EC403,22 ต.ค. 2569 เวลา 12:00 - 15:00 อาคาร 140 ห้อง EC403,เฉพาะสาขาภาษาอังกฤษ ลำดับ 61-120 จัดการเรียนการสอนเป็นภาษาอังกฤษ,อังคาร 10:00-12:00 สังคม 202 (C); ศุกร์ 10:00-12:00 สังคม 202 (L)
2569,1,10700307,ทักษะภาษาอังกฤษสำหรับศตวรรษที่ 21,30,61,59,2,W,อาจารย์พฤนทร สนิทมัจโร,26 ส.ค. 2569 เวลา 12:00 - 15:00 อาคาร 105 ห้อง วิทย์ 2105,22 ต.ค. 2569 เวลา 12:00 - 15:00 อาคาร 105 ห้อง วิทย์ 2105,สาขานิเทศศาสตร์ฯ ลำดับ 1-61,จันทร์ 13:00-15:00 สังคม 202 (C); พฤหัสบดี 13:00-15:00 สังคม 202 (L)
2569,1,10700307,ทักษะภาษาอังกฤษสำหรับศตวรรษที่ 21,31,61,61,0,W,อาจารย์พฤนทร สนิทมัจโร,26 ส.ค. 2569 เวลา 12:00 - 15:00 อาคาร 105 ห้อง วิทย์ 2311,22 ต.ค. 2569 เวลา 12:00 - 15:00 อาคาร 105 ห้อง วิทย์ 2311,สาขานิเทศศาสตร์ฯ ลำดับ 62-122,จันทร์ 17:00-19:00 80-403 (C); พฤหัสบดี 17:00-19:00 80-403 (L)
2569,1,10700307,ทักษะภาษาอังกฤษสำหรับศตวรรษที่ 21,32,62,62,0,W,อาจารย์พรธีรนันท์ จันทร์ผา,26 ส.ค. 2569 เวลา 12:00 - 15:00 อาคาร 142 ห้อง สิงห์พลิน,22 ต.ค. 2569 เวลา 12:00 - 15:00 อาคาร 142 ห้อง สิงห์พลิน,สาขานิเทศศาสตร์ฯ ลำดับ 123-182,พุธ 08:00-10:00 สังคม 202 (C); พุธ 10:00-12:00 สังคม 202 (L)
2569,1,10700307,ทักษะภาษาอังกฤษสำหรับศตวรรษที่ 21,33,60,60,0,W,อาจารย์ ดร.จันทนี กันโฑ,26 ส.ค. 2569 เวลา 12:00 - 15:00 อาคาร 147 ห้อง 80-305 (สำรอง),22 ต.ค. 2569 เวลา 12:00 - 15:00 อาคาร 147 ห้อง 80-305 (สำรอง),การเงินลำดับ 118-156,อังคาร 17:00-19:00 80-410 (C); ศุกร์ 17:00-19:00 80-410 (L)
2569,1,10700307,ทักษะภาษาอังกฤษสำหรับศตวรรษที่ 21,1,40,38,2,W,อาจารย์ศศิมินตรา บุญรักษา,25 ส.ค. 2569 เวลา 09:00 - 12:00 อาคาร 801 ห้อง 302/2 : 801,20 ต.ค. 2569 เวลา 09:00 - 12:00 อาคาร 801 ห้อง 105 : 801 | 20 ต.ค. 2569 เวลา 09:00 - 12:00 อาคาร 801 ห้อง 106 : 801,การป่าไม้ 1-40,จันทร์ 08:00-10:00 S1.LAB : 801 (C); พฤหัสบดี 08:00-10:00 S1.LAB : 801 (L)
2569,1,10700307,ทักษะภาษาอังกฤษสำหรับศตวรรษที่ 21,2,40,40,0,W,อาจารย์ศรีสุดา ทาหาร,25 ส.ค. 2569 เวลา 09:00 - 12:00 อาคาร 801 ห้อง 105 : 801 | 25 ส.ค. 2569 เวลา 09:00 - 12:00 อาคาร 801 ห้อง 106 : 801,20 ต.ค. 2569 เวลา 09:00 - 12:00 อาคาร 801 ห้อง 303/2 : 801,การป่าไม้ 41-80,อังคาร 13:00-15:00 S2.LAB : 801 (C); ศุกร์ 13:00-15:00 114 : 801 (L)
2569,1,10700307,ทักษะภาษาอังกฤษสำหรับศตวรรษที่ 21,3,45,43,2,W,อาจารย์ศรีสุดา ทาหาร,25 ส.ค. 2569 เวลา 09:00 - 12:00 อาคาร 801 ห้อง 107 : 801 | 25 ส.ค. 2569 เวลา 09:00 - 12:00 อาคาร 801 ห้อง 106 : 801,20 ต.ค. 2569 เวลา 09:00 - 12:00 อาคาร 801 ห้อง 303/2 : 801,การป่าไม้ 81-120+2ปีผพ,จันทร์ 08:00-10:00 S2.LAB : 801 (C); พฤหัสบดี 08:00-10:00 S2.LAB : 801 (L)
2569,1,10700307,ทักษะภาษาอังกฤษสำหรับศตวรรษที่ 21,4,43,38,5,W,อาจารย์ศรีสุดา ทาหาร,25 ส.ค. 2569 เวลา 09:00 - 12:00 อาคาร 801 ห้อง 303/2 : 801,20 ต.ค. 2569 เวลา 09:00 - 12:00 อาคาร 801 ห้อง 303/2 : 801,การป่าไม้ 121-161,อังคาร 10:00-12:00 S2.LAB : 801 (C); ศุกร์ 10:00-12:00 S2.LAB : 801 (L)
2569,1,10700307,ทักษะภาษาอังกฤษสำหรับศตวรรษที่ 21,5,60,57,3,W,ผู้ช่วยศาสตราจารย์ ดร.กรรณิการ์ กาญจันดา,25 ส.ค. 2569 เวลา 09:00 - 12:00 อาคาร 801 ห้อง 303/2 : 801,20 ต.ค. 2569 เวลา 09:00 - 12:00 อาคาร 801 ห้อง 302/2 : 801,ผส,จันทร์ 10:00-12:00 115 : 801 (C); พฤหัสบดี 10:00-12:00 208 : 801 (L)
2569,1,10700307,ทักษะภาษาอังกฤษสำหรับศตวรรษที่ 21,6,55,52,3,W,อาจารย์ศศิมินตรา บุญรักษา,25 ส.ค. 2569 เวลา 09:00 - 12:00 อาคาร 801 ห้อง 302/2 : 801,20 ต.ค. 2569 เวลา 09:00 - 12:00 อาคาร 801 ห้อง 302/2 : 801,อป,จันทร์ 13:00-15:00 208 : 801 (C); พฤหัสบดี 13:00-15:00 208 : 801 (L)
2569,1,10700307,ทักษะภาษาอังกฤษสำหรับศตวรรษที่ 21,7,51,50,1,W,อาจารย์ศรีสุดา ทาหาร,25 ส.ค. 2569 เวลา 09:00 - 12:00 อาคาร 801 ห้อง 208 : 801,20 ต.ค. 2569 เวลา 09:00 - 12:00 อาคาร 801 ห้อง 115 : 801 | 20 ต.ค. 2569 เวลา 09:00 - 12:00 อาคาร 801 ห้อง 114 : 801,ผพ+บช+กต+ผพ+กต2ปี,จันทร์ 10:00-12:00 S2.LAB : 801 (C); พฤหัสบดี 10:00-12:00 S2.LAB : 801 (L)
2569,1,10700307,ทักษะภาษาอังกฤษสำหรับศตวรรษที่ 21,8,15,11,4,W,ผู้ช่วยศาสตราจารย์ ดร.กรรณิการ์ กาญจันดา,,21 ต.ค. 2569 เวลา 13:00 - 16:00 อาคาร 801 ห้อง 107 : 801,บช2ปี+กช2ปี,จันทร์ 17:00-21:00 TBA(แพร่) (C)
2569,1,10700308,ภาษาอังกฤษในชีวิตประจำวัน,1,63,63,0,W,อาจารย์ปิยภัทร ชัยชมพู,25 ส.ค. 2569 เวลา 08:00 - 11:00 อาคาร 147 ห้อง 80-301,21 ต.ค. 2569 เวลา 08:00 - 11:00 อาคาร 147 ห้อง 80-301,วิทยาศาสตร์และเทคโนโลยีการอาหาร ลำดับ 1-61,จันทร์ 08:00-10:00 80-303 (C); พฤหัสบดี 08:00-10:00 80-303 (L)
2569,1,10700308,ภาษาอังกฤษในชีวิตประจำวัน,2,60,58,2,W,อาจารย์ชุดาภัค ชัยชมพู,25 ส.ค. 2569 เวลา 08:00 - 11:00 อาคาร 147 ห้อง 80-301,21 ต.ค. 2569 เวลา 08:00 - 11:00 อาคาร 147 ห้อง 80-301,"วิทยาศาสตร์และเทคโนโลยีการอาหาร ลำดับ 62-79, เศรษฐศาสตร์เกษตรฯ ลำดับ 1-42",จันทร์ 08:00-10:00 ศร402 (C); พฤหัสบดี 08:00-10:00 ศร402 (L)
2569,1,10700308,ภาษาอังกฤษในชีวิตประจำวัน,3,60,60,0,W,อาจารย์อัญชนา พรรณรังษี,25 ส.ค. 2569 เวลา 08:00 - 11:00 อาคาร 147 ห้อง 80-401 | 25 ส.ค. 2569 เวลา 08:00 - 11:00 อาคาร 147 ห้อง 80-301,21 ต.ค. 2569 เวลา 08:00 - 11:00 อาคาร 147 ห้อง 80-301 | 21 ต.ค. 2569 เวลา 08:00 - 11:00 อาคาร 147 ห้อง 80-401,,จันทร์ 10:00-12:00 ศร303 (C); พฤหัสบดี 10:00-12:00 ศร303 (L)
2569,1,10700308,ภาษาอังกฤษในชีวิตประจำวัน,4,65,64,1,W,อาจารย์ปิยภัทร ชัยชมพู,25 ส.ค. 2569 เวลา 08:00 - 11:00 อาคาร 125 ห้อง ศร304,21 ต.ค. 2569 เวลา 08:00 - 11:00 อาคาร 125 ห้อง ศร304,พัฒนาการท่องเที่ยว ลำดับ 1-65,อังคาร 13:00-15:00 80-402 (C); ศุกร์ 13:00-15:00 80-402 (L)
2569,1,10700308,ภาษาอังกฤษในชีวิตประจำวัน,5,60,59,1,W,,25 ส.ค. 2569 เวลา 08:00 - 11:00 อาคาร 125 ห้อง ศร304,,พัฒนาการท่องเที่ยว ลำดับ 66-125,จันทร์ 15:00-17:00 ศร402 (C); พฤหัสบดี 15:00-17:00 ศร402 (L)
2569,1,10700308,ภาษาอังกฤษในชีวิตประจำวัน,8,65,56,9,W,อาจารย์วาสิดา สาวงศ์ทะ,25 ส.ค. 2569 เวลา 08:00 - 11:00 อาคาร 147 ห้อง 80-410 | 25 ส.ค. 2569 เวลา 08:00 - 11:00 อาคาร 125 ห้อง ศร304,21 ต.ค. 2569 เวลา 08:00 - 11:00 อาคาร 125 ห้อง ศร304 | 21 ต.ค. 2569 เวลา 08:00 - 11:00 อาคาร 147 ห้อง 80-410,"เศรษฐศาสตร์เกษตรฯ ลำดับ 43-66, วิทยาศาสตร์และเทคโนโลยีการอาหาร ลำดับ 80-93",จันทร์ 08:00-10:00 ศกฬรับรอง2 (C); พฤหัสบดี 08:00-10:00 ศกฬรับรอง2 (L)
2569,1,10700308,ภาษาอังกฤษในชีวิตประจำวัน,9,60,60,0,W,อาจารย์นิลุบล จิตต์มั่น,25 ส.ค. 2569 เวลา 08:00 - 11:00 อาคาร 125 ห้อง ศร403,21 ต.ค. 2569 เวลา 08:00 - 11:00 อาคาร 125 ห้อง ศร403,การจัดการธุรกิจท่องเที่ยวฯ ลำดับ 1-60,อังคาร 08:00-10:00 ศร303 (C); ศุกร์ 08:00-10:00 ศร303 (L)
2569,1,10700308,ภาษาอังกฤษในชีวิตประจำวัน,10,65,58,7,W,อาจารย์สุพิน ลักษณ์นารากุล,25 ส.ค. 2569 เวลา 08:00 - 11:00 อาคาร 125 ห้อง ศร403,21 ต.ค. 2569 เวลา 08:00 - 11:00 อาคาร 125 ห้อง ศร403,"เศรษฐศาสตร์ ลำดับ 1-22, การจัดการธุรกิจท่องเที่ยวฯ ลำดับ 61-83, ผลิตสุกร ลำดับ 1-20",อังคาร 08:00-10:00 ศร401 (C); ศุกร์ 08:00-10:00 ศร401 (L)
2569,1,10700308,ภาษาอังกฤษในชีวิตประจำวัน,11,65,65,0,W,อาจารย์อัญชนา พรรณรังษี,25 ส.ค. 2569 เวลา 08:00 - 11:00 อาคาร 125 ห้อง ศร201_1,21 ต.ค. 2569 เวลา 08:00 - 11:00 อาคาร 125 ห้อง ศร201_1,เศรษฐศาสตร์ ลำดับ 23-87,อังคาร 08:00-10:00 EC403 (C); ศุกร์ 08:00-10:00 EC403 (L)
2569,1,10700308,ภาษาอังกฤษในชีวิตประจำวัน,12,60,7,53,W,อาจารย์นิลุบล จิตต์มั่น,25 ส.ค. 2569 เวลา 08:00 - 11:00 อาคาร 125 ห้อง ศร201_2 | 25 ส.ค. 2569 เวลา 08:00 - 11:00 อาคาร 125 ห้อง ศร201_1,21 ต.ค. 2569 เวลา 08:00 - 11:00 อาคาร 125 ห้อง ศร201_1 | 21 ต.ค. 2569 เวลา 08:00 - 11:00 อาคาร 125 ห้อง ศร201_2,พัฒนาการท่องเที่ยว 1-60,อังคาร 10:00-12:00 80-409 (C); ศุกร์ 10:00-12:00 80-409 (C)
2569,1,10700308,ภาษาอังกฤษในชีวิตประจำวัน,13,60,59,1,W,อาจารย์ปิยภัทร ชัยชมพู,25 ส.ค. 2569 เวลา 08:00 - 11:00 อาคาร 125 ห้อง ศร201_2,21 ต.ค. 2569 เวลา 08:00 - 11:00 อาคาร 125 ห้อง ศร201_2,,อังคาร 10:00-12:00 80-304 (C); ศุกร์ 10:00-12:00 80-304 (L)
2569,1,10700308,ภาษาอังกฤษในชีวิตประจำวัน,14,60,60,0,W,อาจารย์อัญชนา พรรณรังษี,25 ส.ค. 2569 เวลา 08:00 - 11:00 อาคาร 125 ห้อง ศร204 | 25 ส.ค. 2569 เวลา 08:00 - 11:00 อาคาร 125 ห้อง ศร201_2,21 ต.ค. 2569 เวลา 08:00 - 11:00 อาคาร 125 ห้อง ศร201_2 | 21 ต.ค. 2569 เวลา 08:00 - 11:00 อาคาร 125 ห้อง ศร204,นวัตกรรมธุรกิจดิจิทัล 1-60,อังคาร 13:00-15:00 ศร303 (C); ศุกร์ 13:00-15:00 ศร303 (L)
2569,1,10700308,ภาษาอังกฤษในชีวิตประจำวัน,15,60,59,1,W,อาจารย์เพชรรัตน์ ศรีนุต,25 ส.ค. 2569 เวลา 08:00 - 11:00 อาคาร 125 ห้อง ศร204,21 ต.ค. 2569 เวลา 08:00 - 11:00 อาคาร 125 ห้อง ศร204,การตลาด ลำดับ 1-60,จันทร์ 10:00-12:00 สังคม 209 (C); พฤหัสบดี 10:00-12:00 สังคม 209 (L)
2569,1,10700308,ภาษาอังกฤษในชีวิตประจำวัน,16,60,60,0,W,ผู้ช่วยศาสตราจารย์หทยา อนันต์สุชาติกุล,25 ส.ค. 2569 เวลา 08:00 - 11:00 อาคาร 125 ห้อง ศร204 | 25 ส.ค. 2569 เวลา 08:00 - 11:00 อาคาร 125 ห้อง ศร302,21 ต.ค. 2569 เวลา 08:00 - 11:00 อาคาร 125 ห้อง ศร302 | 21 ต.ค. 2569 เวลา 08:00 - 11:00 อาคาร 125 ห้อง ศร204,นวัตกรรมธุรกิจค้าปลีกสมัยใหม่ ลำดับ 1-60,อังคาร 15:00-17:00 ศร303 (C); ศุกร์ 15:00-17:00 ศร303 (L)
2569,1,10700308,ภาษาอังกฤษในชีวิตประจำวัน,17,60,60,0,W,อาจารย์นิลุบล จิตต์มั่น,25 ส.ค. 2569 เวลา 08:00 - 11:00 อาคาร 125 ห้อง ศร306 | 25 ส.ค. 2569 เวลา 08:00 - 11:00 อาคาร 125 ห้อง ศร302,21 ต.ค. 2569 เวลา 08:00 - 11:00 อาคาร 125 ห้อง ศร302 | 21 ต.ค. 2569 เวลา 08:00 - 11:00 อาคาร 125 ห้อง ศร306,การประมงฯ ลำดับ 1-60,จันทร์ 15:00-17:00 ศกฬ เรียน1 (C); พฤหัสบดี 15:00-17:00 ศกฬ เรียน1 (L)
2569,1,10700308,ภาษาอังกฤษในชีวิตประจำวัน,18,60,57,3,W,อาจารย์อนุลักษณ์ ปิงยศ,25 ส.ค. 2569 เวลา 08:00 - 11:00 อาคาร 125 ห้อง ศร306 | 25 ส.ค. 2569 เวลา 08:00 - 11:00 อาคาร 125 ห้อง ศร401,21 ต.ค. 2569 เวลา 08:00 - 11:00 อาคาร 125 ห้อง ศร401 | 21 ต.ค. 2569 เวลา 08:00 - 11:00 อาคาร 125 ห้อง ศร306,,จันทร์ 15:00-17:00 ศร305 (C); พฤหัสบดี 15:00-17:00 ศร305 (L)
2569,1,10700308,ภาษาอังกฤษในชีวิตประจำวัน,19,60,48,12,W,อาจารย์ ดร.พิสิษฐ์ โรจน์คณรัชต์,25 ส.ค. 2569 เวลา 08:00 - 11:00 อาคาร 125 ห้อง ศร401,21 ต.ค. 2569 เวลา 08:00 - 11:00 อาคาร 125 ห้อง ศร401,พัฒนาการท่องเที่ยว 61-72,จันทร์ 17:00-19:00 80-408 (C); พฤหัสบดี 17:00-19:00 80-408 (L)
2569,1,10700308,ภาษาอังกฤษในชีวิตประจำวัน,20,60,48,12,W,อาจารย์สิริน ไทยตรง,25 ส.ค. 2569 เวลา 08:00 - 11:00 อาคาร 125 ห้อง ศร402 | 25 ส.ค. 2569 เวลา 08:00 - 11:00 อาคาร 125 ห้อง ศร401,21 ต.ค. 2569 เวลา 08:00 - 11:00 อาคาร 125 ห้อง ศร401 | 21 ต.ค. 2569 เวลา 08:00 - 11:00 อาคาร 125 ห้อง ศร402,วิศวกรรมเกษตรสมัยใหม่ ลำดับ 1-60,อังคาร 15:00-17:00 80-305 (สำรอง) (C); ศุกร์ 15:00-17:00 80-305 (สำรอง) (L)
2569,1,10700308,ภาษาอังกฤษในชีวิตประจำวัน,21,60,60,0,W,อาจารย์สุพิน ลักษณ์นารากุล,25 ส.ค. 2569 เวลา 08:00 - 11:00 อาคาร 102 ห้อง สังคม 106,21 ต.ค. 2569 เวลา 08:00 - 11:00 อาคาร 102 ห้อง สังคม 106,การส่งเสริมและสื่อสารเกษตร ลำดับ 61-89,จันทร์ 13:00-15:00 80-503 (C); พฤหัสบดี 13:00-15:00 80-503 (L)
2569,1,10700308,ภาษาอังกฤษในชีวิตประจำวัน,22,60,60,0,W,อาจารย์อรพรรณ สุธาพันธ์,25 ส.ค. 2569 เวลา 08:00 - 11:00 อาคาร 147 ห้อง 80-305 (สำรอง),21 ต.ค. 2569 เวลา 08:00 - 11:00 อาคาร 147 ห้อง 80-305 (สำรอง),การสื่อสารดิจิทัล ลำดับ 1-60,จันทร์ 15:00-17:00 80-504 (C); พฤหัสบดี 15:00-17:00 80-504 (L)
2569,1,10700308,ภาษาอังกฤษในชีวิตประจำวัน,23,60,60,0,W,อาจารย์เพชรรัตน์ ศรีนุต,25 ส.ค. 2569 เวลา 08:00 - 11:00 อาคาร 147 ห้อง 80-406,21 ต.ค. 2569 เวลา 08:00 - 11:00 อาคาร 147 ห้อง 80-406,การสื่อสารดิจิทัล ลำดับ 61-120,จันทร์ 15:00-17:00 80-503 (C); พฤหัสบดี 15:00-17:00 80-503 (L)
2569,1,10700308,ภาษาอังกฤษในชีวิตประจำวัน,24,60,59,1,W,อาจารย์พฤนทร สนิทมัจโร,25 ส.ค. 2569 เวลา 08:00 - 11:00 อาคาร 147 ห้อง 80-402,21 ต.ค. 2569 เวลา 08:00 - 11:00 อาคาร 147 ห้อง 80-402,การสื่อสารดิจิทัล ลำดับ 121-180,จันทร์ 15:00-17:00 80-404 (C); พฤหัสบดี 15:00-17:00 80-404 (L)
2569,1,10700308,ภาษาอังกฤษในชีวิตประจำวัน,25,60,57,3,W,อาจารย์จิณัฐญ์ตา ธงสิบสอง,25 ส.ค. 2569 เวลา 08:00 - 11:00 อาคาร 147 ห้อง 80-501 | 25 ส.ค. 2569 เวลา 08:00 - 11:00 อาคาร 147 ห้อง 80-402,21 ต.ค. 2569 เวลา 08:00 - 11:00 อาคาร 147 ห้อง 80-402 | 21 ต.ค. 2569 เวลา 08:00 - 11:00 อาคาร 147 ห้อง 80-501,"การประมงฯ ลำดับ 61-99, การสื่อสารดิจิทัล ลำดับ 181-200",จันทร์ 15:00-17:00 80-304 (C); พฤหัสบดี 15:00-17:00 80-304 (L)
2569,1,10700308,ภาษาอังกฤษในชีวิตประจำวัน,26,61,60,1,W,อาจารย์วาสิดา สาวงศ์ทะ,25 ส.ค. 2569 เวลา 08:00 - 11:00 อาคาร 147 ห้อง 80-501,21 ต.ค. 2569 เวลา 08:00 - 11:00 อาคาร 147 ห้อง 80-501,,จันทร์ 10:00-12:00 ศกฬรับรอง2 (C); พฤหัสบดี 10:00-12:00 ศกฬรับรอง2 (L)
2569,1,10700308,ภาษาอังกฤษในชีวิตประจำวัน,27,60,59,1,W,อาจารย์ปิยธิดา ชัยวงค์,25 ส.ค. 2569 เวลา 08:00 - 11:00 อาคาร 147 ห้อง 80-502,21 ต.ค. 2569 เวลา 08:00 - 11:00 อาคาร 147 ห้อง 80-502,การตลาด ลำดับ 61-120,จันทร์ 10:00-12:00 ศร502 (C); พฤหัสบดี 10:00-12:00 ศร502 (L)
2569,1,10700308,ภาษาอังกฤษในชีวิตประจำวัน,28,60,60,0,W,อาจารย์นิลุบล จิตต์มั่น,25 ส.ค. 2569 เวลา 08:00 - 11:00 อาคาร 147 ห้อง 80-503 | 25 ส.ค. 2569 เวลา 08:00 - 11:00 อาคาร 147 ห้อง 80-502,21 ต.ค. 2569 เวลา 08:00 - 11:00 อาคาร 147 ห้อง 80-502 | 21 ต.ค. 2569 เวลา 08:00 - 11:00 อาคาร 147 ห้อง 80-503,การตลาด ลำดับ 121-180,จันทร์ 08:00-10:00 80-409 (C); พฤหัสบดี 08:00-10:00 80-409 (L)
2569,1,10700308,ภาษาอังกฤษในชีวิตประจำวัน,29,60,59,1,W,อาจารย์ชุดาภัค ชัยชมพู,25 ส.ค. 2569 เวลา 08:00 - 11:00 อาคาร 147 ห้อง 80-504 | 25 ส.ค. 2569 เวลา 08:00 - 11:00 อาคาร 147 ห้อง 80-503,21 ต.ค. 2569 เวลา 08:00 - 11:00 อาคาร 147 ห้อง 80-503 | 21 ต.ค. 2569 เวลา 08:00 - 11:00 อาคาร 147 ห้อง 80-504,การตลาด ลำดับ 181-240,อังคาร 10:00-12:00 สังคม 106 (C); ศุกร์ 10:00-12:00 สังคม 106 (L)
2569,1,10700308,ภาษาอังกฤษในชีวิตประจำวัน,30,65,60,5,W,อาจารย์ชุดาภัค ชัยชมพู,25 ส.ค. 2569 เวลา 08:00 - 11:00 อาคาร 147 ห้อง 80-504 | 25 ส.ค. 2569 เวลา 08:00 - 11:00 อาคาร 147 ห้อง 80-403,21 ต.ค. 2569 เวลา 08:00 - 11:00 อาคาร 147 ห้อง 80-403 | 21 ต.ค. 2569 เวลา 08:00 - 11:00 อาคาร 147 ห้อง 80-504,"เทคโนโลยีสื่อฯ ลำดับ 121-131, 2 ปี เทคโนโลยีสื่อฯ 46-54, การตลาด 301-309, นวัตกรรมธุรกิจฯ 61-92",อังคาร 13:00-15:00 ศร204 (C); ศุกร์ 13:00-15:00 ศร204 (C)
2569,1,10700308,ภาษาอังกฤษในชีวิตประจำวัน,31,60,58,2,W,อาจารย์อนุลักษณ์ ปิงยศ,25 ส.ค. 2569 เวลา 08:00 - 11:00 อาคาร 147 ห้อง 80-403 | 25 ส.ค. 2569 เวลา 08:00 - 11:00 อาคาร 147 ห้อง 80-404,21 ต.ค. 2569 เวลา 08:00 - 11:00 อาคาร 147 ห้อง 80-404 | 21 ต.ค. 2569 เวลา 08:00 - 11:00 อาคาร 147 ห้อง 80-403,สาขาเทคโนโลยีสื่อเพื่อเศรษฐกิจสร้างสรรค์ ลำดับที่ 1-60,อังคาร 13:00-15:00 80-505 (C); ศุกร์ 13:00-15:00 80-505 (L)
2569,1,10700308,ภาษาอังกฤษในชีวิตประจำวัน,32,60,57,3,W,อาจารย์เพชรรัตน์ ศรีนุต,25 ส.ค. 2569 เวลา 08:00 - 11:00 อาคาร 147 ห้อง 80-404 | 25 ส.ค. 2569 เวลา 08:00 - 11:00 อาคาร 147 ห้อง 80-303,21 ต.ค. 2569 เวลา 08:00 - 11:00 อาคาร 147 ห้อง 80-303 | 21 ต.ค. 2569 เวลา 08:00 - 11:00 อาคาร 147 ห้อง 80-404,สาขาเทคโนโลยีสื่อเพื่อเศรษฐกิจสร้างสรรค์ ลำดับที่ 61-120,อังคาร 13:00-15:00 80-406 (C); ศุกร์ 13:00-15:00 80-406 (L)
2569,1,10700308,ภาษาอังกฤษในชีวิตประจำวัน,33,65,65,0,W,อาจารย์พรนิภา บรรจงมณี,25 ส.ค. 2569 เวลา 08:00 - 11:00 อาคาร 147 ห้อง 80-303 | 25 ส.ค. 2569 เวลา 08:00 - 11:00 อาคาร 147 ห้อง 80-507,21 ต.ค. 2569 เวลา 08:00 - 11:00 อาคาร 147 ห้อง 80-507 | 21 ต.ค. 2569 เวลา 08:00 - 11:00 อาคาร 147 ห้อง 80-303,"เศรษฐศาสตร์ ลำดับ 88-112, เศรษฐศาสตร์ดิจิทัลฯ ลำดับ 1-40",พุธ 08:00-10:00 80-406 (C); พุธ 10:00-12:00 80-406 (L)
2569,1,10700308,ภาษาอังกฤษในชีวิตประจำวัน,34,60,59,1,W,อาจารย์ปิยธิดา ชัยวงค์,25 ส.ค. 2569 เวลา 08:00 - 11:00 อาคาร 105 ห้อง วิทย์ 2507/1,21 ต.ค. 2569 เวลา 08:00 - 11:00 อาคาร 105 ห้อง วิทย์ 2507/1,การส่งเสริมและสื่อสารเกษตร ลำดับ 1-60,จันทร์ 13:00-15:00 80-303 (C); พฤหัสบดี 13:00-15:00 80-303 (L)
2569,1,10700308,ภาษาอังกฤษในชีวิตประจำวัน,35,60,60,0,W,อาจารย์ปิยภัทร ชัยชมพู,25 ส.ค. 2569 เวลา 08:00 - 11:00 อาคาร 105 ห้อง วิทย์ 2507/2,21 ต.ค. 2569 เวลา 08:00 - 11:00 อาคาร 105 ห้อง วิทย์ 2507/2,"เทคนิคการสัตวแพทย์ฯ ลำดับ 61-107, ผลิตสุกร ลำดับ 21-22, เศรษฐศาสตร์ ระหว่างประเทศ 61-70",อังคาร 08:00-10:00 ศร502 (C); ศุกร์ 08:00-10:00 ศร502 (L)
2569,1,10700308,ภาษาอังกฤษในชีวิตประจำวัน,36,60,54,6,W,อาจารย์สิริน ไทยตรง,25 ส.ค. 2569 เวลา 08:00 - 11:00 อาคาร 107 ห้อง BA 301,21 ต.ค. 2569 เวลา 08:00 - 11:00 อาคาร 107 ห้อง BA 301,,จันทร์ 10:00-12:00 ศร402 (C); พฤหัสบดี 10:00-12:00 ศร402 (L)
2569,1,10700308,ภาษาอังกฤษในชีวิตประจำวัน,37,60,60,0,W,อาจารย์อรพรรณ สุธาพันธ์,25 ส.ค. 2569 เวลา 08:00 - 11:00 อาคาร 105 ห้อง วิทย์ 2105,21 ต.ค. 2569 เวลา 08:00 - 11:00 อาคาร 105 ห้อง วิทย์ 2105,เศรษฐศาสตร์ดิจิทัลฯ ลำดับ 41-100,พุธ 08:00-10:00 80-505 (C); พุธ 10:00-12:00 80-505 (L)
2569,1,10700308,ภาษาอังกฤษในชีวิตประจำวัน,38,60,57,3,W,อาจารย์สุพิน ลักษณ์นารากุล,25 ส.ค. 2569 เวลา 08:00 - 11:00 อาคาร 105 ห้อง วิทย์ 2311 | 25 ส.ค. 2569 เวลา 08:00 - 11:00 อาคาร 105 ห้อง วิทย์ 2105,21 ต.ค. 2569 เวลา 08:00 - 11:00 อาคาร 105 ห้อง วิทย์ 2105 | 21 ต.ค. 2569 เวลา 08:00 - 11:00 อาคาร 105 ห้อง วิทย์ 2311,หลักสูตร 2 ปี สาขาเทคโนโลยีสื่อฯ ลำดับ 1-45,อังคาร 10:00-12:00 80-404 (C); ศุกร์ 10:00-12:00 80-404 (L)
2569,1,10700308,ภาษาอังกฤษในชีวิตประจำวัน,39,60,58,2,W,อาจารย์ชุดาภัค ชัยชมพู,25 ส.ค. 2569 เวลา 08:00 - 11:00 อาคาร 105 ห้อง วิทย์ 2311 | 25 ส.ค. 2569 เวลา 08:00 - 11:00 อาคาร 107 ห้อง BA 305,21 ต.ค. 2569 เวลา 08:00 - 11:00 อาคาร 105 ห้อง วิทย์ 2311 | 21 ต.ค. 2569 เวลา 08:00 - 11:00 อาคาร 107 ห้อง BA 305,เทคนิคการสัตวแพทย์ฯ ลำดับ 1-60,อังคาร 08:00-10:00 ศร402 (C); ศุกร์ 08:00-10:00 ศร402 (L)
2569,1,10700308,ภาษาอังกฤษในชีวิตประจำวัน,40,60,48,12,W,อาจารย์เพชรรัตน์ ศรีนุต,25 ส.ค. 2569 เวลา 08:00 - 11:00 อาคาร 107 ห้อง BA 305 | 25 ส.ค. 2569 เวลา 08:00 - 11:00 อาคาร 107 ห้อง BA 501,21 ต.ค. 2569 เวลา 08:00 - 11:00 อาคาร 107 ห้อง BA 501 | 21 ต.ค. 2569 เวลา 08:00 - 11:00 อาคาร 107 ห้อง BA 305,"เทคโนโลยีสื่อฯ ลำดับ 132-150, วิศวกรรมเกษตรสมัยใหม่ ลำดับ 61-70,ค้าปลีก ลำดับ 61-80,ส่งเสริม90-97",อังคาร 15:00-17:00 80-507 (C); ศุกร์ 15:00-17:00 80-507 (L)
2569,1,10700308,ภาษาอังกฤษในชีวิตประจำวัน,41,60,60,0,W,อาจารย์ปิยธิดา ชัยวงค์,25 ส.ค. 2569 เวลา 08:00 - 11:00 อาคาร 107 ห้อง BA 501 | 25 ส.ค. 2569 เวลา 08:00 - 11:00 อาคาร 107 ห้อง BA 503,21 ต.ค. 2569 เวลา 08:00 - 11:00 อาคาร 107 ห้อง BA 501 | 21 ต.ค. 2569 เวลา 08:00 - 11:00 อาคาร 107 ห้อง BA 503,การตลาด ลำดับ 241-300,อังคาร 10:00-12:00 สังคม 207 (C); ศุกร์ 10:00-12:00 สังคม 207 (L)
2569,1,10700308,ภาษาอังกฤษในชีวิตประจำวัน,42,60,57,3,W,อาจารย์ฐิติรัตน์ ถนอมสิงห์,25 ส.ค. 2569 เวลา 08:00 - 11:00 อาคาร 110 ห้อง ศกฬ เรียน1 | 25 ส.ค. 2569 เวลา 08:00 - 11:00 อาคาร 107 ห้อง BA 503,21 ต.ค. 2569 เวลา 08:00 - 11:00 อาคาร 107 ห้อง BA 503 | 21 ต.ค. 2569 เวลา 08:00 - 11:00 อาคาร 110 ห้อง ศกฬ เรียน1,เทคโนโลยีหลังการเก็บเกี่ยว ลำดับ 49-76,จันทร์ 17:00-19:00 80-304 (C); พฤหัสบดี 17:00-19:00 80-304 (L)
2569,1,10700308,ภาษาอังกฤษในชีวิตประจำวัน,43,65,64,1,W,อาจารย์สิริน ไทยตรง,25 ส.ค. 2569 เวลา 08:00 - 11:00 อาคาร 110 ห้อง ศกฬ เรียน2 | 25 ส.ค. 2569 เวลา 08:00 - 11:00 อาคาร 110 ห้อง ศกฬ เรียน1,21 ต.ค. 2569 เวลา 08:00 - 11:00 อาคาร 110 ห้อง ศกฬ เรียน1 | 21 ต.ค. 2569 เวลา 08:00 - 11:00 อาคาร 110 ห้อง ศกฬ เรียน2,"วิทยาการคอมพิวเตอร์ 61-83, เอกสื่อสารดิจิทัล ลำดับ 201-238",อังคาร 17:00-19:00 80-305 (สำรอง) (C); ศุกร์ 17:00-19:00 80-305 (สำรอง) (L)
2569,1,10700308,ภาษาอังกฤษในชีวิตประจำวัน,44,60,56,4,W,ผู้ช่วยศาสตราจารย์ปัณณภัสร์ ปัญญาคม,25 ส.ค. 2569 เวลา 08:00 - 11:00 อาคาร 110 ห้อง ศกฬรับรอง2,21 ต.ค. 2569 เวลา 08:00 - 11:00 อาคาร 110 ห้อง ศกฬรับรอง2,เทคโนโลยีสื่อเพื่อเศรษฐกิจสร้างสรรค์ ลำดับที่ 151-210,อังคาร 17:00-19:00 80-408 (C); ศุกร์ 17:00-19:00 80-408 (L)
2569,1,10700308,ภาษาอังกฤษในชีวิตประจำวัน,45,60,59,1,W,ผู้ช่วยศาสตราจารย์เกิดศิริ ชมภูกาวิน,25 ส.ค. 2569 เวลา 08:00 - 11:00 อาคาร 140 ห้อง EC303,21 ต.ค. 2569 เวลา 08:00 - 11:00 อาคาร 140 ห้อง EC303,การจัดการธุรท่องเที่ยว ลำดับ 84-135,อังคาร 17:00-19:00 80-409 (C); ศุกร์ 17:00-19:00 80-409 (L)
2569,1,10700308,ภาษาอังกฤษในชีวิตประจำวัน,46,65,59,6,W,อาจารย์อนุลักษณ์ ปิงยศ,25 ส.ค. 2569 เวลา 08:00 - 11:00 อาคาร 140 ห้อง EC402 | 25 ส.ค. 2569 เวลา 08:00 - 11:00 อาคาร 140 ห้อง EC303,21 ต.ค. 2569 เวลา 08:00 - 11:00 อาคาร 140 ห้อง EC402 | 21 ต.ค. 2569 เวลา 08:00 - 11:00 อาคาร 140 ห้อง EC303,,อังคาร 10:00-12:00 สิงห์ปราชญ์ (C); ศุกร์ 10:00-12:00 สิงห์ปราชญ์ (L)
2569,1,10700308,ภาษาอังกฤษในชีวิตประจำวัน,1,20,17,3,W,อาจารย์ ดร.วรรณอุบล สิงห์อยู่เจริญ,25 ส.ค. 2569 เวลา 09:00 - 12:00 อาคาร 801 ห้อง 114 : 801,20 ต.ค. 2569 เวลา 09:00 - 12:00 อาคาร 801 ห้อง 107 : 801,ทท,จันทร์ 08:00-10:00 106 : 801 (C); พฤหัสบดี 08:00-10:00 106 : 801 (L)
2569,1,10700308,ภาษาอังกฤษในชีวิตประจำวัน,1,66,59,7,W,อาจารย์อนณ ประชานิยม,25 ส.ค. 2569 เวลา 13:00 - 16:00 อาคาร 716 ห้อง 308,,,จันทร์ 13:00-15:00 308 (C); พฤหัสบดี 13:00-15:00 308 (L)
2569,1,10700309,สนทนาภาษาอังกฤษ,1,45,45,0,W,อาจารย์จิณัฐญ์ตา ธงสิบสอง,27 ส.ค. 2569 เวลา 08:00 - 11:00 อาคาร 147 ห้อง 80-401,19 ต.ค. 2569 เวลา 15:30 - 18:30 อาคาร 125 ห้อง ศร304,รัฐประศาสนศาสตร์ ลำดับ 1-45,จันทร์ 10:00-12:00 SAS301 (C); พฤหัสบดี 10:00-12:00 SAS301 (L)
2569,1,10700309,สนทนาภาษาอังกฤษ,2,45,44,1,W,ผู้ช่วยศาสตราจารย์ดาราณี ชุมทอง,27 ส.ค. 2569 เวลา 08:00 - 11:00 อาคาร 147 ห้อง 80-401,19 ต.ค. 2569 เวลา 15:30 - 18:30 อาคาร 125 ห้อง ศร304,รัฐประศาสนศาสตร์ ลำดับ 46-90,จันทร์ 10:00-12:00 80-410 (C); พฤหัสบดี 10:00-12:00 80-410 (L)
2569,1,10700309,สนทนาภาษาอังกฤษ,3,45,45,0,W,อาจารย์ภาคศิริ ปั้นลี้ ทองเสน,27 ส.ค. 2569 เวลา 08:00 - 11:00 อาคาร 147 ห้อง 80-402,19 ต.ค. 2569 เวลา 15:30 - 18:30 อาคาร 125 ห้อง ศร304,"รัฐประศาสนศาสตร์ ลำดับ 91-122, เศรษฐศาสตร์ ลำดับ 91-100",อังคาร 10:00-12:00 80-408 (C); ศุกร์ 10:00-12:00 80-408 (C)
2569,1,10700309,สนทนาภาษาอังกฤษ,4,45,45,0,W,อาจารย์จิณัฐญ์ตา ธงสิบสอง,27 ส.ค. 2569 เวลา 08:00 - 11:00 อาคาร 147 ห้อง 80-402,19 ต.ค. 2569 เวลา 15:30 - 18:30 อาคาร 147 ห้อง 80-301,เศรษฐศาสตร์ ลำดับ 1-45,จันทร์ 08:00-10:00 ศร305 (C); พฤหัสบดี 08:00-10:00 ศร305 (L)
2569,1,10700309,สนทนาภาษาอังกฤษ,5,45,44,1,W,ผู้ช่วยศาสตราจารย์ดาราณี ชุมทอง,27 ส.ค. 2569 เวลา 08:00 - 11:00 อาคาร 125 ห้อง ศร302,19 ต.ค. 2569 เวลา 15:30 - 18:30 อาคาร 147 ห้อง 80-301,เศรษฐศาสตร์ ลำดับ 46-90,จันทร์ 08:00-10:00 80-506 (C); พฤหัสบดี 08:00-10:00 80-506 (L)
2569,1,10700309,สนทนาภาษาอังกฤษ,6,34,34,0,W,อาจารย์ภาคศิริ ปั้นลี้ ทองเสน,27 ส.ค. 2569 เวลา 08:00 - 11:00 อาคาร 125 ห้อง ศร302,19 ต.ค. 2569 เวลา 15:30 - 18:30 อาคาร 147 ห้อง 80-301,,อังคาร 15:00-17:00 สังคม 211 (C); ศุกร์ 15:00-17:00 สังคม 211 (L)
2569,1,10700309,สนทนาภาษาอังกฤษ,7,45,44,1,W,อาจารย์อัศนีย์ นันทชัยพันธ์,27 ส.ค. 2569 เวลา 08:00 - 11:00 อาคาร 147 ห้อง 80-501,19 ต.ค. 2569 เวลา 15:30 - 18:30 อาคาร 147 ห้อง 80-301 | 19 ต.ค. 2569 เวลา 15:30 - 18:30 อาคาร 125 ห้อง ศร201_1,เทคโนโลยีสารสนเทศ ลำดับ 1-45,อังคาร 08:00-10:00 80-506 (C); ศุกร์ 08:00-10:00 80-506 (L)
2569,1,10700309,สนทนาภาษาอังกฤษ,8,45,45,0,W,ผู้ช่วยศาสตราจารย์ดาราณี ชุมทอง,27 ส.ค. 2569 เวลา 08:00 - 11:00 อาคาร 147 ห้อง 80-501,19 ต.ค. 2569 เวลา 15:30 - 18:30 อาคาร 125 ห้อง ศร201_1,เทคโนโลยีสารสนเทศ ลำดับ 46-87,อังคาร 08:00-10:00 80-507 (C); ศุกร์ 08:00-10:00 80-507 (L)
2569,1,10700309,สนทนาภาษาอังกฤษ,9,45,45,0,W,MissMaria Liselle D.Flipphi,27 ส.ค. 2569 เวลา 08:00 - 11:00 อาคาร 147 ห้อง 80-502,19 ต.ค. 2569 เวลา 15:30 - 18:30 อาคาร 125 ห้อง ศร201_1,รัฐศาสตร์ ลำดับ 1-45,จันทร์ 15:00-17:00 80-408 (C); พฤหัสบดี 15:00-17:00 80-408 (L)
2569,1,10700309,สนทนาภาษาอังกฤษ,10,45,45,0,W,อาจารย์ภาคศิริ ปั้นลี้ ทองเสน,27 ส.ค. 2569 เวลา 08:00 - 11:00 อาคาร 147 ห้อง 80-502,19 ต.ค. 2569 เวลา 15:30 - 18:30 อาคาร 125 ห้อง ศร204 | 19 ต.ค. 2569 เวลา 15:30 - 18:30 อาคาร 125 ห้อง ศร201_1,รัฐศาสตร์ ลำดับ 46-90,จันทร์ 15:00-17:00 สังคม 202 (C); พฤหัสบดี 15:00-17:00 สังคม 202 (L)
2569,1,10700309,สนทนาภาษาอังกฤษ,11,49,49,0,W,ผู้ช่วยศาสตราจารย์ดาราณี ชุมทอง,27 ส.ค. 2569 เวลา 08:00 - 11:00 อาคาร 125 ห้อง ศร401,19 ต.ค. 2569 เวลา 15:30 - 18:30 อาคาร 125 ห้อง ศร204,"เศรษฐศาสตร์ ลำดับ 101-110, รัฐศาสตร์ ลำดับ 91-118",พุธ 08:00-10:00 80-403 (C); พุธ 10:00-12:00 80-403 (L)
2569,1,10700309,สนทนาภาษาอังกฤษ,12,45,28,17,W,อาจารย์พรธีรนันท์ จันทร์ผา,27 ส.ค. 2569 เวลา 08:00 - 11:00 อาคาร 125 ห้อง ศร401,19 ต.ค. 2569 เวลา 15:30 - 18:30 อาคาร 125 ห้อง ศร302,ปี 2 การจัดการธุรกิจท่องเที่ยวและบริการ ลำดับ 1-45,อังคาร 15:00-17:00 80-304 (C); ศุกร์ 15:00-17:00 80-304 (L)
2569,1,10700309,สนทนาภาษาอังกฤษ,13,45,30,15,W,อาจารย์อัศนีย์ นันทชัยพันธ์,27 ส.ค. 2569 เวลา 08:00 - 11:00 อาคาร 125 ห้อง ศร303,19 ต.ค. 2569 เวลา 15:30 - 18:30 อาคาร 125 ห้อง ศร302,ปี 2 การจัดการธุรกิจท่องเที่ยวและบริการ ลำดับ 46-55,อังคาร 15:00-17:00 ศร305 (C); ศุกร์ 15:00-17:00 ศร305 (C)
2569,1,10700309,สนทนาภาษาอังกฤษ,1,10,3,7,W,อาจารย์ศศิมินตรา บุญรักษา,25 ส.ค. 2569 เวลา 09:00 - 12:00 อาคาร 801 ห้อง 115 : 801,20 ต.ค. 2569 เวลา 09:00 - 12:00 อาคาร 801 ห้อง 115 : 801,,อังคาร 13:00-15:00 207 : 801 (C); ศุกร์ 13:00-15:00 S1.LAB : 801 (L)
2569,1,10700310,ภาษาอังกฤษเบื้องต้นสำหรับธุรกิจและสตาร์ทอัพ,1,60,43,17,W,อาจารย์ภัทธีรา อินใจ,30 ส.ค. 2569 เวลา 12:00 - 15:00 อาคาร 147 ห้อง 80-301,28 ต.ค. 2569 เวลา 12:00 - 15:00 อาคาร 125 ห้อง ศร201_1,,จันทร์ 08:00-10:00 80-505 (C); พฤหัสบดี 08:00-10:00 80-505 (L)
2569,1,10700310,ภาษาอังกฤษเบื้องต้นสำหรับธุรกิจและสตาร์ทอัพ,2,60,60,0,W,อาจารย์อนุลักษณ์ ปิงยศ,30 ส.ค. 2569 เวลา 12:00 - 15:00 อาคาร 147 ห้อง 80-301,28 ต.ค. 2569 เวลา 12:00 - 15:00 อาคาร 125 ห้อง ศร201_1,,จันทร์ 17:00-19:00 80-303 (C); พฤหัสบดี 17:00-19:00 80-303 (L)
2569,1,10700310,ภาษาอังกฤษเบื้องต้นสำหรับธุรกิจและสตาร์ทอัพ,3,60,60,0,W,ผู้ช่วยศาสตราจารย์ปัณณภัสร์ ปัญญาคม,30 ส.ค. 2569 เวลา 12:00 - 15:00 อาคาร 125 ห้อง ศร403 | 30 ส.ค. 2569 เวลา 12:00 - 15:00 อาคาร 147 ห้อง 80-301,28 ต.ค. 2569 เวลา 12:00 - 15:00 อาคาร 147 ห้อง 80-410 | 28 ต.ค. 2569 เวลา 12:00 - 15:00 อาคาร 125 ห้อง ศร201_1,,จันทร์ 17:00-19:00 80-505 (C); พฤหัสบดี 17:00-19:00 80-505 (L)
2569,1,10700310,ภาษาอังกฤษเบื้องต้นสำหรับธุรกิจและสตาร์ทอัพ,4,60,59,1,W,อาจารย์ภัทธีรา อินใจ,30 ส.ค. 2569 เวลา 12:00 - 15:00 อาคาร 125 ห้อง ศร403,28 ต.ค. 2569 เวลา 12:00 - 15:00 อาคาร 125 ห้อง ศร201_2,"วิทยาศาสตร์และเทคโนโลยีการอาหาร ลำดับ 1-21, นวัตกรรมธุรกิจดิจิทัล ลำดับ 61-65",จันทร์ 10:00-12:00 ศร305 (C); พฤหัสบดี 10:00-12:00 ศร305 (L)
2569,1,10700310,ภาษาอังกฤษเบื้องต้นสำหรับธุรกิจและสตาร์ทอัพ,5,60,60,0,W,อาจารย์ ดร.ศิริรัตน์ เขื่อนแก้ว,30 ส.ค. 2569 เวลา 12:00 - 15:00 อาคาร 125 ห้อง ศร403 | 30 ส.ค. 2569 เวลา 12:00 - 15:00 อาคาร 125 ห้อง ศร304,28 ต.ค. 2569 เวลา 12:00 - 15:00 อาคาร 125 ห้อง ศร201_2,วิทยาศาสตร์และเทคโนโลยีการอาหาร ลำดับ 22-41,จันทร์ 10:00-12:00 80-404 (C); พฤหัสบดี 10:00-12:00 80-404 (L)
2569,1,10700310,ภาษาอังกฤษเบื้องต้นสำหรับธุรกิจและสตาร์ทอัพ,6,60,58,2,W,อาจารย์รงรวง ภาษยะวรรณ,30 ส.ค. 2569 เวลา 12:00 - 15:00 อาคาร 125 ห้อง ศร304,28 ต.ค. 2569 เวลา 12:00 - 15:00 อาคาร 125 ห้อง ศร403,การตลาด ลำดับ 1-60,จันทร์ 10:00-12:00 80-304 (C); พฤหัสบดี 10:00-12:00 80-304 (L)
2569,1,10700310,ภาษาอังกฤษเบื้องต้นสำหรับธุรกิจและสตาร์ทอัพ,7,60,54,6,W,อาจารย์อนุลักษณ์ ปิงยศ,30 ส.ค. 2569 เวลา 12:00 - 15:00 อาคาร 125 ห้อง ศร304,28 ต.ค. 2569 เวลา 12:00 - 15:00 อาคาร 125 ห้อง ศร403,การตลาด ลำดับ 61-120,จันทร์ 08:00-10:00 80-504 (C); พฤหัสบดี 08:00-10:00 80-504 (L)
2569,1,10700310,ภาษาอังกฤษเบื้องต้นสำหรับธุรกิจและสตาร์ทอัพ,8,60,59,1,W,อาจารย์รงรวง ภาษยะวรรณ,30 ส.ค. 2569 เวลา 12:00 - 15:00 อาคาร 125 ห้อง ศร304 | 30 ส.ค. 2569 เวลา 12:00 - 15:00 อาคาร 125 ห้อง ศร305,28 ต.ค. 2569 เวลา 12:00 - 15:00 อาคาร 125 ห้อง ศร304,การตลาด ลำดับ 121-180,จันทร์ 15:00-17:00 สังคม 211 (C); พฤหัสบดี 15:00-17:00 สังคม 211 (L)
2569,1,10700310,ภาษาอังกฤษเบื้องต้นสำหรับธุรกิจและสตาร์ทอัพ,9,64,64,0,W,อาจารย์สิริกัญญา สงวนพงษ์,30 ส.ค. 2569 เวลา 12:00 - 15:00 อาคาร 125 ห้อง ศร201_1,28 ต.ค. 2569 เวลา 12:00 - 15:00 อาคาร 125 ห้อง ศร304,การจัดการ ลำดับ 1-60,อังคาร 15:00-17:00 80-501 (C); ศุกร์ 15:00-17:00 80-501 (L)
2569,1,10700310,ภาษาอังกฤษเบื้องต้นสำหรับธุรกิจและสตาร์ทอัพ,10,62,62,0,W,อาจารย์ ดร.ศิริรัตน์ เขื่อนแก้ว,30 ส.ค. 2569 เวลา 12:00 - 15:00 อาคาร 125 ห้อง ศร201_2 | 30 ส.ค. 2569 เวลา 12:00 - 15:00 อาคาร 125 ห้อง ศร201_1,28 ต.ค. 2569 เวลา 12:00 - 15:00 อาคาร 147 ห้อง 80-301 | 28 ต.ค. 2569 เวลา 12:00 - 15:00 อาคาร 125 ห้อง ศร304,การจัดการ ลำดับ 61-120,อังคาร 15:00-17:00 สังคม 208 (C); ศุกร์ 15:00-17:00 สังคม 208 (L)
2569,1,10700310,ภาษาอังกฤษเบื้องต้นสำหรับธุรกิจและสตาร์ทอัพ,11,60,60,0,W,อาจารย์พฤนทร สนิทมัจโร,30 ส.ค. 2569 เวลา 12:00 - 15:00 อาคาร 125 ห้อง ศร201_2,28 ต.ค. 2569 เวลา 12:00 - 15:00 อาคาร 147 ห้อง 80-301,การจัดการ ลำดับ 121-180,อังคาร 15:00-17:00 80-303 (C); ศุกร์ 15:00-17:00 80-303 (L)
2569,1,10700310,ภาษาอังกฤษเบื้องต้นสำหรับธุรกิจและสตาร์ทอัพ,12,60,60,0,W,ผู้ช่วยศาสตราจารย์ ดร.ปนัดดา จีนประชา,30 ส.ค. 2569 เวลา 12:00 - 15:00 อาคาร 147 ห้อง 80-401 | 30 ส.ค. 2569 เวลา 12:00 - 15:00 อาคาร 125 ห้อง ศร201_2,28 ต.ค. 2569 เวลา 12:00 - 15:00 อาคาร 142 ห้อง สิงห์พลิน | 28 ต.ค. 2569 เวลา 12:00 - 15:00 อาคาร 147 ห้อง 80-301,"การจัดการ ลำดับ 181-193, การตลาด ลำดับ 181-213, การสื่อสารดิจิทัล ลำดับ 181-190",จันทร์ 17:00-19:00 80-404 (C); พฤหัสบดี 17:00-19:00 80-404 (L)
2569,1,10700310,ภาษาอังกฤษเบื้องต้นสำหรับธุรกิจและสตาร์ทอัพ,13,60,30,30,W,อาจารย์สิริกัญญา สงวนพงษ์,30 ส.ค. 2569 เวลา 12:00 - 15:00 อาคาร 147 ห้อง 80-401,28 ต.ค. 2569 เวลา 12:00 - 15:00 อาคาร 142 ห้อง สิงห์พลิน,นวัตกรรมธุรกิจดิจิทัล ลำดับ 1-60,อังคาร 13:00-15:00 ศร402 (C); ศุกร์ 13:00-15:00 ศร402 (L)
2569,1,10700310,ภาษาอังกฤษเบื้องต้นสำหรับธุรกิจและสตาร์ทอัพ,14,63,61,2,W,อาจารย์ ดร.พิสิษฐ์ โรจน์คณรัชต์,30 ส.ค. 2569 เวลา 12:00 - 15:00 อาคาร 147 ห้อง 80-401 | 30 ส.ค. 2569 เวลา 12:00 - 15:00 อาคาร 147 ห้อง 80-402,28 ต.ค. 2569 เวลา 12:00 - 15:00 อาคาร 142 ห้อง สิงห์พลิน,"การสื่อสารดิจิทัล สื่อเศรษฐกิจสร้างสรรค์ ลำดับ 181-210, สัตวศาสตร์ ลำดับ 121-145",อังคาร 15:00-17:00 80-408 (C); ศุกร์ 15:00-17:00 80-408 (L)
2569,1,10700310,ภาษาอังกฤษเบื้องต้นสำหรับธุรกิจและสตาร์ทอัพ,15,60,59,1,W,อาจารย์ ดร.ศิริรัตน์ เขื่อนแก้ว,30 ส.ค. 2569 เวลา 12:00 - 15:00 อาคาร 147 ห้อง 80-402,28 ต.ค. 2569 เวลา 12:00 - 15:00 อาคาร 102 ห้อง สังคม 106,การสื่อสารดิจิทัล ลำดับ 1-60,อังคาร 08:00-10:00 80-505 (C); ศุกร์ 08:00-10:00 80-505 (L)
2569,1,10700310,ภาษาอังกฤษเบื้องต้นสำหรับธุรกิจและสตาร์ทอัพ,16,60,59,1,W,,30 ส.ค. 2569 เวลา 12:00 - 15:00 อาคาร 147 ห้อง 80-402 | 30 ส.ค. 2569 เวลา 12:00 - 15:00 อาคาร 125 ห้อง ศร303,,การสื่อสารดิจิทัล ลำดับ 121-180,อังคาร 13:00-15:00 80-503 (C); ศุกร์ 13:00-15:00 80-503 (L)
2569,1,10700310,ภาษาอังกฤษเบื้องต้นสำหรับธุรกิจและสตาร์ทอัพ,18,60,59,1,W,อาจารย์สิริกัญญา สงวนพงษ์,30 ส.ค. 2569 เวลา 12:00 - 15:00 อาคาร 102 ห้อง สังคม 106,28 ต.ค. 2569 เวลา 12:00 - 15:00 อาคาร 147 ห้อง 80-201,การสื่อสารดิจิทัล สื่อเศรษฐกิจสร้างสรรค์ ลำดับ 1-60,พุธ 08:00-10:00 80-504 (C); พุธ 10:00-12:00 80-504 (L)
2569,1,10700310,ภาษาอังกฤษเบื้องต้นสำหรับธุรกิจและสตาร์ทอัพ,19,60,58,2,W,อาจารย์อุมาวดี จันทร์ศรี,30 ส.ค. 2569 เวลา 12:00 - 15:00 อาคาร 147 ห้อง 80-501,28 ต.ค. 2569 เวลา 12:00 - 15:00 อาคาร 147 ห้อง 80-401 | 28 ต.ค. 2569 เวลา 12:00 - 15:00 อาคาร 147 ห้อง 80-201,การสื่อสารดิจิทัลสื่อเศรษฐกิจสร้างสรรค์ ลำดับ 61-120,พุธ 08:00-10:00 80-503 (C); พุธ 10:00-12:00 80-503 (L)
2569,1,10700310,ภาษาอังกฤษเบื้องต้นสำหรับธุรกิจและสตาร์ทอัพ,20,60,57,3,W,อาจารย์รงรวง ภาษยะวรรณ,30 ส.ค. 2569 เวลา 12:00 - 15:00 อาคาร 147 ห้อง 80-501 | 30 ส.ค. 2569 เวลา 12:00 - 15:00 อาคาร 147 ห้อง 80-502,28 ต.ค. 2569 เวลา 12:00 - 15:00 อาคาร 125 ห้อง ศร204 | 28 ต.ค. 2569 เวลา 12:00 - 15:00 อาคาร 147 ห้อง 80-401,การสื่อสารดิจิทัล สื่อเศรษฐกิจสร้างสรรค์ ลำดับ 121-180,จันทร์ 13:00-15:00 สังคม 209 (C); พฤหัสบดี 13:00-15:00 สังคม 209 (L)
2569,1,10700310,ภาษาอังกฤษเบื้องต้นสำหรับธุรกิจและสตาร์ทอัพ,21,60,60,0,W,อาจารย์ภัทธีรา อินใจ,30 ส.ค. 2569 เวลา 12:00 - 15:00 อาคาร 147 ห้อง 80-502,28 ต.ค. 2569 เวลา 12:00 - 15:00 อาคาร 125 ห้อง ศร204,สัตวศาสตร์ ลำดับ 1-60,อังคาร 10:00-12:00 ศร305 (C); ศุกร์ 10:00-12:00 ศร305 (L)
2569,1,10700310,ภาษาอังกฤษเบื้องต้นสำหรับธุรกิจและสตาร์ทอัพ,22,60,59,1,W,อาจารย์ภัทธีรา อินใจ,30 ส.ค. 2569 เวลา 12:00 - 15:00 อาคาร 147 ห้อง 80-305 (สำรอง),28 ต.ค. 2569 เวลา 12:00 - 15:00 อาคาร 147 ห้อง 80-305 (สำรอง),สัตวศาสตร์ ลำดับ 61-120,อังคาร 13:00-15:00 ศร306 (C); ศุกร์ 13:00-15:00 ศร306 (L)
2569,1,10700310,ภาษาอังกฤษเบื้องต้นสำหรับธุรกิจและสตาร์ทอัพ,23,60,60,0,W,อาจารย์สิริกัญญา สงวนพงษ์,30 ส.ค. 2569 เวลา 12:00 - 15:00 อาคาร 125 ห้อง ศร306,28 ต.ค. 2569 เวลา 12:00 - 15:00 อาคาร 105 ห้อง วิทย์ 2507/1,,อังคาร 10:00-12:00 80-504 (C); ศุกร์ 10:00-12:00 80-504 (L)
2569,1,10700310,ภาษาอังกฤษเบื้องต้นสำหรับธุรกิจและสตาร์ทอัพ,24,60,58,2,W,อาจารย์ภัทธีรา อินใจ,30 ส.ค. 2569 เวลา 12:00 - 15:00 อาคาร 125 ห้อง ศร306 | 30 ส.ค. 2569 เวลา 12:00 - 15:00 อาคาร 142 ห้อง สิงห์พลิน,28 ต.ค. 2569 เวลา 12:00 - 15:00 อาคาร 105 ห้อง วิทย์ 2507/2,,จันทร์ 13:00-15:00 ศร305 (C); พฤหัสบดี 13:00-15:00 ศร305 (L)
2569,1,10700310,ภาษาอังกฤษเบื้องต้นสำหรับธุรกิจและสตาร์ทอัพ,25,60,54,6,W,อาจารย์สิริกัญญา สงวนพงษ์,30 ส.ค. 2569 เวลา 12:00 - 15:00 อาคาร 142 ห้อง สิงห์พลิน,28 ต.ค. 2569 เวลา 12:00 - 15:00 อาคาร 107 ห้อง BA 301,,อังคาร 08:00-10:00 80-503 (C); ศุกร์ 08:00-10:00 80-503 (L)
2569,1,10700311,ภาษาอังกฤษเพื่อการสมัครงาน,1,48,48,0,W,อาจารย์วาสิดา สาวงศ์ทะ,,26 ต.ค. 2569 เวลา 15:30 - 18:30 อาคาร 142 ห้อง สิงห์พลิน,เทคโนโลยีสารสนเทศ ลำดับ 1-48,อังคาร 08:00-10:00 80-410 (C); ศุกร์ 08:00-10:00 80-410 (L)
2569,1,10700311,ภาษาอังกฤษเพื่อการสมัครงาน,2,48,47,1,W,อาจารย์พรธีรนันท์ จันทร์ผา,,26 ต.ค. 2569 เวลา 15:30 - 18:30 อาคาร 142 ห้อง สิงห์พลิน,"เทคโนโลยีสารสนเทศ ลำดับ 49-90, สถาปัตยกรรม ลำดับ 21-26",จันทร์ 10:00-12:00 80-504 (C); พฤหัสบดี 10:00-12:00 80-504 (L)
2569,1,10700311,ภาษาอังกฤษเพื่อการสมัครงาน,3,48,46,2,W,อาจารย์วาสิดา สาวงศ์ทะ,,26 ต.ค. 2569 เวลา 15:30 - 18:30 อาคาร 125 ห้อง ศร304,สาขาการเงิน ปี 2 ลำดับ 117-136,อังคาร 13:00-15:00 สังคม 209 (C); ศุกร์ 13:00-15:00 สังคม 209 (L)
2569,1,10700311,ภาษาอังกฤษเพื่อการสมัครงาน,4,48,38,10,W,อาจารย์พรธีรนันท์ จันทร์ผา,,26 ต.ค. 2569 เวลา 15:30 - 18:30 อาคาร 125 ห้อง ศร304,สาขาการเงิน ปี 2 ลำดับ 1-48,จันทร์ 08:00-10:00 ศร303 (C); พฤหัสบดี 08:00-10:00 ศร303 (L)
2569,1,10700311,ภาษาอังกฤษเพื่อการสมัครงาน,5,48,48,0,W,อาจารย์พรธีรนันท์ จันทร์ผา,,26 ต.ค. 2569 เวลา 15:30 - 18:30 อาคาร 125 ห้อง ศร304,สาขาการเงิน ปี 2 ลำดับ 49-96,จันทร์ 13:00-15:00 80-403 (C); พฤหัสบดี 13:00-15:00 80-403 (L)
2569,1,10700311,ภาษาอังกฤษเพื่อการสมัครงาน,6,48,48,0,W,อาจารย์พรธีรนันท์ จันทร์ผา,,26 ต.ค. 2569 เวลา 15:30 - 18:30 อาคาร 147 ห้อง 80-303,"สาขาการเงิน ปี 2 ลำดับ 97-116,สถาปัตยกรรม ลำดับ 1-20",อังคาร 13:00-15:00 80-303 (C); ศุกร์ 13:00-15:00 80-303 (L)
2569,1,10700312,ภาษาอังกฤษเชิงวิชาการ,1,60,59,1,W,อาจารย์อัศนีย์ นันทชัยพันธ์,29 ส.ค. 2569 เวลา 08:00 - 11:00 อาคาร 125 ห้อง ศร201_1,29 ต.ค. 2569 เวลา 15:30 - 18:30 อาคาร 125 ห้อง ศร201_1,,อังคาร 10:00-12:00 ศร303 (C); ศุกร์ 10:00-12:00 ศร303 (L)
2569,1,10700312,ภาษาอังกฤษเชิงวิชาการ,2,60,56,4,W,อาจารย์สิริน ไทยตรง,29 ส.ค. 2569 เวลา 08:00 - 11:00 อาคาร 125 ห้อง ศร201_1,29 ต.ค. 2569 เวลา 15:30 - 18:30 อาคาร 125 ห้อง ศร201_1,,จันทร์ 15:00-17:00 80-305 (สำรอง) (C); พฤหัสบดี 15:00-17:00 80-305 (สำรอง) (L)
2569,1,10700312,ภาษาอังกฤษเชิงวิชาการ,3,60,58,2,W,อาจารย์สิริน ไทยตรง,29 ส.ค. 2569 เวลา 08:00 - 11:00 อาคาร 125 ห้อง ศร201_2,29 ต.ค. 2569 เวลา 15:30 - 18:30 อาคาร 125 ห้อง ศร201_2,,พุธ 08:00-12:00 80-305 (สำรอง) (C)
2569,1,10700312,ภาษาอังกฤษเชิงวิชาการ,4,60,54,6,W,อาจารย์สิริน ไทยตรง,29 ส.ค. 2569 เวลา 08:00 - 11:00 อาคาร 125 ห้อง ศร201_2,29 ต.ค. 2569 เวลา 15:30 - 18:30 อาคาร 125 ห้อง ศร201_2,,จันทร์ 13:00-15:00 80-305 (สำรอง) (C); พฤหัสบดี 13:00-15:00 80-305 (สำรอง) (L)
2569,1,10700313,ภาษาอังกฤษเชิงวิทยาศาสตร์และนวัตกรรม,1,60,53,7,W,อาจารย์กนกวรรณ สัมพันธ์,,,วิทยาการคอมพิวเตอร์ ลำดับ 1-60,จันทร์ 15:00-17:00 80-401 (C); พฤหัสบดี 15:00-17:00 80-401 (C)
2569,1,10700313,ภาษาอังกฤษเชิงวิทยาศาสตร์และนวัตกรรม,2,68,68,0,W,อาจารย์กนกวรรณ สัมพันธ์,,,"วิทยาการคอมพิวเตอร์ ลำดับ 61-100, สถิติฯ ลำดับ 1-12",อังคาร 10:00-12:00 80-501 (C); ศุกร์ 10:00-12:00 80-501 (L)
2569,1,10700313,ภาษาอังกฤษเชิงวิทยาศาสตร์และนวัตกรรม,3,60,58,2,W,อาจารย์กนกวรรณ สัมพันธ์,,,คณิตศาสตร์ ลำดับ 1-13,อังคาร 08:00-10:00 80-303 (C); ศุกร์ 08:00-10:00 80-303 (L)
2569,1,10700313,ภาษาอังกฤษเชิงวิทยาศาสตร์และนวัตกรรม,4,60,59,1,W,อาจารย์กนกวรรณ สัมพันธ์,,,"สถิติฯ ลำดับ 13-24, คณิตศาสตร์ ลำดับ 14-27",จันทร์ 10:00-12:00 80-402 (C); พฤหัสบดี 10:00-12:00 80-402 (L)
2569,1,10700314,ภาษาอังกฤษสำหรับวิชาชีพเกษตร,1,60,58,2,W,ผู้ช่วยศาสตราจารย์ ดร.ธาตรี รอดชำนาญ,27 ส.ค. 2569 เวลา 12:00 - 15:00 อาคาร 147 ห้อง 80-402,19 ต.ค. 2569 เวลา 12:00 - 15:00 อาคาร 147 ห้อง 80-402,สาขาวิชาเกษตรศาสตร์ ชั้นปี2 ลำดับที่ 1-60,อังคาร 10:00-12:00 ศกฬ เรียน2 (C); ศุกร์ 10:00-12:00 ศกฬ เรียน2 (L)
2569,1,10700314,ภาษาอังกฤษสำหรับวิชาชีพเกษตร,2,61,58,3,W,ผู้ช่วยศาสตราจารย์ ดร.ธาตรี รอดชำนาญ,27 ส.ค. 2569 เวลา 12:00 - 15:00 อาคาร 147 ห้อง 80-501 | 27 ส.ค. 2569 เวลา 12:00 - 15:00 อาคาร 147 ห้อง 80-402,19 ต.ค. 2569 เวลา 12:00 - 15:00 อาคาร 147 ห้อง 80-402 | 19 ต.ค. 2569 เวลา 12:00 - 15:00 อาคาร 147 ห้อง 80-501,สาขาวิชาเกษตรศาสตร์ ชั้นปี2 ลำดับที่ 61-120,จันทร์ 08:00-10:00 80-408 (C); พฤหัสบดี 08:00-10:00 80-408 (L)
2569,1,10700314,ภาษาอังกฤษสำหรับวิชาชีพเกษตร,3,60,59,1,W,ผู้ช่วยศาสตราจารย์ ดร.ธาตรี รอดชำนาญ,27 ส.ค. 2569 เวลา 12:00 - 15:00 อาคาร 147 ห้อง 80-501,19 ต.ค. 2569 เวลา 12:00 - 15:00 อาคาร 147 ห้อง 80-501,สาขาวิชาเกษตรศาสตร์ ชั้นปี2 ลำดับที่121-180,อังคาร 15:00-17:00 80-503 (C); ศุกร์ 15:00-17:00 80-503 (L)
2569,1,10700314,ภาษาอังกฤษสำหรับวิชาชีพเกษตร,4,60,55,5,W,ผู้ช่วยศาสตราจารย์ ดร.ธาตรี รอดชำนาญ,27 ส.ค. 2569 เวลา 12:00 - 15:00 อาคาร 147 ห้อง 80-303,19 ต.ค. 2569 เวลา 12:00 - 15:00 อาคาร 147 ห้อง 80-303,สาขาวิชาเกษตรศาสตร์ ชั้นปี2 ลำดับที่ 181-240,จันทร์ 15:00-17:00 80-506 (C); พฤหัสบดี 15:00-17:00 80-506 (L)
2569,1,10700314,ภาษาอังกฤษสำหรับวิชาชีพเกษตร,5,60,43,17,W,ผู้ช่วยศาสตราจารย์ ดร.ธาตรี รอดชำนาญ,27 ส.ค. 2569 เวลา 12:00 - 15:00 อาคาร 147 ห้อง 80-410,19 ต.ค. 2569 เวลา 12:00 - 15:00 อาคาร 147 ห้อง 80-410,สาขาวิชาเกษตรศาสตร์ ชั้นปี2 ลำดับที่ 241-290,อังคาร 08:00-10:00 80-504 (C); ศุกร์ 08:00-10:00 80-504 (L)
2569,1,10700314,ภาษาอังกฤษสำหรับวิชาชีพเกษตร,1,20,13,7,W,ผู้ช่วยศาสตราจารย์ ดร.กรรณิการ์ กาญจันดา,25 ส.ค. 2569 เวลา 09:00 - 12:00 อาคาร 801 ห้อง 113 : 801,20 ต.ค. 2569 เวลา 09:00 - 12:00 อาคาร 801 ห้อง 207 : 801,ผพ+กป2ปี,พุธ 15:00-17:00 S1.LAB : 801 (C); พฤหัสบดี 08:00-10:00 115 : 801 (L)
2569,1,10700315,ภาษาอังกฤษเพื่อสังคมโลก,1,65,59,6,W,อาจารย์ ดร.นิทัศน์ บุญไพศาลสถิตย์,24 ส.ค. 2569 เวลา 12:00 - 15:00 อาคาร 105 ห้อง วิทย์ 2105,20 ต.ค. 2569 เวลา 12:00 - 15:00 อาคาร 105 ห้อง วิทย์ 2105,สำหรับสาขานวัตกรรมธุรกิจค้าปลีกสมัยใหม่ ลำดับ 1-45,จันทร์ 08:00-10:00 สังคม 604 (C); พฤหัสบดี 08:00-10:00 สังคม 604 (L)
2569,1,10700315,ภาษาอังกฤษเพื่อสังคมโลก,2,69,68,1,W,อาจารย์ ดร.นิทัศน์ บุญไพศาลสถิตย์,24 ส.ค. 2569 เวลา 12:00 - 15:00 อาคาร 105 ห้อง วิทย์ 2311,20 ต.ค. 2569 เวลา 12:00 - 15:00 อาคาร 105 ห้อง วิทย์ 2311,สำหรับสาขานวัตกรรมธุรกิจค้าปลีกสมัยใหม่ ลำดับ 46-77,จันทร์ 10:00-12:00 สังคม 604 (C); พฤหัสบดี 10:00-12:00 สังคม 604 (L)
2569,1,10700317,ภาษาอังกฤษเพื่อผู้ประกอบการทางการเกษตรสร้างสรรค์,1,45,38,7,W,อาจารย์วันวิสา เสาร์ใจ,,,เศรษฐศาสตร์เกษตรฯ ลำดับ 1-36,อังคาร 13:00-15:00 EC402 (C); ศุกร์ 13:00-15:00 EC402 (L)
2569,1,10700317,ภาษาอังกฤษเพื่อผู้ประกอบการทางการเกษตรสร้างสรรค์,2,45,45,0,W,อาจารย์วันวิสา เสาร์ใจ,,,เศรษฐศาสตร์เกษตรฯ ลำดับ 37-72,จันทร์ 13:00-15:00 EC402 (C); พฤหัสบดี 13:00-15:00 EC402 (L)
2569,1,10700318,ภาษาอังกฤษสำหรับการท่องเที่ยวสมัยใหม่,1,55,55,0,W,อาจารย์อนงค์กร เทรล,28 ส.ค. 2569 เวลา 15:30 - 18:30 อาคาร 147 ห้อง 80-303,27 ต.ค. 2569 เวลา 15:30 - 18:30 อาคาร 147 ห้อง 80-303,"การจัดการธุรกิจท่องเที่ยวและบริการ, พัฒนาการท่องเที่ยว ลำดับ 1-28",อังคาร 10:00-12:00 สังคม 209 (C); ศุกร์ 10:00-12:00 สังคม 209 (L)
2569,1,10700318,ภาษาอังกฤษสำหรับการท่องเที่ยวสมัยใหม่,2,57,56,1,W,อาจารย์อนงค์กร เทรล,28 ส.ค. 2569 เวลา 15:30 - 18:30 อาคาร 147 ห้อง 80-304,27 ต.ค. 2569 เวลา 15:30 - 18:30 อาคาร 147 ห้อง 80-304,พัฒนาการท่องเที่ยว ลำดับ 29-88,จันทร์ 08:00-10:00 สังคม 609 (C); พฤหัสบดี 08:00-10:00 สังคม 609 (L)
2569,1,10700318,ภาษาอังกฤษสำหรับการท่องเที่ยวสมัยใหม่,3,53,51,2,W,อาจารย์อนงค์กร เทรล,28 ส.ค. 2569 เวลา 15:30 - 18:30 อาคาร 147 ห้อง 80-403,27 ต.ค. 2569 เวลา 15:30 - 18:30 อาคาร 147 ห้อง 80-403,,อังคาร 08:00-10:00 สังคม 209 (C); ศุกร์ 08:00-10:00 สังคม 209 (L)
2569,1,10700319,ภาษาอังกฤษสำหรับผู้ประกอบการและการค้าระหว่างประเทศ,1,55,55,0,W,อาจารย์ ดร.มารียาดาร์ ธีดาอักษรสกุลส์,29 ส.ค. 2569 เวลา 08:00 - 11:00 อาคาร 147 ห้อง 80-301,28 ต.ค. 2569 เวลา 08:00 - 11:00 อาคาร 107 ห้อง BA 301,บัญชี ลำดับ 1-55,อังคาร 10:00-12:00 80-403 (C); ศุกร์ 10:00-12:00 80-403 (L)
2569,1,10700319,ภาษาอังกฤษสำหรับผู้ประกอบการและการค้าระหว่างประเทศ,2,55,53,2,W,อาจารย์ ดร.มารียาดาร์ ธีดาอักษรสกุลส์,29 ส.ค. 2569 เวลา 08:00 - 11:00 อาคาร 147 ห้อง 80-301,28 ต.ค. 2569 เวลา 08:00 - 11:00 อาคาร 107 ห้อง BA 305,บัญชี ลำดับ 56-110,จันทร์ 10:00-12:00 80-503 (C); พฤหัสบดี 10:00-12:00 80-503 (L)
2569,1,10700319,ภาษาอังกฤษสำหรับผู้ประกอบการและการค้าระหว่างประเทศ,3,55,52,3,W,อาจารย์จิราภรณ์ แม็คกลาเดอร์รี่,29 ส.ค. 2569 เวลา 08:00 - 11:00 อาคาร 147 ห้อง 80-301,28 ต.ค. 2569 เวลา 08:00 - 11:00 อาคาร 107 ห้อง BA 501,บัญชี ลำดับ 111-165,จันทร์ 10:00-12:00 80-502 (C); พฤหัสบดี 10:00-12:00 80-502 (L)
2569,1,10700319,ภาษาอังกฤษสำหรับผู้ประกอบการและการค้าระหว่างประเทศ,4,56,56,0,W,อาจารย์จิราภรณ์ แม็คกลาเดอร์รี่,29 ส.ค. 2569 เวลา 08:00 - 11:00 อาคาร 147 ห้อง 80-303,28 ต.ค. 2569 เวลา 08:00 - 11:00 อาคาร 107 ห้อง BA 503,บัญชี ลำดับ 166-181,อังคาร 10:00-12:00 80-410 (C); ศุกร์ 10:00-12:00 80-410 (L)
2569,1,10700320,ภาษาอังกฤษเพื่อการศึกษาต่อและการประกอบอาชีพ,1,60,60,0,W,อาจารย์ ดร.จันทนี กันโฑ,29 ส.ค. 2569 เวลา 12:00 - 15:00 อาคาร 102 ห้อง สังคม 106,29 ต.ค. 2569 เวลา 12:00 - 15:00 อาคาร 125 ห้อง ศร201_1,วิทยาการคอมพิวเตอร์ ลำดับ 1-55,อังคาร 15:00-17:00 80-504 (C); ศุกร์ 15:00-17:00 80-504 (L)
2569,1,10700320,ภาษาอังกฤษเพื่อการศึกษาต่อและการประกอบอาชีพ,2,59,58,1,W,อาจารย์ ดร.กุลยา ป้องพาล,29 ส.ค. 2569 เวลา 12:00 - 15:00 อาคาร 147 ห้อง 80-305 (สำรอง),29 ต.ค. 2569 เวลา 12:00 - 15:00 อาคาร 125 ห้อง ศร201_1,วิทยาการคอมพิวเตอร์ ลำดับ 56-109,จันทร์ 15:00-17:00 80-501 (C); พฤหัสบดี 15:00-17:00 80-501 (L)
2569,1,10700320,ภาษาอังกฤษเพื่อการศึกษาต่อและการประกอบอาชีพ,1,10,3,7,W,อาจารย์อโนชา สุภาวกุล,25 ส.ค. 2569 เวลา 09:00 - 12:00 อาคาร 801 ห้อง 114 : 801,20 ต.ค. 2569 เวลา 09:00 - 12:00 อาคาร 801 ห้อง 115 : 801,,จันทร์ 13:00-15:00 S2.LAB : 801 (C); พฤหัสบดี 13:00-15:00 S2.LAB : 801 (C)
2569,1,10700321,ภาษาอังกฤษเพื่อการสื่อสารด้านการเกษตร,1,45,31,14,W,อาจารย์วัชรียา บำรุงคีรี,,,,พุธ 08:00-10:00 สังคม 213 (C); พุธ 10:00-12:00 สังคม 213 (C)
2569,1,10700321,ภาษาอังกฤษเพื่อการสื่อสารด้านการเกษตร,1,45,45,0,W,อาจารย์ ดร.วรรณอุบล สิงห์อยู่เจริญ,25 ส.ค. 2569 เวลา 09:00 - 12:00 อาคาร 811 ห้อง N107:811 | 25 ส.ค. 2569 เวลา 09:00 - 12:00 อาคาร 811 ห้อง N108:811,28 ต.ค. 2569 เวลา 09:00 - 12:00 อาคาร 801 ห้อง 303/2 : 801,กป 55-111,อังคาร 10:00-12:00 113 : 801 (C); ศุกร์ 10:00-12:00 S1.LAB : 801 (L)
2569,1,10700321,ภาษาอังกฤษเพื่อการสื่อสารด้านการเกษตร,2,45,40,5,W,อาจารย์อโนชา สุภาวกุล,25 ส.ค. 2569 เวลา 09:00 - 12:00 อาคาร 811 ห้อง N108:811 | 25 ส.ค. 2569 เวลา 09:00 - 12:00 อาคาร 811 ห้อง N109:811,28 ต.ค. 2569 เวลา 09:00 - 12:00 อาคาร 801 ห้อง 303/2 : 801,กป 1-54,อังคาร 08:00-10:00 S2.LAB : 801 (C); ศุกร์ 08:00-10:00 S2.LAB : 801 (L)
2569,1,10700361,ภาษาจีนเบื้องต้น 1,1,50,50,0,W,อาจารย์ธัญญารัตน์ มะลาศรี,27 ส.ค. 2569 เวลา 12:00 - 15:00 อาคาร 140 ห้อง EC302,29 ต.ค. 2569 เวลา 12:00 - 15:00 อาคาร 140 ห้อง EC302,,จันทร์ 10:00-12:00 EC406 (C); พฤหัสบดี 10:00-12:00 EC406 (L)
2569,1,10700361,ภาษาจีนเบื้องต้น 1,2,50,50,0,W,อาจารย์แพรวา รัตนทยา,27 ส.ค. 2569 เวลา 12:00 - 15:00 อาคาร 140 ห้อง EC302,29 ต.ค. 2569 เวลา 12:00 - 15:00 อาคาร 140 ห้อง EC302,,จันทร์ 10:00-12:00 FT(ประมง) 1203 (C); พฤหัสบดี 10:00-12:00 FT(ประมง) 1203 (L)
2569,1,10700361,ภาษาจีนเบื้องต้น 1,3,50,50,0,W,อาจารย์Xiaoxiao Wang,27 ส.ค. 2569 เวลา 12:00 - 15:00 อาคาร 140 ห้อง EC303,29 ต.ค. 2569 เวลา 12:00 - 15:00 อาคาร 140 ห้อง EC303,รายวิชาเลือกเสรี เท่านั้น,จันทร์ 10:00-12:00 คาวบอยเธียเตอร (C); พฤหัสบดี 10:00-12:00 เรียนรวม 429 (L)
2569,1,10700361,ภาษาจีนเบื้องต้น 1,4,50,50,0,W,อาจารย์วิชญ์สุดา ภูษณะวิวัฒน์,27 ส.ค. 2569 เวลา 12:00 - 15:00 อาคาร 140 ห้อง EC303,29 ต.ค. 2569 เวลา 12:00 - 15:00 อาคาร 140 ห้อง EC303,รายวิชาเลือกเสรี เท่านั้น,จันทร์ 13:00-15:00 EC407 (C); พฤหัสบดี 13:00-15:00 EC407 (L)
2569,1,10700361,ภาษาจีนเบื้องต้น 1,5,50,46,4,W,อาจารย์แพรวา รัตนทยา,27 ส.ค. 2569 เวลา 12:00 - 15:00 อาคาร 142 ห้อง สิงห์พลิน,29 ต.ค. 2569 เวลา 12:00 - 15:00 อาคาร 142 ห้อง สิงห์พลิน,รายวิชาเลือกเสรี เท่านั้น,อังคาร 08:00-10:00 สังคม 106 (C); ศุกร์ 08:00-10:00 สังคม 106 (L)
2569,1,10700361,ภาษาจีนเบื้องต้น 1,6,50,48,2,W,อาจารย์ ดร.ปิยภรณ์ แดงตันกี,27 ส.ค. 2569 เวลา 12:00 - 15:00 อาคาร 142 ห้อง สิงห์พลิน,29 ต.ค. 2569 เวลา 12:00 - 15:00 อาคาร 142 ห้อง สิงห์พลิน,รายวิชาเลือกเสรี เท่านั้น,อังคาร 10:00-12:00 สังคม 604 (C); ศุกร์ 10:00-12:00 สังคม 604 (L)
2569,1,10700361,ภาษาจีนเบื้องต้น 1,7,50,49,1,W,อาจารย์ชุติเดช ไชยวงค์,27 ส.ค. 2569 เวลา 12:00 - 15:00 อาคาร 102 ห้อง สังคม 106,29 ต.ค. 2569 เวลา 12:00 - 15:00 อาคาร 140 ห้อง EC402,รายวิชาเลือกเสรี เท่านั้น,อังคาร 13:00-15:00 ศร305 (C); ศุกร์ 13:00-15:00 ศร305 (L)
2569,1,10700401,การรู้สารสนเทศ,1,80,79,1,W,อาจารย์วิไลวรรณ รัตนพันธ์,,29 ต.ค. 2569 เวลา 12:00 - 15:00 อาคาร 147 ห้อง 80-301,สาขาเกษตรศาสตร์ ปี1 ลำดับที่ 1-80,อังคาร 15:00-17:00 80-402 (C); ศุกร์ 15:00-17:00 80-402 (L)
2569,1,10700401,การรู้สารสนเทศ,2,81,81,0,W,อาจารย์ ดร.จันทร์จิรา เหลาราช,,29 ต.ค. 2569 เวลา 12:00 - 15:00 อาคาร 147 ห้อง 80-301,สาขาเกษตรศาสตร์ ปี1 ลำดับที่ 81-160,จันทร์ 13:00-15:00 80-502 (C); พฤหัสบดี 13:00-15:00 80-502 (L)
2569,1,10700401,การรู้สารสนเทศ,3,80,62,18,W,อาจารย์ ดร.จันทร์จิรา เหลาราช,,29 ต.ค. 2569 เวลา 12:00 - 15:00 อาคาร 125 ห้อง ศร304,สาขาเกษตรศาสตร์ ปี1 ลำดับที่ 161-240,อังคาร 15:00-17:00 80-401 (C); ศุกร์ 15:00-17:00 80-401 (L)
2569,1,10700401,การรู้สารสนเทศ,4,80,63,17,W,อาจารย์ ดร.จันทร์จิรา เหลาราช,,29 ต.ค. 2569 เวลา 12:00 - 15:00 อาคาร 125 ห้อง ศร304,สาขาเกษตรศาสตร์ ปี1 ลำดับที่ 241-320,อังคาร 13:00-15:00 80-401 (C); ศุกร์ 13:00-15:00 80-401 (L)
2569,1,10700401,การรู้สารสนเทศ,5,80,44,36,W,อาจารย์ ดร.จันทร์จิรา เหลาราช,,29 ต.ค. 2569 เวลา 12:00 - 15:00 อาคาร 125 ห้อง ศร304 | 29 ต.ค. 2569 เวลา 12:00 - 15:00 อาคาร 147 ห้อง 80-201,,อังคาร 08:00-10:00 ศร302 (C); ศุกร์ 08:00-10:00 ศร302 (L)
2569,1,10700401,การรู้สารสนเทศ,6,97,95,2,W,อาจารย์วิไลวรรณ รัตนพันธ์,,29 ต.ค. 2569 เวลา 12:00 - 15:00 อาคาร 147 ห้อง 80-201,,อังคาร 13:00-15:00 ศร403 (C); ศุกร์ 13:00-15:00 ศร403 (L)
2569,1,10700401,การรู้สารสนเทศ,7,80,78,2,W,อาจารย์วิไลวรรณ รัตนพันธ์,,29 ต.ค. 2569 เวลา 12:00 - 15:00 อาคาร 125 ห้อง ศร204,,จันทร์ 08:00-10:00 80-501 (C); พฤหัสบดี 08:00-10:00 80-501 (L)
2569,1,10700401,การรู้สารสนเทศ,8,94,92,2,W,อาจารย์วิไลวรรณ รัตนพันธ์,,29 ต.ค. 2569 เวลา 12:00 - 15:00 อาคาร 147 ห้อง 80-408 | 29 ต.ค. 2569 เวลา 12:00 - 15:00 อาคาร 147 ห้อง 80-409,,อังคาร 10:00-12:00 80-402 (C); ศุกร์ 10:00-12:00 80-402 (L)
2569,1,10700401,การรู้สารสนเทศ,1,100,80,20,W,ผู้ช่วยศาสตราจารย์ ดร.ขวัญจรัส เชิงปัญญา; อาจารย์ ดร.ถมรัตน์ ชัชวาลย์; อาจารย์ ดร.พัชรณัฐ ดาวดึงษ์,24 ส.ค. 2569 เวลา 09:00 - 12:00 อาคาร 801 ห้อง 302/2 : 801,21 ต.ค. 2569 เวลา 13:00 - 16:00 อาคาร 801 ห้อง 302/2 : 801,,จันทร์ 10:00-12:00 302/2 : 801 (C); พฤหัสบดี 10:00-12:00 302/2 : 801 (L)
2569,1,10700401,การรู้สารสนเทศ,2,165,159,6,W,อาจารย์ ดร.พัชรณัฐ ดาวดึงษ์; ผู้ช่วยศาสตราจารย์ ดร.ขวัญจรัส เชิงปัญญา; อาจารย์ ดร.ถมรัตน์ ชัชวาลย์,24 ส.ค. 2569 เวลา 09:00 - 12:00 อาคาร 801 ห้อง 105 : 801 | 24 ส.ค. 2569 เวลา 09:00 - 12:00 อาคาร 801 ห้อง 106 : 801 | 24 ส.ค. 2569 เวลา 09:00 - 12:00 อาคาร 801 ห้อง 303/2 : 801,21 ต.ค. 2569 เวลา 13:00 - 16:00 อาคาร 801 ห้อง 302/2 : 801 | 21 ต.ค. 2569 เวลา 13:00 - 16:00 อาคาร 801 ห้อง 303/2 : 801,การป่าไม้ ปี1,จันทร์ 13:00-15:00 N104:811 (C); พฤหัสบดี 13:00-15:00 N104:811 (L)
2569,1,10700401,การรู้สารสนเทศ,1,45,30,15,W,อาจารย์ ดร.พิไลวรรณ พู่พัฒนศิลป์,,,,จันทร์ 08:00-10:00 202 ห้อง Lab คอม (C); พฤหัสบดี 08:00-10:00 202 ห้อง Lab คอม (L)
2569,1,10800113,พลเมืองดิจิทัล,1,450,447,3,W,ผู้ช่วยศาสตราจารย์ ดร.ณภัทร เรืองนภากุล,,,,อังคาร 15:00-18:00 80-201 (C)
2569,1,10800113,พลเมืองดิจิทัล,2,480,474,6,W,ผู้ช่วยศาสตราจารย์ ดร.ณภัทร เรืองนภากุล,,,,อังคาร 08:00-09:30 80-201 (C); ศุกร์ 08:00-09:30 80-201 (C)
2569,1,10800114,ความฉลาดทางดิจิทัล,1,400,397,3,W,อาจารย์อติพร ขยัน,,,,พุธ 11:00-14:00 80-201 (C)
2569,1,10800114,ความฉลาดทางดิจิทัล,2,400,396,4,W,อาจารย์อติพร ขยัน,,,,ศุกร์ 15:00-18:00 80-201 (C)
2569,1,10800114,ความฉลาดทางดิจิทัล,3,80,74,6,W,ผู้ช่วยศาสตราจารย์กริ่งกาญจน์ เจริญกุล; ดร.วัฒนาพงษ์ ใหม่เฟย,,,การสื่อสารดิจิทัล เทคโนโลยีสื่อเพื่อเศรษฐกิจสร้างสรรค์ 2ปี เทียบเข้าเรียน 53 คน,พุธ 09:00-12:00 IC 307 (C)
2569,1,11400110,เศรษฐกิจพอเพียงและการพัฒนาที่ยั่งยืน,1,120,115,5,W,อาจารย์กฤษตธี สุนันตา,,,สัตวศาสตร์ ลำดับ 1-120,อังคาร 08:00-10:00 สิงห์พลิน (C); ศุกร์ 08:00-11:00 สิงห์พลิน (L)
2569,1,11400110,เศรษฐกิจพอเพียงและการพัฒนาที่ยั่งยืน,2,120,81,39,W,อาจารย์กฤษตธี สุนันตา,,,สัตวศาสตร์ ลำดับ 121-170,อังคาร 15:00-17:00 80-301 (C); ศุกร์ 15:00-18:00 80-301 (L)
2569,1,11400110,เศรษฐกิจพอเพียงและการพัฒนาที่ยั่งยืน,3,120,104,16,W,ผู้ช่วยศาสตราจารย์ ดร.สุดเขต สกุลทอง,24 ส.ค. 2569 เวลา 12:00 - 15:00 อาคาร 107 ห้อง BA 501 | 24 ส.ค. 2569 เวลา 12:00 - 15:00 อาคาร 107 ห้อง BA 305,26 ต.ค. 2569 เวลา 15:30 - 18:30 อาคาร 125 ห้อง ศร403,,จันทร์ 15:00-17:00 80-402 (C); พฤหัสบดี 15:00-18:00 80-402 (L)
2569,1,11400110,เศรษฐกิจพอเพียงและการพัฒนาที่ยั่งยืน,4,120,112,8,W,อาจารย์กฤษตธี สุนันตา,,,,จันทร์ 15:00-17:00 80-502 (C); พฤหัสบดี 15:00-18:00 80-502 (L)
2569,1,11400110,เศรษฐกิจพอเพียงและการพัฒนาที่ยั่งยืน,1,70,62,8,W,ผู้ช่วยศาสตราจารย์ ดร.กฤษดา พงษ์การัณยภาส; อาจารย์ ดร.วันวสา วิโรจนารมย์,24 ส.ค. 2569 เวลา 09:00 - 12:00 อาคาร 811 ห้อง N103:811 | 24 ส.ค. 2569 เวลา 09:00 - 12:00 อาคาร 811 ห้อง N107:811,26 ต.ค. 2569 เวลา 13:00 - 16:00 อาคาร 801 ห้อง 303/2 : 801,กป 1-50+กต+กต2ปี,อังคาร 15:00-17:00 N104:811 (C); พฤหัสบดี 16:00-18:00 FF ฟาร์มสาธิต (L)
2569,1,11400110,เศรษฐกิจพอเพียงและการพัฒนาที่ยั่งยืน,2,60,44,16,W,ผู้ช่วยศาสตราจารย์ ดร.กฤษดา พงษ์การัณยภาส; อาจารย์ ดร.วันวสา วิโรจนารมย์,24 ส.ค. 2569 เวลา 09:00 - 12:00 อาคาร 811 ห้อง N102:811,26 ต.ค. 2569 เวลา 13:00 - 16:00 อาคาร 801 ห้อง 303/2 : 801,กป 51-100,อังคาร 15:00-17:00 N104:811 (C); ศุกร์ 16:00-18:00 FF ฟาร์มสาธิต (L)
2569,1,11400110,เศรษฐกิจพอเพียงและการพัฒนาที่ยั่งยืน,3,20,13,7,W,อาจารย์ ดร.ฐิระ ทองเหลือ,24 ส.ค. 2569 เวลา 09:00 - 12:00 อาคาร 811 ห้อง N107:811,,กป2ปี+ผพ2ปี,อังคาร 10:00-12:00 N208:811 (C); ศุกร์ 16:00-18:00 FF ฟาร์มสาธิต (L)
2569,1,11400111,อาเซียนศึกษา,1,105,94,11,W,อาจารย์จิระพงค์ ไชยซาววงค์,,19 ต.ค. 2569 เวลา 12:00 - 15:00 อาคาร 140 ห้อง EC302,,จันทร์ 08:00-10:00 สิงห์พลิน (C); พฤหัสบดี 08:00-10:00 สิงห์พลิน (L)
2569,1,11400112,การต่อต้านการทุจริต,1,180,157,23,W,อาจารย์ ดร.รุจาดล นันทชารักษ์; อาจารย์นารีวรรณ กลิ่นรัตน์,30 ส.ค. 2569 เวลา 15:30 - 18:30 อาคาร 147 ห้อง 80-301,,,อังคาร 15:00-17:00 สิงห์พลิน (C); ศุกร์ 15:00-17:00 สิงห์พลิน (L)
2569,1,11400112,การต่อต้านการทุจริต,2,150,94,56,W,อาจารย์นารีวรรณ กลิ่นรัตน์; อาจารย์ ดร.รุจาดล นันทชารักษ์,30 ส.ค. 2569 เวลา 15:30 - 18:30 อาคาร 142 ห้อง สิงห์พลิน,,,อังคาร 08:00-10:00 สิงห์ปราชญ์ (C); ศุกร์ 08:00-10:00 สิงห์ปราชญ์ (L)
2569,1,11400112,การต่อต้านการทุจริต,1,45,35,10,W,ผู้ช่วยศาสตราจารย์ ดร.ปัญจพร คำโย,28 ส.ค. 2569 เวลา 09:00 - 12:00 อาคาร 811 ห้อง N103:811,22 ต.ค. 2569 เวลา 13:00 - 16:00 อาคาร 811 ห้อง N102:811,,อังคาร 13:00-15:00 208 : 801 (C); ศุกร์ 13:00-15:00 208 : 801 (L)
2569,1,คพ392,การเป็นผู้ประกอบการทางด้านคอมพิวเตอร์และนวัตกรรม,1,1,1,0,W,อาจารย์ ดร.กิตติกร หาญตระกูล,,,สำหรับนักศึกษาสาขาวิชาวิทยาการคอมพิวเตอร์ (ตกค้าง) หลักสูตร 60,อังคาร 17:00-19:00 บรรยาย คอม 8 (C); พุธ 17:00-20:00 บรรยาย คอม 6 (L)
