session_id,acadyear_be,semester,day_th,day_en,weekday_index,start,end,course_code,title_th,title_en,section,type,type_th,room,building_code,building_name,instructors,seats_open,seats_enrolled,is_cs_department_course
10100214-01-MON-1500,2569,1,จันทร์,MON,0,15:00,18:00,10100214,เกษตรเพื่อชีวิต,Agriculture for Life,1,C,บรรยาย,ศูนย์กีฬา,110,ศูนย์กีฬาเฉลิมพระเกียรติ (โซน B),ผู้ช่วยศาสตราจารย์ ดร.อรพินธุ์ สฤษดิ์นำ; ผู้ช่วยศาสตราจารย์ ดร.ชินพันธ์ ธนารุจ; อาจารย์ ดร.มัลลิกา ดวงเขตต์; รองศาสตราจารย์ ดร.อภินันท์ สุวรรณรักษ์; อาจารย์ ดร.อำพล สอนสระเกษ; อาจารย์ ดร.นงพงา แสงเจริญ; ผู้ช่วยศาสตราจารย์ ดร.เฉลิมศรี นนทสวัสดิ์ศรี; นางสาวสุภาภรณ์ สิริกรม; นางกาญจนา ภักดิ์สันติพงศ์; นายปรีชา รัตนัง; นายสันต์ชัย มุกดา; นายครรชิต ชมภูพันธ์; ว่าที่ร้อยตรีสมบูรณ์ ระดม,65,56,False
10100214-01-MON-1500,2569,1,จันทร์,MON,0,15:00,18:00,10100214,เกษตรเพื่อชีวิต,Agriculture for Life,1,C,บรรยาย,N104:811,811,,อาจารย์ ดร.วันวสา วิโรจนารมย์; อาจารย์ ดร.อนุวัฒน์ จรัสรัตนไพบูลย์; รองศาสตราจารย์ ดร.ณัฐพร จันทร์ฉาย; ผู้ช่วยศาสตราจารย์ ดร.ขวัญจรัส เชิงปัญญา; ผู้ช่วยศาสตราจารย์ ดร.ศิริโสภา อินขะ วรรณวงศ์; ผู้ช่วยศาสตราจารย์ ดร.วรรณา มังกิตะ; ผู้ช่วยศาสตราจารย์ ดร.กฤษดา พงษ์การัณยภาส; ผู้ช่วยศาสตราจารย์ ดร.ดุจดาว คนยัง; ดร.ศตพล กัลยา,65,56,False
10100214-01-TUE-1300,2569,1,อังคาร,TUE,1,13:00,16:00,10100214,เกษตรเพื่อชีวิต,Agriculture for Life,1,C,บรรยาย,306,716,,อาจารย์ปิยนุช จันทรัมพร,65,56,False
10100214-02-THU-1500,2569,1,พฤหัสบดี,THU,3,15:00,18:00,10100214,เกษตรเพื่อชีวิต,Agriculture for Life,2,C,บรรยาย,80-201,147,อาคารเรียนรวม 80 ปี,รองศาสตราจารย์ ดร.ดวงพร อมรเลิศพิศาล; อาจารย์ ดร.ขจรเกียรติ์ ศรีนวลสม; อาจารย์ ดร.กาญจนา จอมสังข์; อาจารย์ ดร.ธนะภูมิ เหล่าจันตา; ผู้ช่วยศาสตราจารย์ ดร.ผานิตย์ นาขยัน; ว่าที่ร้อยตรีสมบูรณ์ ระดม; นางกาญจนา ภักดิ์สันติพงศ์; นายกิตติพงษ์ ทิพยะ; นายสัมพันธ์ ตาติวงค์; ผู้ช่วยศาสตราจารย์ ดร.ณัฏฐ์พัชร เถียรวรกานต์; ผู้ช่วยศาสตราจารย์ ดร.อรพินธุ์ สฤษดิ์นำ; อาจารย์ ว่าที่ร้อยตรี ดร.ปรมินทร์ นาระทะ; ผู้ช่วยศาสตราจารย์ ดร.รัชชานนท์ สมบูรณ์ชัย; ศาสตราจารย์ ดร.อานัฐ ตันโช,170,153,False
10100214-02-THU-1500,2569,1,พฤหัสบดี,THU,3,15:00,18:00,10100214,เกษตรเพื่อชีวิต,Agriculture for Life,2,C,บรรยาย,N104:811,811,,อาจารย์ ดร.อนุวัฒน์ จรัสรัตนไพบูลย์; ผู้ช่วยศาสตราจารย์ ดร.ดุจดาว คนยัง; ผู้ช่วยศาสตราจารย์ ดร.กฤษดา พงษ์การัณยภาส; ผู้ช่วยศาสตราจารย์ ดร.วรรณา มังกิตะ; ดร.ศตพล กัลยา; ผู้ช่วยศาสตราจารย์ ดร.ขวัญจรัส เชิงปัญญา; อาจารย์ ดร.วันวสา วิโรจนารมย์; รองศาสตราจารย์ ดร.ณัฐพร จันทร์ฉาย; ผู้ช่วยศาสตราจารย์ ดร.ศิริโสภา อินขะ วรรณวงศ์,170,153,False
10100214-03-TUE-1500,2569,1,อังคาร,TUE,1,15:00,18:00,10100214,เกษตรเพื่อชีวิต,Agriculture for Life,3,C,บรรยาย,ศูนย์กีฬา,110,ศูนย์กีฬาเฉลิมพระเกียรติ (โซน B),ผู้ช่วยศาสตราจารย์ ดร.เจนจิรา หม่องอ้น; รองศาสตราจารย์ ดร.ศุภธิดา อ่ำทอง; ผู้ช่วยศาสตราจารย์ ดร.โชคชัย ยาทองไชย; ผู้ช่วยศาสตราจารย์ ดร.สาวิกา กอนแสง; ผู้ช่วยศาสตราจารย์ ดร.วาสนา วิรุญรัตน์; ผู้ช่วยศาสตราจารย์ ดร.อรพินธุ์ สฤษดิ์นำ; ผู้ช่วยศาสตราจารย์ ดร.นภัสถ์ จันทร์มี; ผู้ช่วยศาสตราจารย์ ดร.ปฏิภาณ สุทธิกุลบุตร; ดร.วัฒนาพงษ์ ใหม่เฟย; อาจารย์ ดร.สุภาพร ดาวทอง; อาจารย์ ดร.สุเทพ วัชรเวชศฤงคาร; ผู้ช่วยศาสตราจารย์ ดร.ฉัตรสุดา เผือกใจแผ้ว; อาจารย์ ดร.วงค์พันธ์ พรหมวงศ์; นายจักรพงษ์ สุภาวรรณ์; อาจารย์ ดร.กุลชา ชยรพ; อาจารย์ ดร.อำพล สอนสระเกษ; อาจารย์ ดร.จักรพงษ์ ไชยวงศ์; รองศาสตราจารย์ ดร.ณัฐดนัย ลิขิตตระการ; รองศาสตราจารย์ ดร.จีราภรณ์ อินทสาร; อาจารย์ ดร.แสงเดือน อินชนบท; ผู้ช่วยศาสตราจารย์ ดร.จุฑามาศ พิลาดี,10,9,False
10100214-03-FRI-1700,2569,1,ศุกร์,FRI,4,17:00,20:00,10100214,เกษตรเพื่อชีวิต,Agriculture for Life,3,C,บรรยาย,TBA(แพร่),TBA,,ดร.ศตพล กัลยา; ผู้ช่วยศาสตราจารย์ ดร.ดุจดาว คนยัง; ผู้ช่วยศาสตราจารย์ ดร.กฤษดา พงษ์การัณยภาส; ผู้ช่วยศาสตราจารย์ ดร.วรรณา มังกิตะ; ผู้ช่วยศาสตราจารย์ ดร.ศิริโสภา อินขะ วรรณวงศ์; ผู้ช่วยศาสตราจารย์ ดร.ขวัญจรัส เชิงปัญญา; รองศาสตราจารย์ ดร.ณัฐพร จันทร์ฉาย; อาจารย์ ดร.วันวสา วิโรจนารมย์; อาจารย์ ดร.อนุวัฒน์ จรัสรัตนไพบูลย์,10,9,False
10200503-01-MON-0800,2569,1,จันทร์,MON,0,08:00,10:00,10200503,การประยุกต์ใช้โปรแกรมสำเร็จรูปทางธุรกิจ,Application of Business Software Packages,1,C,บรรยาย,C3 COM : 801,801,,อาจารย์ ดร.วัชรี เลขะวิพัฒน์,5,5,False
10200503-01-MON-1700,2569,1,จันทร์,MON,0,17:00,19:00,10200503,การประยุกต์ใช้โปรแกรมสำเร็จรูปทางธุรกิจ,Application of Business Software Packages,1,C,บรรยาย,BA 204 ห้อง lab,107,คณะบริหารธุรกิจ,อาจารย์ ดร.กฤตวยาน์ ทองคู่,5,5,False
10200503-01-MON-1900,2569,1,จันทร์,MON,0,19:00,21:00,10200503,การประยุกต์ใช้โปรแกรมสำเร็จรูปทางธุรกิจ,Application of Business Software Packages,1,L,ปฏิบัติ,BA 204 ห้อง lab,107,คณะบริหารธุรกิจ,อาจารย์ ดร.กฤตวยาน์ ทองคู่,5,5,False
10200503-01-THU-0800,2569,1,พฤหัสบดี,THU,3,08:00,10:00,10200503,การประยุกต์ใช้โปรแกรมสำเร็จรูปทางธุรกิจ,Application of Business Software Packages,1,L,ปฏิบัติ,C1 COM : 801,801,,อาจารย์ ดร.วัชรี เลขะวิพัฒน์,5,5,False
10200503-02-MON-1700,2569,1,จันทร์,MON,0,17:00,19:00,10200503,การประยุกต์ใช้โปรแกรมสำเร็จรูปทางธุรกิจ,Application of Business Software Packages,2,C,บรรยาย,BA 206,107,คณะบริหารธุรกิจ,อาจารย์ ดร.กรรณิกาณ์ ด้วงเจริญ,60,59,False
10200503-02-MON-1900,2569,1,จันทร์,MON,0,19:00,21:00,10200503,การประยุกต์ใช้โปรแกรมสำเร็จรูปทางธุรกิจ,Application of Business Software Packages,2,L,ปฏิบัติ,BA 206,107,คณะบริหารธุรกิจ,อาจารย์ ดร.กรรณิกาณ์ ด้วงเจริญ,60,59,False
10200503-03-THU-1700,2569,1,พฤหัสบดี,THU,3,17:00,19:00,10200503,การประยุกต์ใช้โปรแกรมสำเร็จรูปทางธุรกิจ,Application of Business Software Packages,3,C,บรรยาย,BA 204 ห้อง lab,107,คณะบริหารธุรกิจ,อาจารย์ญาณิศา ไชยศรีหา,60,59,False
10200503-03-THU-1900,2569,1,พฤหัสบดี,THU,3,19:00,21:00,10200503,การประยุกต์ใช้โปรแกรมสำเร็จรูปทางธุรกิจ,Application of Business Software Packages,3,L,ปฏิบัติ,BA 204 ห้อง lab,107,คณะบริหารธุรกิจ,อาจารย์ญาณิศา ไชยศรีหา,60,59,False
10200503-04-FRI-1700,2569,1,ศุกร์,FRI,4,17:00,19:00,10200503,การประยุกต์ใช้โปรแกรมสำเร็จรูปทางธุรกิจ,Application of Business Software Packages,4,C,บรรยาย,BA 204 ห้อง lab,107,คณะบริหารธุรกิจ,อาจารย์ญาณิศา ไชยศรีหา,60,60,False
10200503-04-FRI-1900,2569,1,ศุกร์,FRI,4,19:00,21:00,10200503,การประยุกต์ใช้โปรแกรมสำเร็จรูปทางธุรกิจ,Application of Business Software Packages,4,L,ปฏิบัติ,BA 204 ห้อง lab,107,คณะบริหารธุรกิจ,อาจารย์ญาณิศา ไชยศรีหา,60,60,False
10200503-05-SAT-0800,2569,1,เสาร์,SAT,5,08:00,10:00,10200503,การประยุกต์ใช้โปรแกรมสำเร็จรูปทางธุรกิจ,Application of Business Software Packages,5,C,บรรยาย,BA 204 ห้อง lab,107,คณะบริหารธุรกิจ,อาจารย์ธิดาทิตย์ จันคนา,60,42,False
10200503-05-SAT-1000,2569,1,เสาร์,SAT,5,10:00,12:00,10200503,การประยุกต์ใช้โปรแกรมสำเร็จรูปทางธุรกิจ,Application of Business Software Packages,5,L,ปฏิบัติ,BA 204 ห้อง lab,107,คณะบริหารธุรกิจ,อาจารย์ธิดาทิตย์ จันคนา,60,42,False
10200503-06-SAT-1300,2569,1,เสาร์,SAT,5,13:00,15:00,10200503,การประยุกต์ใช้โปรแกรมสำเร็จรูปทางธุรกิจ,Application of Business Software Packages,6,C,บรรยาย,BA 204 ห้อง lab,107,คณะบริหารธุรกิจ,อาจารย์ธิดาทิตย์ จันคนา,60,59,False
10200503-06-SAT-1500,2569,1,เสาร์,SAT,5,15:00,17:00,10200503,การประยุกต์ใช้โปรแกรมสำเร็จรูปทางธุรกิจ,Application of Business Software Packages,6,L,ปฏิบัติ,BA 204 ห้อง lab,107,คณะบริหารธุรกิจ,อาจารย์ธิดาทิตย์ จันคนา,60,59,False
10200504-01-TUE-1000,2569,1,อังคาร,TUE,1,10:00,12:00,10200504,การเป็นผู้ประกอบการ,Entrepreneurship,1,C,บรรยาย,ศร301,125,อาคารแม่โจ้ 70 ปี : สร้างปัญญาเพื่อแผ่นดิน,รองศาสตราจารย์ปกรณ์ อุดมธนะสารสกุล,260,237,False
10200504-01-FRI-1000,2569,1,ศุกร์,FRI,4,10:00,12:00,10200504,การเป็นผู้ประกอบการ,Entrepreneurship,1,L,ปฏิบัติ,ศร301,125,อาคารแม่โจ้ 70 ปี : สร้างปัญญาเพื่อแผ่นดิน,รองศาสตราจารย์ปกรณ์ อุดมธนะสารสกุล,260,237,False
10200504-02-MON-0800,2569,1,จันทร์,MON,0,08:00,10:00,10200504,การเป็นผู้ประกอบการ,Entrepreneurship,2,C,บรรยาย,ศร301,125,อาคารแม่โจ้ 70 ปี : สร้างปัญญาเพื่อแผ่นดิน,รองศาสตราจารย์ปกรณ์ อุดมธนะสารสกุล,276,271,False
10200504-02-THU-0800,2569,1,พฤหัสบดี,THU,3,08:00,10:00,10200504,การเป็นผู้ประกอบการ,Entrepreneurship,2,L,ปฏิบัติ,ศร301,125,อาคารแม่โจ้ 70 ปี : สร้างปัญญาเพื่อแผ่นดิน,รองศาสตราจารย์ปกรณ์ อุดมธนะสารสกุล,276,271,False
10200504-03-TUE-0800,2569,1,อังคาร,TUE,1,08:00,10:00,10200504,การเป็นผู้ประกอบการ,Entrepreneurship,3,C,บรรยาย,ศร301,125,อาคารแม่โจ้ 70 ปี : สร้างปัญญาเพื่อแผ่นดิน,อาจารย์ฉันทวัต วันดี,260,185,False
10200504-03-FRI-0800,2569,1,ศุกร์,FRI,4,08:00,10:00,10200504,การเป็นผู้ประกอบการ,Entrepreneurship,3,L,ปฏิบัติ,ศร301,125,อาคารแม่โจ้ 70 ปี : สร้างปัญญาเพื่อแผ่นดิน,อาจารย์ฉันทวัต วันดี,260,185,False
10200504-04-TUE-1500,2569,1,อังคาร,TUE,1,15:00,17:00,10200504,การเป็นผู้ประกอบการ,Entrepreneurship,4,C,บรรยาย,ศร301,125,อาคารแม่โจ้ 70 ปี : สร้างปัญญาเพื่อแผ่นดิน,รองศาสตราจารย์ปกรณ์ อุดมธนะสารสกุล,260,255,False
10200504-04-FRI-1500,2569,1,ศุกร์,FRI,4,15:00,17:00,10200504,การเป็นผู้ประกอบการ,Entrepreneurship,4,L,ปฏิบัติ,ศร301,125,อาคารแม่โจ้ 70 ปี : สร้างปัญญาเพื่อแผ่นดิน,รองศาสตราจารย์ปกรณ์ อุดมธนะสารสกุล,260,255,False
10200505-01-MON-1000,2569,1,จันทร์,MON,0,10:00,11:30,10200505,การตลาดบนสมาร์ทโฟน,Marketing on Smartphone,1,C,บรรยาย,N109:811,811,,ผู้ช่วยศาสตราจารย์ ดร.น้ำฝน รักประยูร,20,17,False
10200505-01-TUE-1600,2569,1,อังคาร,TUE,1,16:00,17:30,10200505,การตลาดบนสมาร์ทโฟน,Marketing on Smartphone,1,C,บรรยาย,ศร304,125,อาคารแม่โจ้ 70 ปี : สร้างปัญญาเพื่อแผ่นดิน,อาจารย์ ดร.สุตาภัทร คงเกิด,20,17,False
10200505-01-THU-1000,2569,1,พฤหัสบดี,THU,3,10:00,11:30,10200505,การตลาดบนสมาร์ทโฟน,Marketing on Smartphone,1,L,ปฏิบัติ,N109:811,811,,ผู้ช่วยศาสตราจารย์ ดร.น้ำฝน รักประยูร,20,17,False
10200505-01-FRI-1600,2569,1,ศุกร์,FRI,4,16:00,17:30,10200505,การตลาดบนสมาร์ทโฟน,Marketing on Smartphone,1,C,บรรยาย,ศร304,125,อาคารแม่โจ้ 70 ปี : สร้างปัญญาเพื่อแผ่นดิน,อาจารย์ ดร.สุตาภัทร คงเกิด,20,17,False
10200506-01-MON-1300,2569,1,จันทร์,MON,0,13:00,14:30,10200506,การวางแผนการเงินในชีวิตประจำวัน,Financial Planning for Daily Life,1,C,บรรยาย,80-501,147,อาคารเรียนรวม 80 ปี,ผู้ช่วยศาสตราจารย์โสภณ ฟองเพชร,94,92,False
10200506-01-THU-1300,2569,1,พฤหัสบดี,THU,3,13:00,14:30,10200506,การวางแผนการเงินในชีวิตประจำวัน,Financial Planning for Daily Life,1,C,บรรยาย,80-501,147,อาคารเรียนรวม 80 ปี,ผู้ช่วยศาสตราจารย์โสภณ ฟองเพชร,94,92,False
10200506-02-TUE-1300,2569,1,อังคาร,TUE,1,13:00,14:30,10200506,การวางแผนการเงินในชีวิตประจำวัน,Financial Planning for Daily Life,2,C,บรรยาย,BA 304,107,คณะบริหารธุรกิจ,ผู้ช่วยศาสตราจารย์โสภณ ฟองเพชร,33,32,False
10200506-02-FRI-1300,2569,1,ศุกร์,FRI,4,13:00,14:30,10200506,การวางแผนการเงินในชีวิตประจำวัน,Financial Planning for Daily Life,2,C,บรรยาย,BA 304,107,คณะบริหารธุรกิจ,ผู้ช่วยศาสตราจารย์โสภณ ฟองเพชร,33,32,False
10200507-01-THU-1700,2569,1,พฤหัสบดี,THU,3,17:00,20:00,10200507,ภาษีอากรสำหรับผู้ประกอบการ,Taxation for Entrepreneurship,1,C,บรรยาย,BA 402,107,คณะบริหารธุรกิจ,นางสาวณิภาวรรณ มหาไม้,71,70,False
10300402-01-TUE-1300,2569,1,อังคาร,TUE,1,13:00,15:00,10300402,การใช้ชีวิตในสังคมดิจิทัล,Living in Digital Society,1,C,บรรยาย,ศร201_2,125,อาคารแม่โจ้ 70 ปี : สร้างปัญญาเพื่อแผ่นดิน,อาจารย์ ดร.จิราวรรณ รอนราญ,250,116,False
10300402-01-FRI-1300,2569,1,ศุกร์,FRI,4,13:00,15:00,10300402,การใช้ชีวิตในสังคมดิจิทัล,Living in Digital Society,1,L,ปฏิบัติ,ศร201_2,125,อาคารแม่โจ้ 70 ปี : สร้างปัญญาเพื่อแผ่นดิน,อาจารย์ ดร.จิราวรรณ รอนราญ,250,116,False
10300402-02-MON-1700,2569,1,จันทร์,MON,0,17:00,19:00,10300402,การใช้ชีวิตในสังคมดิจิทัล,Living in Digital Society,2,C,บรรยาย,Lab IT 3202-1,105,คณะวิทยาศาสตร์,ผู้ช่วยศาสตราจารย์ ดร.สายัณห์ อุ่นนันกาศ; ว่าที่ร้อยตรี ดร.มาโนชญ์ ตนสิงห์,250,130,False
10300402-02-THU-1700,2569,1,พฤหัสบดี,THU,3,17:00,19:00,10300402,การใช้ชีวิตในสังคมดิจิทัล,Living in Digital Society,2,L,ปฏิบัติ,Lab IT 3202-1,105,คณะวิทยาศาสตร์,ผู้ช่วยศาสตราจารย์ ดร.สายัณห์ อุ่นนันกาศ; ว่าที่ร้อยตรี ดร.มาโนชญ์ ตนสิงห์,250,130,False
10300402-03-MON-1600,2569,1,จันทร์,MON,0,16:00,18:00,10300402,การใช้ชีวิตในสังคมดิจิทัล,Living in Digital Society,3,C,บรรยาย,80-301,147,อาคารเรียนรวม 80 ปี,อาจารย์ ดร.จักรกฤช เตโช; อาจารย์ ดร.วัชรินทร์ สาระไชย,200,170,False
10300402-03-THU-1600,2569,1,พฤหัสบดี,THU,3,16:00,18:00,10300402,การใช้ชีวิตในสังคมดิจิทัล,Living in Digital Society,3,L,ปฏิบัติ,80-301,147,อาคารเรียนรวม 80 ปี,อาจารย์ ดร.จักรกฤช เตโช; อาจารย์ ดร.วัชรินทร์ สาระไชย,200,170,False
10300403-01-TUE-1000,2569,1,อังคาร,TUE,1,10:00,12:00,10300403,โปรแกรมสำเร็จรูปเพื่อการศึกษา,Educational Software,1,C,บรรยาย,ห้องคอม C,125,อาคารแม่โจ้ 70 ปี : สร้างปัญญาเพื่อแผ่นดิน,อาจารย์ทัศนีย์ ชัยยา,40,37,False
10300403-01-TUE-1000,2569,1,อังคาร,TUE,1,10:00,12:00,10300403,โปรแกรมสำเร็จรูปเพื่อการศึกษา,Educational Software,1,C,บรรยาย,N104:811,811,,อาจารย์ ดร.พัชรณัฐ ดาวดึงษ์,40,37,False
10300403-01-TUE-1500,2569,1,อังคาร,TUE,1,15:00,17:00,10300403,โปรแกรมสำเร็จรูปเพื่อการศึกษา,Educational Software,1,L,ปฏิบัติ,C3 COM : 801,801,,อาจารย์ ดร.พัชรณัฐ ดาวดึงษ์,40,37,False
10300403-01-FRI-1000,2569,1,ศุกร์,FRI,4,10:00,12:00,10300403,โปรแกรมสำเร็จรูปเพื่อการศึกษา,Educational Software,1,L,ปฏิบัติ,ห้องคอม C,125,อาคารแม่โจ้ 70 ปี : สร้างปัญญาเพื่อแผ่นดิน,อาจารย์ทัศนีย์ ชัยยา,40,37,False
10300403-02-TUE-0800,2569,1,อังคาร,TUE,1,08:00,10:00,10300403,โปรแกรมสำเร็จรูปเพื่อการศึกษา,Educational Software,2,C,บรรยาย,วิทย์ 1108,105,คณะวิทยาศาสตร์,อาจารย์ทัศนีย์ ชัยยา,49,41,False
10300403-02-TUE-1000,2569,1,อังคาร,TUE,1,10:00,12:00,10300403,โปรแกรมสำเร็จรูปเพื่อการศึกษา,Educational Software,2,C,บรรยาย,N104:811,811,,อาจารย์ ดร.พัชรณัฐ ดาวดึงษ์; อาจารย์ณฐวุฒ พยัฆคิน,49,41,False
10300403-02-FRI-0800,2569,1,ศุกร์,FRI,4,08:00,10:00,10300403,โปรแกรมสำเร็จรูปเพื่อการศึกษา,Educational Software,2,L,ปฏิบัติ,ห้องคอม C,125,อาคารแม่โจ้ 70 ปี : สร้างปัญญาเพื่อแผ่นดิน,อาจารย์ทัศนีย์ ชัยยา,49,41,False
10300403-02-FRI-0800,2569,1,ศุกร์,FRI,4,08:00,10:00,10300403,โปรแกรมสำเร็จรูปเพื่อการศึกษา,Educational Software,2,L,ปฏิบัติ,C3 COM : 801,801,,อาจารย์ ดร.พัชรณัฐ ดาวดึงษ์; อาจารย์ณฐวุฒ พยัฆคิน,49,41,False
10300403-03-TUE-1000,2569,1,อังคาร,TUE,1,10:00,12:00,10300403,โปรแกรมสำเร็จรูปเพื่อการศึกษา,Educational Software,3,C,บรรยาย,N104:811,811,,อาจารย์ ดร.พัชรณัฐ ดาวดึงษ์; อาจารย์ณฐวุฒ พยัฆคิน,49,49,False
10300403-03-THU-0800,2569,1,พฤหัสบดี,THU,3,08:00,10:00,10300403,โปรแกรมสำเร็จรูปเพื่อการศึกษา,Educational Software,3,L,ปฏิบัติ,C3 COM : 801,801,,อาจารย์ ดร.พัชรณัฐ ดาวดึงษ์; อาจารย์ณฐวุฒ พยัฆคิน,49,49,False
10300403-04-TUE-1000,2569,1,อังคาร,TUE,1,10:00,12:00,10300403,โปรแกรมสำเร็จรูปเพื่อการศึกษา,Educational Software,4,C,บรรยาย,N104:811,811,,อาจารย์ ดร.พัชรณัฐ ดาวดึงษ์; อาจารย์ณฐวุฒ พยัฆคิน,49,49,False
10300403-04-FRI-1000,2569,1,ศุกร์,FRI,4,10:00,12:00,10300403,โปรแกรมสำเร็จรูปเพื่อการศึกษา,Educational Software,4,L,ปฏิบัติ,C3 COM : 801,801,,อาจารย์ ดร.พัชรณัฐ ดาวดึงษ์; อาจารย์ณฐวุฒ พยัฆคิน,49,49,False
10300404-01-TUE-1100,2569,1,อังคาร,TUE,1,11:00,12:30,10300404,การตัดสินใจในชีวิตประจำวัน,Decision in Daily Life,1,C,บรรยาย,80-305 (สำรอง),147,อาคารเรียนรวม 80 ปี,ผู้ช่วยศาสตราจารย์ ดร.ศิริพร สมุทรวชิรวงษ์,90,62,False
10300404-01-FRI-1100,2569,1,ศุกร์,FRI,4,11:00,12:30,10300404,การตัดสินใจในชีวิตประจำวัน,Decision in Daily Life,1,C,บรรยาย,80-305 (สำรอง),147,อาคารเรียนรวม 80 ปี,ผู้ช่วยศาสตราจารย์ ดร.ศิริพร สมุทรวชิรวงษ์,90,62,False
10300404-02-TUE-1300,2569,1,อังคาร,TUE,1,13:00,14:30,10300404,การตัดสินใจในชีวิตประจำวัน,Decision in Daily Life,2,C,บรรยาย,80-305 (สำรอง),147,อาคารเรียนรวม 80 ปี,ผู้ช่วยศาสตราจารย์ ดร.ศิริพร สมุทรวชิรวงษ์,100,97,False
10300404-02-FRI-1300,2569,1,ศุกร์,FRI,4,13:00,14:30,10300404,การตัดสินใจในชีวิตประจำวัน,Decision in Daily Life,2,C,บรรยาย,80-305 (สำรอง),147,อาคารเรียนรวม 80 ปี,ผู้ช่วยศาสตราจารย์ ดร.ศิริพร สมุทรวชิรวงษ์,100,97,False
10300404-03-MON-1430,2569,1,จันทร์,MON,0,14:30,16:00,10300404,การตัดสินใจในชีวิตประจำวัน,Decision in Daily Life,3,C,บรรยาย,ศร401,125,อาคารแม่โจ้ 70 ปี : สร้างปัญญาเพื่อแผ่นดิน,ผู้ช่วยศาสตราจารย์ ดร.หนึ่งหทัย ชัยอาภร,90,88,False
10300404-03-THU-1430,2569,1,พฤหัสบดี,THU,3,14:30,16:00,10300404,การตัดสินใจในชีวิตประจำวัน,Decision in Daily Life,3,C,บรรยาย,ศร401,125,อาคารแม่โจ้ 70 ปี : สร้างปัญญาเพื่อแผ่นดิน,ผู้ช่วยศาสตราจารย์ ดร.หนึ่งหทัย ชัยอาภร,90,88,False
10300404-04-MON-1300,2569,1,จันทร์,MON,0,13:00,14:30,10300404,การตัดสินใจในชีวิตประจำวัน,Decision in Daily Life,4,C,บรรยาย,80-406,147,อาคารเรียนรวม 80 ปี,ผู้ช่วยศาสตราจารย์ ดร.หนึ่งหทัย ชัยอาภร,95,80,False
10300404-04-THU-1300,2569,1,พฤหัสบดี,THU,3,13:00,14:30,10300404,การตัดสินใจในชีวิตประจำวัน,Decision in Daily Life,4,C,บรรยาย,80-406,147,อาคารเรียนรวม 80 ปี,ผู้ช่วยศาสตราจารย์ ดร.หนึ่งหทัย ชัยอาภร,95,80,False
10300404-05-MON-1000,2569,1,จันทร์,MON,0,10:00,11:30,10300404,การตัดสินใจในชีวิตประจำวัน,Decision in Daily Life,5,C,บรรยาย,ศร204,125,อาคารแม่โจ้ 70 ปี : สร้างปัญญาเพื่อแผ่นดิน,ผู้ช่วยศาสตราจารย์รุ่งกานต์ ใจวงค์ยะ; ผู้ช่วยศาสตราจารย์ ดร.ศิริพร สมุทรวชิรวงษ์,109,23,False
10300404-05-THU-1000,2569,1,พฤหัสบดี,THU,3,10:00,11:30,10300404,การตัดสินใจในชีวิตประจำวัน,Decision in Daily Life,5,C,บรรยาย,ศร204,125,อาคารแม่โจ้ 70 ปี : สร้างปัญญาเพื่อแผ่นดิน,ผู้ช่วยศาสตราจารย์รุ่งกานต์ ใจวงค์ยะ; ผู้ช่วยศาสตราจารย์ ดร.ศิริพร สมุทรวชิรวงษ์,109,23,False
10300404-06-TUE-1000,2569,1,อังคาร,TUE,1,10:00,11:30,10300404,การตัดสินใจในชีวิตประจำวัน,Decision in Daily Life,6,C,บรรยาย,ศร401,125,อาคารแม่โจ้ 70 ปี : สร้างปัญญาเพื่อแผ่นดิน,ผู้ช่วยศาสตราจารย์รุ่งกานต์ ใจวงค์ยะ; ผู้ช่วยศาสตราจารย์ ดร.หนึ่งหทัย ชัยอาภร,120,119,False
10300404-06-FRI-1000,2569,1,ศุกร์,FRI,4,10:00,11:30,10300404,การตัดสินใจในชีวิตประจำวัน,Decision in Daily Life,6,C,บรรยาย,ศร401,125,อาคารแม่โจ้ 70 ปี : สร้างปัญญาเพื่อแผ่นดิน,ผู้ช่วยศาสตราจารย์รุ่งกานต์ ใจวงค์ยะ; ผู้ช่วยศาสตราจารย์ ดร.หนึ่งหทัย ชัยอาภร,120,119,False
10300405-01-MON-1000,2569,1,จันทร์,MON,0,10:00,12:00,10300405,การคำนวณทางธุรกิจและการลงทุนสำหรับผู้ประกอบการยุคใหม่,Business and Investment Calculations for Modern Entrepreneurs,1,C,บรรยาย,ห้องคอม C,125,อาคารแม่โจ้ 70 ปี : สร้างปัญญาเพื่อแผ่นดิน,ผู้ช่วยศาสตราจารย์ ดร.อุไรลักษมณ์ สิงห์ทอง; ผู้ช่วยศาสตราจารย์กมลเทพ มีคำ; อาจารย์ ดร.พิกุล ศรีดารัตน์; ผู้ช่วยศาสตราจารย์ ดร.จีรวรรณ พัชรประกิติ,50,50,False
10300405-01-TUE-0800,2569,1,อังคาร,TUE,1,08:00,10:00,10300405,การคำนวณทางธุรกิจและการลงทุนสำหรับผู้ประกอบการยุคใหม่,Business and Investment Calculations for Modern Entrepreneurs,1,C,บรรยาย,107 : 801,801,,อาจารย์กรรณิการ์ มอญแก้ว; อาจารย์ ดร.วิลาสินี บุญธรรม; อาจารย์ ดร.รัชนีวรรณ คำตัน,50,50,False
10300405-01-THU-1000,2569,1,พฤหัสบดี,THU,3,10:00,12:00,10300405,การคำนวณทางธุรกิจและการลงทุนสำหรับผู้ประกอบการยุคใหม่,Business and Investment Calculations for Modern Entrepreneurs,1,L,ปฏิบัติ,ห้องคอม C,125,อาคารแม่โจ้ 70 ปี : สร้างปัญญาเพื่อแผ่นดิน,ผู้ช่วยศาสตราจารย์ ดร.อุไรลักษมณ์ สิงห์ทอง; ผู้ช่วยศาสตราจารย์กมลเทพ มีคำ; อาจารย์ ดร.พิกุล ศรีดารัตน์; ผู้ช่วยศาสตราจารย์ ดร.จีรวรรณ พัชรประกิติ,50,50,False
10300405-01-FRI-0800,2569,1,ศุกร์,FRI,4,08:00,10:00,10300405,การคำนวณทางธุรกิจและการลงทุนสำหรับผู้ประกอบการยุคใหม่,Business and Investment Calculations for Modern Entrepreneurs,1,L,ปฏิบัติ,N109:811,811,,อาจารย์กรรณิการ์ มอญแก้ว; อาจารย์ ดร.วิลาสินี บุญธรรม; อาจารย์ ดร.รัชนีวรรณ คำตัน,50,50,False
10300405-02-TUE-1500,2569,1,อังคาร,TUE,1,15:00,17:00,10300405,การคำนวณทางธุรกิจและการลงทุนสำหรับผู้ประกอบการยุคใหม่,Business and Investment Calculations for Modern Entrepreneurs,2,C,บรรยาย,ห้องคอม C,125,อาคารแม่โจ้ 70 ปี : สร้างปัญญาเพื่อแผ่นดิน,ผู้ช่วยศาสตราจารย์กมลเทพ มีคำ; อาจารย์ ดร.พิกุล ศรีดารัตน์; ผู้ช่วยศาสตราจารย์ ดร.อุไรลักษมณ์ สิงห์ทอง; ผู้ช่วยศาสตราจารย์ ดร.จีรวรรณ พัชรประกิติ,15,9,False
10300405-02-FRI-1500,2569,1,ศุกร์,FRI,4,15:00,17:00,10300405,การคำนวณทางธุรกิจและการลงทุนสำหรับผู้ประกอบการยุคใหม่,Business and Investment Calculations for Modern Entrepreneurs,2,L,ปฏิบัติ,ห้องคอม C,125,อาคารแม่โจ้ 70 ปี : สร้างปัญญาเพื่อแผ่นดิน,ผู้ช่วยศาสตราจารย์กมลเทพ มีคำ; อาจารย์ ดร.พิกุล ศรีดารัตน์; ผู้ช่วยศาสตราจารย์ ดร.อุไรลักษมณ์ สิงห์ทอง; ผู้ช่วยศาสตราจารย์ ดร.จีรวรรณ พัชรประกิติ,15,9,False
10300405-02-SAT-0800,2569,1,เสาร์,SAT,5,08:00,12:00,10300405,การคำนวณทางธุรกิจและการลงทุนสำหรับผู้ประกอบการยุคใหม่,Business and Investment Calculations for Modern Entrepreneurs,2,C,บรรยาย,TBA(แพร่),TBA,,อาจารย์ ดร.รัชนีวรรณ คำตัน; อาจารย์ ดร.วิลาสินี บุญธรรม; อาจารย์กรรณิการ์ มอญแก้ว,15,9,False
10300405-03-TUE-1300,2569,1,อังคาร,TUE,1,13:00,15:00,10300405,การคำนวณทางธุรกิจและการลงทุนสำหรับผู้ประกอบการยุคใหม่,Business and Investment Calculations for Modern Entrepreneurs,3,C,บรรยาย,ห้องคอม C,125,อาคารแม่โจ้ 70 ปี : สร้างปัญญาเพื่อแผ่นดิน,อาจารย์ ดร.พิกุล ศรีดารัตน์; ผู้ช่วยศาสตราจารย์ ดร.จีรวรรณ พัชรประกิติ; ผู้ช่วยศาสตราจารย์กมลเทพ มีคำ; ผู้ช่วยศาสตราจารย์ ดร.อุไรลักษมณ์ สิงห์ทอง,97,95,False
10300405-03-FRI-1300,2569,1,ศุกร์,FRI,4,13:00,15:00,10300405,การคำนวณทางธุรกิจและการลงทุนสำหรับผู้ประกอบการยุคใหม่,Business and Investment Calculations for Modern Entrepreneurs,3,L,ปฏิบัติ,ห้องคอม C,125,อาคารแม่โจ้ 70 ปี : สร้างปัญญาเพื่อแผ่นดิน,อาจารย์ ดร.พิกุล ศรีดารัตน์; ผู้ช่วยศาสตราจารย์ ดร.จีรวรรณ พัชรประกิติ; ผู้ช่วยศาสตราจารย์กมลเทพ มีคำ; ผู้ช่วยศาสตราจารย์ ดร.อุไรลักษมณ์ สิงห์ทอง,97,95,False
10300405-04-MON-1500,2569,1,จันทร์,MON,0,15:00,17:00,10300405,การคำนวณทางธุรกิจและการลงทุนสำหรับผู้ประกอบการยุคใหม่,Business and Investment Calculations for Modern Entrepreneurs,4,C,บรรยาย,ห้องคอม C,125,อาคารแม่โจ้ 70 ปี : สร้างปัญญาเพื่อแผ่นดิน,ผู้ช่วยศาสตราจารย์กมลเทพ มีคำ; อาจารย์ ดร.พิกุล ศรีดารัตน์; ผู้ช่วยศาสตราจารย์ ดร.อุไรลักษมณ์ สิงห์ทอง; ผู้ช่วยศาสตราจารย์ ดร.จีรวรรณ พัชรประกิติ,82,48,False
10300405-04-THU-1500,2569,1,พฤหัสบดี,THU,3,15:00,17:00,10300405,การคำนวณทางธุรกิจและการลงทุนสำหรับผู้ประกอบการยุคใหม่,Business and Investment Calculations for Modern Entrepreneurs,4,L,ปฏิบัติ,ห้องคอม C,125,อาคารแม่โจ้ 70 ปี : สร้างปัญญาเพื่อแผ่นดิน,ผู้ช่วยศาสตราจารย์กมลเทพ มีคำ; อาจารย์ ดร.พิกุล ศรีดารัตน์; ผู้ช่วยศาสตราจารย์ ดร.อุไรลักษมณ์ สิงห์ทอง; ผู้ช่วยศาสตราจารย์ ดร.จีรวรรณ พัชรประกิติ,82,48,False
10300409-01-MON-1430,2569,1,จันทร์,MON,0,14:30,16:00,10300409,คณิตศาสตร์เพื่อชีวิตสมัยใหม่,Mathematics for Modern Life,1,C,บรรยาย,วิทย์ 1108,105,คณะวิทยาศาสตร์,ผู้ช่วยศาสตราจารย์ ดร.สิตา ชากฤษณ์; ผู้ช่วยศาสตราจารย์ ดร.พิลาศลักษณ์ ศรแก้ว; อาจารย์ ดร.ธวัชชัย เพชรธาราทิพย์,80,80,False
10300409-01-THU-1430,2569,1,พฤหัสบดี,THU,3,14:30,16:00,10300409,คณิตศาสตร์เพื่อชีวิตสมัยใหม่,Mathematics for Modern Life,1,C,บรรยาย,วิทย์ 1108,105,คณะวิทยาศาสตร์,ผู้ช่วยศาสตราจารย์ ดร.สิตา ชากฤษณ์; ผู้ช่วยศาสตราจารย์ ดร.พิลาศลักษณ์ ศรแก้ว; อาจารย์ ดร.ธวัชชัย เพชรธาราทิพย์,80,80,False
10300409-02-MON-0800,2569,1,จันทร์,MON,0,08:00,09:30,10300409,คณิตศาสตร์เพื่อชีวิตสมัยใหม่,Mathematics for Modern Life,2,C,บรรยาย,วิทย์ 1108,105,คณะวิทยาศาสตร์,,80,32,False
10300409-02-THU-0800,2569,1,พฤหัสบดี,THU,3,08:00,09:30,10300409,คณิตศาสตร์เพื่อชีวิตสมัยใหม่,Mathematics for Modern Life,2,C,บรรยาย,วิทย์ 1108,105,คณะวิทยาศาสตร์,,80,32,False
10300410-01-MON-0930,2569,1,จันทร์,MON,0,09:30,11:00,10300410,ความฉลาดรู้ด้านวิทยาศาสตร์สำหรับโลกสมัยใหม่,Scientific Literacy for the Modern World,1,C,บรรยาย,วิทย์ 2205,105,คณะวิทยาศาสตร์,,80,0,False
10300410-01-THU-0930,2569,1,พฤหัสบดี,THU,3,09:30,11:00,10300410,ความฉลาดรู้ด้านวิทยาศาสตร์สำหรับโลกสมัยใหม่,Scientific Literacy for the Modern World,1,C,บรรยาย,วิทย์ 2205,105,คณะวิทยาศาสตร์,,80,0,False
10300410-02-MON-1100,2569,1,จันทร์,MON,0,11:00,12:30,10300410,ความฉลาดรู้ด้านวิทยาศาสตร์สำหรับโลกสมัยใหม่,Scientific Literacy for the Modern World,2,C,บรรยาย,วิทย์ 2205,105,คณะวิทยาศาสตร์,รองศาสตราจารย์ ดร.ดารา ภูสง่า; ว่าที่ร้อยตรี ดร.มาโนชญ์ ตนสิงห์; ผู้ช่วยศาสตราจารย์ ดร.ฐปน ชื่นบาล; ผู้ช่วยศาสตราจารย์ ดร.นิตยา ใจทนง; ผู้ช่วยศาสตราจารย์ ดร.ศุภรัตน์ นาคสิทธิพันธุ์; ผู้ช่วยศาสตราจารย์ ดร.ชนิกานต์ เอมหฤทัย; ผู้ช่วยศาสตราจารย์ ดร.นภัสถ์ จันทร์มี; ผู้ช่วยศาสตราจารย์ ดร.ศิราภรณ์ ชื่นบาล,80,80,False
10300410-02-THU-1100,2569,1,พฤหัสบดี,THU,3,11:00,12:30,10300410,ความฉลาดรู้ด้านวิทยาศาสตร์สำหรับโลกสมัยใหม่,Scientific Literacy for the Modern World,2,C,บรรยาย,วิทย์ 2205,105,คณะวิทยาศาสตร์,รองศาสตราจารย์ ดร.ดารา ภูสง่า; ว่าที่ร้อยตรี ดร.มาโนชญ์ ตนสิงห์; ผู้ช่วยศาสตราจารย์ ดร.ฐปน ชื่นบาล; ผู้ช่วยศาสตราจารย์ ดร.นิตยา ใจทนง; ผู้ช่วยศาสตราจารย์ ดร.ศุภรัตน์ นาคสิทธิพันธุ์; ผู้ช่วยศาสตราจารย์ ดร.ชนิกานต์ เอมหฤทัย; ผู้ช่วยศาสตราจารย์ ดร.นภัสถ์ จันทร์มี; ผู้ช่วยศาสตราจารย์ ดร.ศิราภรณ์ ชื่นบาล,80,80,False
10300410-03-TUE-0930,2569,1,อังคาร,TUE,1,09:30,11:00,10300410,ความฉลาดรู้ด้านวิทยาศาสตร์สำหรับโลกสมัยใหม่,Scientific Literacy for the Modern World,3,C,บรรยาย,วิทย์ 2205,105,คณะวิทยาศาสตร์,รองศาสตราจารย์ ดร.ดารา ภูสง่า; ว่าที่ร้อยตรี ดร.มาโนชญ์ ตนสิงห์; ผู้ช่วยศาสตราจารย์ ดร.ฐปน ชื่นบาล; ผู้ช่วยศาสตราจารย์ ดร.ศิราภรณ์ ชื่นบาล; ผู้ช่วยศาสตราจารย์ ดร.นภัสถ์ จันทร์มี; ผู้ช่วยศาสตราจารย์ ดร.ชนิกานต์ เอมหฤทัย; ผู้ช่วยศาสตราจารย์ ดร.ศุภรัตน์ นาคสิทธิพันธุ์; ผู้ช่วยศาสตราจารย์ ดร.นิตยา ใจทนง,87,66,False
10300410-03-FRI-0930,2569,1,ศุกร์,FRI,4,09:30,11:00,10300410,ความฉลาดรู้ด้านวิทยาศาสตร์สำหรับโลกสมัยใหม่,Scientific Literacy for the Modern World,3,C,บรรยาย,วิทย์ 2205,105,คณะวิทยาศาสตร์,รองศาสตราจารย์ ดร.ดารา ภูสง่า; ว่าที่ร้อยตรี ดร.มาโนชญ์ ตนสิงห์; ผู้ช่วยศาสตราจารย์ ดร.ฐปน ชื่นบาล; ผู้ช่วยศาสตราจารย์ ดร.ศิราภรณ์ ชื่นบาล; ผู้ช่วยศาสตราจารย์ ดร.นภัสถ์ จันทร์มี; ผู้ช่วยศาสตราจารย์ ดร.ชนิกานต์ เอมหฤทัย; ผู้ช่วยศาสตราจารย์ ดร.ศุภรัตน์ นาคสิทธิพันธุ์; ผู้ช่วยศาสตราจารย์ ดร.นิตยา ใจทนง,87,66,False
10300410-04-TUE-1100,2569,1,อังคาร,TUE,1,11:00,12:30,10300410,ความฉลาดรู้ด้านวิทยาศาสตร์สำหรับโลกสมัยใหม่,Scientific Literacy for the Modern World,4,C,บรรยาย,วิทย์ 2205,105,คณะวิทยาศาสตร์,ผู้ช่วยศาสตราจารย์ ดร.นิตยา ใจทนง; ว่าที่ร้อยตรี ดร.มาโนชญ์ ตนสิงห์; ผู้ช่วยศาสตราจารย์ ดร.ฐปน ชื่นบาล; ผู้ช่วยศาสตราจารย์ ดร.ศิราภรณ์ ชื่นบาล; ผู้ช่วยศาสตราจารย์ ดร.นภัสถ์ จันทร์มี; ผู้ช่วยศาสตราจารย์ ดร.ชนิกานต์ เอมหฤทัย; ผู้ช่วยศาสตราจารย์ ดร.ศุภรัตน์ นาคสิทธิพันธุ์; รองศาสตราจารย์ ดร.ดารา ภูสง่า,84,84,False
10300410-04-FRI-1100,2569,1,ศุกร์,FRI,4,11:00,12:30,10300410,ความฉลาดรู้ด้านวิทยาศาสตร์สำหรับโลกสมัยใหม่,Scientific Literacy for the Modern World,4,C,บรรยาย,วิทย์ 2205,105,คณะวิทยาศาสตร์,ผู้ช่วยศาสตราจารย์ ดร.นิตยา ใจทนง; ว่าที่ร้อยตรี ดร.มาโนชญ์ ตนสิงห์; ผู้ช่วยศาสตราจารย์ ดร.ฐปน ชื่นบาล; ผู้ช่วยศาสตราจารย์ ดร.ศิราภรณ์ ชื่นบาล; ผู้ช่วยศาสตราจารย์ ดร.นภัสถ์ จันทร์มี; ผู้ช่วยศาสตราจารย์ ดร.ชนิกานต์ เอมหฤทัย; ผู้ช่วยศาสตราจารย์ ดร.ศุภรัตน์ นาคสิทธิพันธุ์; รองศาสตราจารย์ ดร.ดารา ภูสง่า,84,84,False
10300411-01-MON-0800,2569,1,จันทร์,MON,0,08:00,10:00,10300411,วิทยาศาสตร์เพื่อชีวิต,Science for Life,1,C,บรรยาย,ศร201_1,125,อาคารแม่โจ้ 70 ปี : สร้างปัญญาเพื่อแผ่นดิน,ผู้ช่วยศาสตราจารย์กมลเทพ มีคำ; ผู้ช่วยศาสตราจารย์ ดร.พรพรรณ อุตมัง; อาจารย์ ดร.สุภาพร ดาวทอง; ผู้ช่วยศาสตราจารย์ ดร.จุฑามาศ มณีวงศ์; ผู้ช่วยศาสตราจารย์ ดร.นภัสถ์ จันทร์มี; ผู้ช่วยศาสตราจารย์ ดร.ยุพเยาว์ คบพิมาย; ผู้ช่วยศาสตราจารย์ ดร.โชคชัย ยาทองไชย; ผู้ช่วยศาสตราจารย์ ดร.ทิพปภา พิสิษฐ์กุล; รองศาสตราจารย์ ดร.ชูพงษ์ ภาคภูมิ; ผู้ช่วยศาสตราจารย์ ดร.ชนิกานต์ เอมหฤทัย,180,158,False
10300411-01-THU-0800,2569,1,พฤหัสบดี,THU,3,08:00,10:00,10300411,วิทยาศาสตร์เพื่อชีวิต,Science for Life,1,L,ปฏิบัติ,ศร201_1,125,อาคารแม่โจ้ 70 ปี : สร้างปัญญาเพื่อแผ่นดิน,ผู้ช่วยศาสตราจารย์กมลเทพ มีคำ; ผู้ช่วยศาสตราจารย์ ดร.พรพรรณ อุตมัง; อาจารย์ ดร.สุภาพร ดาวทอง; ผู้ช่วยศาสตราจารย์ ดร.จุฑามาศ มณีวงศ์; ผู้ช่วยศาสตราจารย์ ดร.นภัสถ์ จันทร์มี; ผู้ช่วยศาสตราจารย์ ดร.ยุพเยาว์ คบพิมาย; ผู้ช่วยศาสตราจารย์ ดร.โชคชัย ยาทองไชย; ผู้ช่วยศาสตราจารย์ ดร.ทิพปภา พิสิษฐ์กุล; รองศาสตราจารย์ ดร.ชูพงษ์ ภาคภูมิ; ผู้ช่วยศาสตราจารย์ ดร.ชนิกานต์ เอมหฤทัย,180,158,False
10300411-02-MON-1500,2569,1,จันทร์,MON,0,15:00,17:00,10300411,วิทยาศาสตร์เพื่อชีวิต,Science for Life,2,C,บรรยาย,ศร201_1,125,อาคารแม่โจ้ 70 ปี : สร้างปัญญาเพื่อแผ่นดิน,รองศาสตราจารย์ ดร.ช่อทิพา สกูลสิงหาโรจน์; รองศาสตราจารย์ ดร.ชูพงษ์ ภาคภูมิ; อาจารย์ ดร.สุภาพร ดาวทอง; อาจารย์ ดร.พิชามญชุ์ ลิ่มเจริญชาติ; ผู้ช่วยศาสตราจารย์ ดร.นภัสถ์ จันทร์มี; ผู้ช่วยศาสตราจารย์ ดร.ชนิกานต์ เอมหฤทัย; ผู้ช่วยศาสตราจารย์ ดร.โชคชัย ยาทองไชย; ผู้ช่วยศาสตราจารย์ ดร.ทิพปภา พิสิษฐ์กุล; ผู้ช่วยศาสตราจารย์ ดร.พรพรรณ อุตมัง; ผู้ช่วยศาสตราจารย์กมลเทพ มีคำ,180,121,False
10300411-02-THU-1500,2569,1,พฤหัสบดี,THU,3,15:00,17:00,10300411,วิทยาศาสตร์เพื่อชีวิต,Science for Life,2,L,ปฏิบัติ,ศร201_1,125,อาคารแม่โจ้ 70 ปี : สร้างปัญญาเพื่อแผ่นดิน,รองศาสตราจารย์ ดร.ช่อทิพา สกูลสิงหาโรจน์; รองศาสตราจารย์ ดร.ชูพงษ์ ภาคภูมิ; อาจารย์ ดร.สุภาพร ดาวทอง; อาจารย์ ดร.พิชามญชุ์ ลิ่มเจริญชาติ; ผู้ช่วยศาสตราจารย์ ดร.นภัสถ์ จันทร์มี; ผู้ช่วยศาสตราจารย์ ดร.ชนิกานต์ เอมหฤทัย; ผู้ช่วยศาสตราจารย์ ดร.โชคชัย ยาทองไชย; ผู้ช่วยศาสตราจารย์ ดร.ทิพปภา พิสิษฐ์กุล; ผู้ช่วยศาสตราจารย์ ดร.พรพรรณ อุตมัง; ผู้ช่วยศาสตราจารย์กมลเทพ มีคำ,180,121,False
10300411-03-MON-1300,2569,1,จันทร์,MON,0,13:00,15:00,10300411,วิทยาศาสตร์เพื่อชีวิต,Science for Life,3,C,บรรยาย,ศร201_1,125,อาคารแม่โจ้ 70 ปี : สร้างปัญญาเพื่อแผ่นดิน,รองศาสตราจารย์ ดร.ชูพงษ์ ภาคภูมิ; ผู้ช่วยศาสตราจารย์กมลเทพ มีคำ; ผู้ช่วยศาสตราจารย์ ดร.นภัสถ์ จันทร์มี; ผู้ช่วยศาสตราจารย์ ดร.จุฑามาศ มณีวงศ์; ผู้ช่วยศาสตราจารย์ ดร.ชนิกานต์ เอมหฤทัย; ผู้ช่วยศาสตราจารย์ ดร.นฤมล เข็มกลัดเงิน; ผู้ช่วยศาสตราจารย์ ดร.โชคชัย ยาทองไชย; ผู้ช่วยศาสตราจารย์ ดร.ทิพปภา พิสิษฐ์กุล; ผู้ช่วยศาสตราจารย์ ดร.พรพรรณ อุตมัง; อาจารย์ ดร.สุภาพร ดาวทอง,180,134,False
10300411-03-THU-1300,2569,1,พฤหัสบดี,THU,3,13:00,15:00,10300411,วิทยาศาสตร์เพื่อชีวิต,Science for Life,3,L,ปฏิบัติ,ศร201_1,125,อาคารแม่โจ้ 70 ปี : สร้างปัญญาเพื่อแผ่นดิน,รองศาสตราจารย์ ดร.ชูพงษ์ ภาคภูมิ; ผู้ช่วยศาสตราจารย์กมลเทพ มีคำ; ผู้ช่วยศาสตราจารย์ ดร.นภัสถ์ จันทร์มี; ผู้ช่วยศาสตราจารย์ ดร.จุฑามาศ มณีวงศ์; ผู้ช่วยศาสตราจารย์ ดร.ชนิกานต์ เอมหฤทัย; ผู้ช่วยศาสตราจารย์ ดร.นฤมล เข็มกลัดเงิน; ผู้ช่วยศาสตราจารย์ ดร.โชคชัย ยาทองไชย; ผู้ช่วยศาสตราจารย์ ดร.ทิพปภา พิสิษฐ์กุล; ผู้ช่วยศาสตราจารย์ ดร.พรพรรณ อุตมัง; อาจารย์ ดร.สุภาพร ดาวทอง,180,134,False
10300411-04-MON-1700,2569,1,จันทร์,MON,0,17:00,19:00,10300411,วิทยาศาสตร์เพื่อชีวิต,Science for Life,4,C,บรรยาย,3102,141,อาคารจุฬาภรณ์,ผู้ช่วยศาสตราจารย์ ดร.พรพรรณ อุตมัง; รองศาสตราจารย์ ดร.ช่อทิพา สกูลสิงหาโรจน์; อาจารย์ ดร.สุภาพร ดาวทอง; อาจารย์ ดร.พิชามญชุ์ ลิ่มเจริญชาติ; ผู้ช่วยศาสตราจารย์ ดร.ทิพปภา พิสิษฐ์กุล; รองศาสตราจารย์ ดร.ชูพงษ์ ภาคภูมิ; ผู้ช่วยศาสตราจารย์ ดร.นภัสถ์ จันทร์มี; ผู้ช่วยศาสตราจารย์กมลเทพ มีคำ; ผู้ช่วยศาสตราจารย์ ดร.ชนิกานต์ เอมหฤทัย; ผู้ช่วยศาสตราจารย์ ดร.โชคชัย ยาทองไชย,180,170,False
10300411-04-THU-1700,2569,1,พฤหัสบดี,THU,3,17:00,19:00,10300411,วิทยาศาสตร์เพื่อชีวิต,Science for Life,4,L,ปฏิบัติ,3102,141,อาคารจุฬาภรณ์,ผู้ช่วยศาสตราจารย์ ดร.พรพรรณ อุตมัง; รองศาสตราจารย์ ดร.ช่อทิพา สกูลสิงหาโรจน์; อาจารย์ ดร.สุภาพร ดาวทอง; อาจารย์ ดร.พิชามญชุ์ ลิ่มเจริญชาติ; ผู้ช่วยศาสตราจารย์ ดร.ทิพปภา พิสิษฐ์กุล; รองศาสตราจารย์ ดร.ชูพงษ์ ภาคภูมิ; ผู้ช่วยศาสตราจารย์ ดร.นภัสถ์ จันทร์มี; ผู้ช่วยศาสตราจารย์กมลเทพ มีคำ; ผู้ช่วยศาสตราจารย์ ดร.ชนิกานต์ เอมหฤทัย; ผู้ช่วยศาสตราจารย์ ดร.โชคชัย ยาทองไชย,180,170,False
10300411-05-TUE-1700,2569,1,อังคาร,TUE,1,17:00,19:00,10300411,วิทยาศาสตร์เพื่อชีวิต,Science for Life,5,C,บรรยาย,3102,141,อาคารจุฬาภรณ์,ผู้ช่วยศาสตราจารย์กมลเทพ มีคำ; รองศาสตราจารย์ ดร.ชูพงษ์ ภาคภูมิ; อาจารย์ ดร.พิชามญชุ์ ลิ่มเจริญชาติ; อาจารย์ ดร.สุภาพร ดาวทอง; รองศาสตราจารย์ ดร.ธีรพล ธุระกิจเสรี; ผู้ช่วยศาสตราจารย์ ดร.โชคชัย ยาทองไชย; ผู้ช่วยศาสตราจารย์ ดร.พรพรรณ อุตมัง; ผู้ช่วยศาสตราจารย์ ดร.ทิพปภา พิสิษฐ์กุล; ผู้ช่วยศาสตราจารย์ ดร.ชนิกานต์ เอมหฤทัย; ผู้ช่วยศาสตราจารย์ ดร.นฤมล เข็มกลัดเงิน; ผู้ช่วยศาสตราจารย์ ดร.นภัสถ์ จันทร์มี,181,122,False
10300411-05-FRI-1700,2569,1,ศุกร์,FRI,4,17:00,19:00,10300411,วิทยาศาสตร์เพื่อชีวิต,Science for Life,5,L,ปฏิบัติ,3102,141,อาคารจุฬาภรณ์,ผู้ช่วยศาสตราจารย์กมลเทพ มีคำ; รองศาสตราจารย์ ดร.ชูพงษ์ ภาคภูมิ; อาจารย์ ดร.พิชามญชุ์ ลิ่มเจริญชาติ; อาจารย์ ดร.สุภาพร ดาวทอง; รองศาสตราจารย์ ดร.ธีรพล ธุระกิจเสรี; ผู้ช่วยศาสตราจารย์ ดร.โชคชัย ยาทองไชย; ผู้ช่วยศาสตราจารย์ ดร.พรพรรณ อุตมัง; ผู้ช่วยศาสตราจารย์ ดร.ทิพปภา พิสิษฐ์กุล; ผู้ช่วยศาสตราจารย์ ดร.ชนิกานต์ เอมหฤทัย; ผู้ช่วยศาสตราจารย์ ดร.นฤมล เข็มกลัดเงิน; ผู้ช่วยศาสตราจารย์ ดร.นภัสถ์ จันทร์มี,181,122,False
10300412-01-MON-1000,2569,1,จันทร์,MON,0,10:00,12:00,10300412,การพัฒนาวิทยาศาสตร์และเทคโนโลยี,Development of Science and Technology,1,C,บรรยาย,ศร201_1,125,อาคารแม่โจ้ 70 ปี : สร้างปัญญาเพื่อแผ่นดิน,รองศาสตราจารย์ ดร.แสงทอง พงษ์เจริญกิต; รองศาสตราจารย์ ดร.อรุณี คงดี อัลเดรด; ผู้ช่วยศาสตราจารย์ ดร.ทิพปภา พิสิษฐ์กุล; อาจารย์ ดร.เนตราพร ไชยสุวรรณากรณ์; รองศาสตราจารย์ ดร.กนกวรรณ กรรเชียง; รองศาสตราจารย์ ดร.ธีรพล ธุระกิจเสรี; ผู้ช่วยศาสตราจารย์ ดร.สุภารัตน์ ลีธนัชอุดม; รองศาสตราจารย์ ดร.ชูพงษ์ ภาคภูมิ; ผู้ช่วยศาสตราจารย์ ดร.ปราณรวีร์ สุขันธ์; ผู้ช่วยศาสตราจารย์ ดร.ธวัฒน์ สร้อยทอง; รองศาสตราจารย์ ดร.ฐิติพรรณ ฉิมสุข; ผู้ช่วยศาสตราจารย์ ดร.เรวดี วงศ์มณีรุ่ง; ผู้ช่วยศาสตราจารย์ ดร.สุพัตรา วงศ์แสนใหม่; อาจารย์ ดร.กีรติญา จันทร์ผง,20,16,False
10300412-01-THU-1000,2569,1,พฤหัสบดี,THU,3,10:00,12:00,10300412,การพัฒนาวิทยาศาสตร์และเทคโนโลยี,Development of Science and Technology,1,L,ปฏิบัติ,ศร201_1,125,อาคารแม่โจ้ 70 ปี : สร้างปัญญาเพื่อแผ่นดิน,รองศาสตราจารย์ ดร.แสงทอง พงษ์เจริญกิต; รองศาสตราจารย์ ดร.อรุณี คงดี อัลเดรด; ผู้ช่วยศาสตราจารย์ ดร.ทิพปภา พิสิษฐ์กุล; อาจารย์ ดร.เนตราพร ไชยสุวรรณากรณ์; รองศาสตราจารย์ ดร.กนกวรรณ กรรเชียง; รองศาสตราจารย์ ดร.ธีรพล ธุระกิจเสรี; ผู้ช่วยศาสตราจารย์ ดร.สุภารัตน์ ลีธนัชอุดม; รองศาสตราจารย์ ดร.ชูพงษ์ ภาคภูมิ; ผู้ช่วยศาสตราจารย์ ดร.ปราณรวีร์ สุขันธ์; ผู้ช่วยศาสตราจารย์ ดร.ธวัฒน์ สร้อยทอง; รองศาสตราจารย์ ดร.ฐิติพรรณ ฉิมสุข; ผู้ช่วยศาสตราจารย์ ดร.เรวดี วงศ์มณีรุ่ง; ผู้ช่วยศาสตราจารย์ ดร.สุพัตรา วงศ์แสนใหม่; อาจารย์ ดร.กีรติญา จันทร์ผง,20,16,False
10300412-01-SUN-0800,2569,1,อาทิตย์,SUN,6,08:00,10:00,10300412,การพัฒนาวิทยาศาสตร์และเทคโนโลยี,Development of Science and Technology,1,C,บรรยาย,วิทย์ 2105,105,คณะวิทยาศาสตร์,รองศาสตราจารย์ ดร.แสงทอง พงษ์เจริญกิต; อาจารย์ ดร.เนตราพร ไชยสุวรรณากรณ์; รองศาสตราจารย์ ดร.กนกวรรณ กรรเชียง; รองศาสตราจารย์ ดร.ธีรพล ธุระกิจเสรี; ผู้ช่วยศาสตราจารย์ ดร.สุภารัตน์ ลีธนัชอุดม; รองศาสตราจารย์ ดร.ชูพงษ์ ภาคภูมิ; ผู้ช่วยศาสตราจารย์ ดร.ทิพปภา พิสิษฐ์กุล; ผู้ช่วยศาสตราจารย์ ดร.ธวัฒน์ สร้อยทอง; รองศาสตราจารย์ ดร.ฐิติพรรณ ฉิมสุข; ผู้ช่วยศาสตราจารย์ ดร.เรวดี วงศ์มณีรุ่ง; ผู้ช่วยศาสตราจารย์ ดร.สุพัตรา วงศ์แสนใหม่; อาจารย์ ดร.กีรติญา จันทร์ผง; รองศาสตราจารย์ ดร.อรุณี คงดี อัลเดรด; ผู้ช่วยศาสตราจารย์ ดร.ปราณรวีร์ สุขันธ์,20,16,False
10300412-01-SUN-1000,2569,1,อาทิตย์,SUN,6,10:00,12:00,10300412,การพัฒนาวิทยาศาสตร์และเทคโนโลยี,Development of Science and Technology,1,L,ปฏิบัติ,วิทย์ 2105,105,คณะวิทยาศาสตร์,รองศาสตราจารย์ ดร.แสงทอง พงษ์เจริญกิต; อาจารย์ ดร.เนตราพร ไชยสุวรรณากรณ์; รองศาสตราจารย์ ดร.กนกวรรณ กรรเชียง; รองศาสตราจารย์ ดร.ธีรพล ธุระกิจเสรี; ผู้ช่วยศาสตราจารย์ ดร.สุภารัตน์ ลีธนัชอุดม; รองศาสตราจารย์ ดร.ชูพงษ์ ภาคภูมิ; ผู้ช่วยศาสตราจารย์ ดร.ทิพปภา พิสิษฐ์กุล; ผู้ช่วยศาสตราจารย์ ดร.ธวัฒน์ สร้อยทอง; รองศาสตราจารย์ ดร.ฐิติพรรณ ฉิมสุข; ผู้ช่วยศาสตราจารย์ ดร.เรวดี วงศ์มณีรุ่ง; ผู้ช่วยศาสตราจารย์ ดร.สุพัตรา วงศ์แสนใหม่; อาจารย์ ดร.กีรติญา จันทร์ผง; รองศาสตราจารย์ ดร.อรุณี คงดี อัลเดรด; ผู้ช่วยศาสตราจารย์ ดร.ปราณรวีร์ สุขันธ์,20,16,False
10300413-01-MON-0800,2569,1,จันทร์,MON,0,08:00,10:00,10300413,วิทยาศาสตร์รอบตัวในศตวรรษที่ 21,Science in Daily Life for 21st Century Skill,1,C,บรรยาย,วิทย์ 2105,105,คณะวิทยาศาสตร์,รองศาสตราจารย์ ดร.อรุณี คงดี อัลเดรด; ผู้ช่วยศาสตราจารย์ ดร.อุษารัตน์ รัตนคำนวณ; ผู้ช่วยศาสตราจารย์ ดร.ศักดินันท์ นันตัง; ผู้ช่วยศาสตราจารย์ ดร.ณัฐพล เลาห์รอดพันธุ์; รองศาสตราจารย์ ดร.พัชรี อินธนู; ผู้ช่วยศาสตราจารย์ ดร.สุรศักดิ์ กุยมาลี,100,86,False
10300413-01-THU-0800,2569,1,พฤหัสบดี,THU,3,08:00,10:00,10300413,วิทยาศาสตร์รอบตัวในศตวรรษที่ 21,Science in Daily Life for 21st Century Skill,1,L,ปฏิบัติ,วิทย์ 2105,105,คณะวิทยาศาสตร์,รองศาสตราจารย์ ดร.อรุณี คงดี อัลเดรด; ผู้ช่วยศาสตราจารย์ ดร.อุษารัตน์ รัตนคำนวณ; ผู้ช่วยศาสตราจารย์ ดร.ศักดินันท์ นันตัง; ผู้ช่วยศาสตราจารย์ ดร.ณัฐพล เลาห์รอดพันธุ์; รองศาสตราจารย์ ดร.พัชรี อินธนู; ผู้ช่วยศาสตราจารย์ ดร.สุรศักดิ์ กุยมาลี,100,86,False
10301111-01-TUE-0930,2569,1,อังคาร,TUE,1,09:30,11:30,10301111,การเขียนโปรแกรมเบื้องต้น,Fundamentals of Programming,1,C,บรรยาย,Lab คอม3-4,105,คณะวิทยาศาสตร์,ผู้ช่วยศาสตราจารย์ภานุวัฒน์ เมฆะ,85,85,True
10301111-01-WED-0900,2569,1,พุธ,WED,2,09:00,12:00,10301111,การเขียนโปรแกรมเบื้องต้น,Fundamentals of Programming,1,L,ปฏิบัติ,Lab คอม3-4,105,คณะวิทยาศาสตร์,ผู้ช่วยศาสตราจารย์ภานุวัฒน์ เมฆะ,85,85,True
10301112-01-TUE-1230,2569,1,อังคาร,TUE,1,12:30,14:30,10301112,เทคโนโลยีสารสนเทศและการสื่อสาร,Information and Communications Technology,1,C,บรรยาย,3203,141,อาคารจุฬาภรณ์,นางสาวช่อทิพย์ สิทธิ; นางสาวสุภาพรรณ อนุตรกุล; นางสาวพัชรี ยางยืน; ผู้ช่วยศาสตราจารย์ ดร.ปวีณ เขื่อนแก้ว; นายประทีป สุขสมัย,86,86,True
10301112-01-FRI-1000,2569,1,ศุกร์,FRI,4,10:00,13:00,10301112,เทคโนโลยีสารสนเทศและการสื่อสาร,Information and Communications Technology,1,L,ปฏิบัติ,Lab คอม3-4,105,คณะวิทยาศาสตร์,นางสาวช่อทิพย์ สิทธิ; นางสาวสุภาพรรณ อนุตรกุล; นางสาวพัชรี ยางยืน; ผู้ช่วยศาสตราจารย์ ดร.ปวีณ เขื่อนแก้ว; นายประทีป สุขสมัย,86,86,True
10301211-01-TUE-0830,2569,1,อังคาร,TUE,1,08:30,10:00,10301211,คณิตศาสตร์สำหรับวิทยาการคอมพิวเตอร์,Mathematics for Computer Science,1,C,บรรยาย,3203,141,อาคารจุฬาภรณ์,อาจารย์ ดร.พยุงศักดิ์ เกษมสำราญ,96,95,True
10301211-01-FRI-0830,2569,1,ศุกร์,FRI,4,08:30,10:00,10301211,คณิตศาสตร์สำหรับวิทยาการคอมพิวเตอร์,Mathematics for Computer Science,1,C,บรรยาย,3203,141,อาคารจุฬาภรณ์,อาจารย์ ดร.พยุงศักดิ์ เกษมสำราญ,96,95,True
10301222-01-TUE-1500,2569,1,อังคาร,TUE,1,15:00,17:00,10301222,โครงสร้างข้อมูลและอัลกอริทึม,Data Structure and Algorithm,1,C,บรรยาย,Lab คอม3-4,105,คณะวิทยาศาสตร์,ผู้ช่วยศาสตราจารย์ ดร.ปวีณ เขื่อนแก้ว; ผู้ช่วยศาสตราจารย์ ดร.บุรัสกร นันทดิลก,98,97,True
10301222-01-WED-0900,2569,1,พุธ,WED,2,09:00,12:00,10301222,โครงสร้างข้อมูลและอัลกอริทึม,Data Structure and Algorithm,1,L,ปฏิบัติ,3203,141,อาคารจุฬาภรณ์,ผู้ช่วยศาสตราจารย์ ดร.ปวีณ เขื่อนแก้ว; ผู้ช่วยศาสตราจารย์ ดร.บุรัสกร นันทดิลก,98,97,True
10301223-01-TUE-1300,2569,1,อังคาร,TUE,1,13:00,15:00,10301223,ฐานข้อมูลโครงสร้างเชิงสัมพันธ์,Structure Relational Database,1,C,บรรยาย,Lab คอม3-4,105,คณะวิทยาศาสตร์,อาจารย์อรรถวิท ชังคมานนท์; ผู้ช่วยศาสตราจารย์ก่องกาญจน์ ดุลยไชย,100,99,True
10301223-01-THU-0900,2569,1,พฤหัสบดี,THU,3,09:00,12:00,10301223,ฐานข้อมูลโครงสร้างเชิงสัมพันธ์,Structure Relational Database,1,L,ปฏิบัติ,Lab คอม3-4,105,คณะวิทยาศาสตร์,อาจารย์อรรถวิท ชังคมานนท์; ผู้ช่วยศาสตราจารย์ก่องกาญจน์ ดุลยไชย,100,99,True
10301225-01-MON-1300,2569,1,จันทร์,MON,0,13:00,15:00,10301225,วิศวกรรมซอฟต์แวร์,Software Engineering,1,C,บรรยาย,Lab คอม3-4,105,คณะวิทยาศาสตร์,ผู้ช่วยศาสตราจารย์ ดร.สมนึก สินธุปวน; อาจารย์อลงกต กองมณี,99,98,True
10301225-01-FRI-1300,2569,1,ศุกร์,FRI,4,13:00,16:00,10301225,วิศวกรรมซอฟต์แวร์,Software Engineering,1,L,ปฏิบัติ,Lab คอม3-4,105,คณะวิทยาศาสตร์,ผู้ช่วยศาสตราจารย์ ดร.สมนึก สินธุปวน; อาจารย์อลงกต กองมณี,99,98,True
10301231-01-MON-0900,2569,1,จันทร์,MON,0,09:00,12:00,10301231,เว็บเทคโนโลยี,Web Technology,1,L,ปฏิบัติ,Lab คอม3-4,105,คณะวิทยาศาสตร์,อาจารย์อรรถวิท ชังคมานนท์,98,97,True
10301231-01-THU-1300,2569,1,พฤหัสบดี,THU,3,13:00,15:00,10301231,เว็บเทคโนโลยี,Web Technology,1,C,บรรยาย,Lab คอม3-4,105,คณะวิทยาศาสตร์,อาจารย์อรรถวิท ชังคมานนท์,98,97,True
10301314-01-MON-1300,2569,1,จันทร์,MON,0,13:00,15:00,10301314,หลักการเขียนโปรแกรมเชิงวัตถุ,Principles of Object-Oriented Programming,1,C,บรรยาย,บรรยาย คอม 8,105,คณะวิทยาศาสตร์,ผู้ช่วยศาสตราจารย์ก่องกาญจน์ ดุลยไชย,54,54,True
10301314-01-FRI-0900,2569,1,ศุกร์,FRI,4,09:00,12:00,10301314,หลักการเขียนโปรแกรมเชิงวัตถุ,Principles of Object-Oriented Programming,1,L,ปฏิบัติ,บรรยาย คอม 6,105,คณะวิทยาศาสตร์,ผู้ช่วยศาสตราจารย์ก่องกาญจน์ ดุลยไชย,54,54,True
10301341-01-MON-1000,2569,1,จันทร์,MON,0,10:00,12:00,10301341,การเข้ารหัสและความปลอดภัยในเครือข่าย,Cryptography and Network Security,1,C,บรรยาย,Lab คอม2,105,คณะวิทยาศาสตร์,ผู้ช่วยศาสตราจารย์ ดร.สนิท สิทธิ,52,52,True
10301341-01-TUE-0900,2569,1,อังคาร,TUE,1,09:00,12:00,10301341,การเข้ารหัสและความปลอดภัยในเครือข่าย,Cryptography and Network Security,1,L,ปฏิบัติ,Lab คอม2,105,คณะวิทยาศาสตร์,ผู้ช่วยศาสตราจารย์ ดร.สนิท สิทธิ,52,52,True
10301342-01-MON-1300,2569,1,จันทร์,MON,0,13:00,15:00,10301342,การประมวลผลแบบกลุ่มเมฆ,Cloud Computing,1,C,บรรยาย,บรรยาย คอม 7,105,คณะวิทยาศาสตร์,ผู้ช่วยศาสตราจารย์ ดร.สนิท สิทธิ,25,22,True
10301342-01-WED-0900,2569,1,พุธ,WED,2,09:00,12:00,10301342,การประมวลผลแบบกลุ่มเมฆ,Cloud Computing,1,L,ปฏิบัติ,Lab คอม2,105,คณะวิทยาศาสตร์,ผู้ช่วยศาสตราจารย์ ดร.สนิท สิทธิ,25,22,True
10301351-01-MON-1300,2569,1,จันทร์,MON,0,13:00,15:00,10301351,วิทยาการข้อมูล,Data Science,1,C,บรรยาย,Sci Digital Lab,105,คณะวิทยาศาสตร์,ผู้ช่วยศาสตราจารย์ ดร.พาสน์ ปราโมกข์ชน,24,24,True
10301351-01-THU-1300,2569,1,พฤหัสบดี,THU,3,13:00,16:00,10301351,วิทยาการข้อมูล,Data Science,1,L,ปฏิบัติ,Sci Digital Lab,105,คณะวิทยาศาสตร์,ผู้ช่วยศาสตราจารย์ ดร.พาสน์ ปราโมกข์ชน,24,24,True
10301351-02-MON-1000,2569,1,จันทร์,MON,0,10:00,12:00,10301351,วิทยาการข้อมูล,Data Science,2,C,บรรยาย,Sci Digital Lab,105,คณะวิทยาศาสตร์,ผู้ช่วยศาสตราจารย์ ดร.พาสน์ ปราโมกข์ชน,51,50,True
10301351-02-TUE-1300,2569,1,อังคาร,TUE,1,13:00,16:00,10301351,วิทยาการข้อมูล,Data Science,2,L,ปฏิบัติ,Sci Digital Lab,105,คณะวิทยาศาสตร์,ผู้ช่วยศาสตราจารย์ ดร.พาสน์ ปราโมกข์ชน,51,50,True
10301364-01-MON-1300,2569,1,จันทร์,MON,0,13:00,15:00,10301364,ตรรกศาสตร์เชิงดิจิทัลและอุปกรณ์อัจฉริยะ,Digital Logic and Smart Device,1,C,บรรยาย,Lab คอม2,105,คณะวิทยาศาสตร์,ผู้ช่วยศาสตราจารย์ ดร.ปวีณ เขื่อนแก้ว,53,52,True
10301364-01-THU-0900,2569,1,พฤหัสบดี,THU,3,09:00,12:00,10301364,ตรรกศาสตร์เชิงดิจิทัลและอุปกรณ์อัจฉริยะ,Digital Logic and Smart Device,1,L,ปฏิบัติ,Lab คอม2,105,คณะวิทยาศาสตร์,ผู้ช่วยศาสตราจารย์ ดร.ปวีณ เขื่อนแก้ว,53,52,True
10301366-01-MON-1300,2569,1,จันทร์,MON,0,13:00,15:00,10301366,วิทยาการสมองกลฝังตัว,Embedded System,1,C,บรรยาย,Lab คอม 5,105,คณะวิทยาศาสตร์,อาจารย์ ดร.กิตติกร หาญตระกูล,20,18,True
10301366-01-TUE-1000,2569,1,อังคาร,TUE,1,10:00,13:00,10301366,วิทยาการสมองกลฝังตัว,Embedded System,1,L,ปฏิบัติ,Lab คอม 5,105,คณะวิทยาศาสตร์,อาจารย์ ดร.กิตติกร หาญตระกูล,20,18,True
10301371-01-TUE-1000,2569,1,อังคาร,TUE,1,10:00,12:00,10301371,ปัญญาประดิษฐ์,Artificial Intelligence,1,C,บรรยาย,3203,141,อาคารจุฬาภรณ์,อาจารย์ ดร.พยุงศักดิ์ เกษมสำราญ,54,53,True
10301371-01-FRI-1300,2569,1,ศุกร์,FRI,4,13:00,16:00,10301371,ปัญญาประดิษฐ์,Artificial Intelligence,1,L,ปฏิบัติ,Lab คอม2,105,คณะวิทยาศาสตร์,อาจารย์ ดร.พยุงศักดิ์ เกษมสำราญ,54,53,True
10301374-01-THU-1300,2569,1,พฤหัสบดี,THU,3,13:00,15:00,10301374,การประมวลผลภาษาธรรมชาติ,Natural Language Processing,1,C,บรรยาย,บรรยาย คอม 8,105,คณะวิทยาศาสตร์,ผู้ช่วยศาสตราจารย์ ดร.สมนึก สินธุปวน,54,53,True
10301374-01-FRI-0900,2569,1,ศุกร์,FRI,4,09:00,12:00,10301374,การประมวลผลภาษาธรรมชาติ,Natural Language Processing,1,L,ปฏิบัติ,Lab คอม2,105,คณะวิทยาศาสตร์,ผู้ช่วยศาสตราจารย์ ดร.สมนึก สินธุปวน,54,53,True
10301385-01-MON-1500,2569,1,จันทร์,MON,0,15:00,17:00,10301385,ระบบบริหารสารสนเทศเพื่อการจัดการ,Management Information System,1,C,บรรยาย,บรรยาย คอม 6,105,คณะวิทยาศาสตร์,อาจารย์ ดร.กิตติกร หาญตระกูล,52,52,True
10301385-01-THU-1400,2569,1,พฤหัสบดี,THU,3,14:00,17:00,10301385,ระบบบริหารสารสนเทศเพื่อการจัดการ,Management Information System,1,L,ปฏิบัติ,บรรยาย คอม 6,105,คณะวิทยาศาสตร์,อาจารย์ ดร.กิตติกร หาญตระกูล,52,52,True
10301391-01-TUE-1300,2569,1,อังคาร,TUE,1,13:00,15:00,10301391,หัวข้อพิเศษทางวิทยาการคอมพิวเตอร์ 1,Special Topics in Computer Science 1,1,C,บรรยาย,บรรยาย คอม 6,105,คณะวิทยาศาสตร์,อาจารย์อลงกต กองมณี,51,51,True
10301391-01-THU-1000,2569,1,พฤหัสบดี,THU,3,10:00,13:00,10301391,หัวข้อพิเศษทางวิทยาการคอมพิวเตอร์ 1,Special Topics in Computer Science 1,1,L,ปฏิบัติ,บรรยาย คอม 6,105,คณะวิทยาศาสตร์,อาจารย์อลงกต กองมณี,51,51,True
10301491-01-MON-0900,2569,1,จันทร์,MON,0,09:00,12:00,10301491,สัมมนาวิชาการทางวิทยาการคอมพิวเตอร์,Seminar in Computer Science,1,C,บรรยาย,บรรยาย คอม 8,105,คณะวิทยาศาสตร์,ผู้ช่วยศาสตราจารย์ภานุวัฒน์ เมฆะ,42,41,True
10304205-01-MON-1300,2569,1,จันทร์,MON,0,13:00,14:30,10304205,ความน่าจะเป็นและสถิติ,Probability and Statistics,1,C,บรรยาย,วิทย์ 2507/1,105,คณะวิทยาศาสตร์,ผู้ช่วยศาสตราจารย์ ดร.ทวีศักดิ์ จันทร์งาม,30,28,False
10304205-01-THU-1300,2569,1,พฤหัสบดี,THU,3,13:00,14:30,10304205,ความน่าจะเป็นและสถิติ,Probability and Statistics,1,C,บรรยาย,วิทย์ 2507/1,105,คณะวิทยาศาสตร์,ผู้ช่วยศาสตราจารย์ ดร.ทวีศักดิ์ จันทร์งาม,30,28,False
10305100-01-TUE-1100,2569,1,อังคาร,TUE,1,11:00,12:30,10305100,คณิตศาสตร์ขั้นพื้นฐาน,Foundation of Mathematics,1,C,บรรยาย,วิทย์ 2507/2,105,คณะวิทยาศาสตร์,รองศาสตราจารย์พัฒนพงศ์ เทียนชัย,70,63,False
10305100-01-FRI-1100,2569,1,ศุกร์,FRI,4,11:00,12:30,10305100,คณิตศาสตร์ขั้นพื้นฐาน,Foundation of Mathematics,1,C,บรรยาย,วิทย์ 2507/2,105,คณะวิทยาศาสตร์,รองศาสตราจารย์พัฒนพงศ์ เทียนชัย,70,63,False
10305100-02-MON-1100,2569,1,จันทร์,MON,0,11:00,12:30,10305100,คณิตศาสตร์ขั้นพื้นฐาน,Foundation of Mathematics,2,C,บรรยาย,วิทย์ 2507/2,105,คณะวิทยาศาสตร์,รองศาสตราจารย์พัฒนพงศ์ เทียนชัย,70,50,False
10305100-02-THU-1100,2569,1,พฤหัสบดี,THU,3,11:00,12:30,10305100,คณิตศาสตร์ขั้นพื้นฐาน,Foundation of Mathematics,2,C,บรรยาย,วิทย์ 2507/2,105,คณะวิทยาศาสตร์,รองศาสตราจารย์พัฒนพงศ์ เทียนชัย,70,50,False
10305100-03-MON-1300,2569,1,จันทร์,MON,0,13:00,14:30,10305100,คณิตศาสตร์ขั้นพื้นฐาน,Foundation of Mathematics,3,C,บรรยาย,วิทย์ 2507/2,105,คณะวิทยาศาสตร์,อาจารย์ ดร.พศิน มรุปัณฑ์ธร,81,80,False
10305100-03-THU-1300,2569,1,พฤหัสบดี,THU,3,13:00,14:30,10305100,คณิตศาสตร์ขั้นพื้นฐาน,Foundation of Mathematics,3,C,บรรยาย,วิทย์ 2507/2,105,คณะวิทยาศาสตร์,อาจารย์ ดร.พศิน มรุปัณฑ์ธร,81,80,False
10305100-04-TUE-0930,2569,1,อังคาร,TUE,1,09:30,11:00,10305100,คณิตศาสตร์ขั้นพื้นฐาน,Foundation of Mathematics,4,C,บรรยาย,วิทย์ 2507/2,105,คณะวิทยาศาสตร์,อาจารย์ ดร.พศิน มรุปัณฑ์ธร,80,80,False
10305100-04-FRI-0930,2569,1,ศุกร์,FRI,4,09:30,11:00,10305100,คณิตศาสตร์ขั้นพื้นฐาน,Foundation of Mathematics,4,C,บรรยาย,วิทย์ 2507/2,105,คณะวิทยาศาสตร์,อาจารย์ ดร.พศิน มรุปัณฑ์ธร,80,80,False
10305103-01-TUE-1300,2569,1,อังคาร,TUE,1,13:00,14:30,10305103,แคลคูลัสสำหรับวิศวกรรม 1,Calculus for Engineering 1,1,C,บรรยาย,วิทย์ 2507/2,105,คณะวิทยาศาสตร์,ผู้ช่วยศาสตราจารย์ ดร.เจนจิรา ทิพย์ชะ,70,52,False
10305103-01-FRI-1300,2569,1,ศุกร์,FRI,4,13:00,14:30,10305103,แคลคูลัสสำหรับวิศวกรรม 1,Calculus for Engineering 1,1,C,บรรยาย,วิทย์ 2507/2,105,คณะวิทยาศาสตร์,ผู้ช่วยศาสตราจารย์ ดร.เจนจิรา ทิพย์ชะ,70,52,False
10305103-02-MON-0800,2569,1,จันทร์,MON,0,08:00,09:30,10305103,แคลคูลัสสำหรับวิศวกรรม 1,Calculus for Engineering 1,2,C,บรรยาย,วิทย์ 2507/2,105,คณะวิทยาศาสตร์,รองศาสตราจารย์ ดร.วันจักร สาทสนิท,70,52,False
10305103-02-THU-0800,2569,1,พฤหัสบดี,THU,3,08:00,09:30,10305103,แคลคูลัสสำหรับวิศวกรรม 1,Calculus for Engineering 1,2,C,บรรยาย,วิทย์ 2507/2,105,คณะวิทยาศาสตร์,รองศาสตราจารย์ ดร.วันจักร สาทสนิท,70,52,False
10305105-01-TUE-1300,2569,1,อังคาร,TUE,1,13:00,14:30,10305105,คณิตศาสตร์สำหรับบริหารธุรกิจและเศรษฐศาสตร์ 1,Mathematics for Business and Economics 1,1,C,บรรยาย,วิทย์ 1108,105,คณะวิทยาศาสตร์,ผู้ช่วยศาสตราจารย์เยาวลักษณ์ คงธรรม; อาจารย์ ดร.พิกุล ศรีดารัตน์,65,62,False
10305105-01-FRI-1300,2569,1,ศุกร์,FRI,4,13:00,14:30,10305105,คณิตศาสตร์สำหรับบริหารธุรกิจและเศรษฐศาสตร์ 1,Mathematics for Business and Economics 1,1,C,บรรยาย,วิทย์ 1108,105,คณะวิทยาศาสตร์,ผู้ช่วยศาสตราจารย์เยาวลักษณ์ คงธรรม; อาจารย์ ดร.พิกุล ศรีดารัตน์,65,62,False
10305105-02-MON-1100,2569,1,จันทร์,MON,0,11:00,12:30,10305105,คณิตศาสตร์สำหรับบริหารธุรกิจและเศรษฐศาสตร์ 1,Mathematics for Business and Economics 1,2,C,บรรยาย,Lab คณิต 4,105,คณะวิทยาศาสตร์,อาจารย์ ดร.ธวัชชัย เพชรธาราทิพย์,65,61,False
10305105-02-THU-1100,2569,1,พฤหัสบดี,THU,3,11:00,12:30,10305105,คณิตศาสตร์สำหรับบริหารธุรกิจและเศรษฐศาสตร์ 1,Mathematics for Business and Economics 1,2,C,บรรยาย,Lab คณิต 4,105,คณะวิทยาศาสตร์,อาจารย์ ดร.ธวัชชัย เพชรธาราทิพย์,65,61,False
10305108-01-TUE-1430,2569,1,อังคาร,TUE,1,14:30,16:00,10305108,แคลคูลัสสำหรับวิทยาศาสตร์และเทคโนโลยี,Calculus for Science and Technology,1,C,บรรยาย,Lab คณิต 4,105,คณะวิทยาศาสตร์,ผู้ช่วยศาสตราจารย์ ดร.เจนจิรา ทิพย์ชะ,60,60,False
10305108-01-FRI-1430,2569,1,ศุกร์,FRI,4,14:30,16:00,10305108,แคลคูลัสสำหรับวิทยาศาสตร์และเทคโนโลยี,Calculus for Science and Technology,1,C,บรรยาย,Lab คณิต 4,105,คณะวิทยาศาสตร์,ผู้ช่วยศาสตราจารย์ ดร.เจนจิรา ทิพย์ชะ,60,60,False
10305108-02-TUE-0800,2569,1,อังคาร,TUE,1,08:00,09:30,10305108,แคลคูลัสสำหรับวิทยาศาสตร์และเทคโนโลยี,Calculus for Science and Technology,2,C,บรรยาย,วิทย์ 2105,105,คณะวิทยาศาสตร์,ผู้ช่วยศาสตราจารย์ ดร.เจนจิรา ทิพย์ชะ,60,54,False
10305108-02-FRI-0800,2569,1,ศุกร์,FRI,4,08:00,09:30,10305108,แคลคูลัสสำหรับวิทยาศาสตร์และเทคโนโลยี,Calculus for Science and Technology,2,C,บรรยาย,วิทย์ 2105,105,คณะวิทยาศาสตร์,ผู้ช่วยศาสตราจารย์ ดร.เจนจิรา ทิพย์ชะ,60,54,False
10305109-01-MON-1300,2569,1,จันทร์,MON,0,13:00,14:30,10305109,คณิตศาสตร์สำหรับอุตสาหกรรม,Mathematics for industry,1,C,บรรยาย,ศร401,125,อาคารแม่โจ้ 70 ปี : สร้างปัญญาเพื่อแผ่นดิน,ผู้ช่วยศาสตราจารย์ ดร.บุรัสกร นันทดิลก,94,84,False
10305109-01-THU-1300,2569,1,พฤหัสบดี,THU,3,13:00,14:30,10305109,คณิตศาสตร์สำหรับอุตสาหกรรม,Mathematics for industry,1,C,บรรยาย,ศร401,125,อาคารแม่โจ้ 70 ปี : สร้างปัญญาเพื่อแผ่นดิน,ผู้ช่วยศาสตราจารย์ ดร.บุรัสกร นันทดิลก,94,84,False
10305111-01-TUE-1100,2569,1,อังคาร,TUE,1,11:00,12:30,10305111,คณิตศาสตร์เพื่อการเกษตร,Mathematics for Agriculture,1,C,บรรยาย,ศร306,125,อาคารแม่โจ้ 70 ปี : สร้างปัญญาเพื่อแผ่นดิน,ผู้ช่วยศาสตราจารย์ ดร.พิลาศลักษณ์ ศรแก้ว,90,89,False
10305111-01-FRI-1100,2569,1,ศุกร์,FRI,4,11:00,12:30,10305111,คณิตศาสตร์เพื่อการเกษตร,Mathematics for Agriculture,1,C,บรรยาย,ศร306,125,อาคารแม่โจ้ 70 ปี : สร้างปัญญาเพื่อแผ่นดิน,ผู้ช่วยศาสตราจารย์ ดร.พิลาศลักษณ์ ศรแก้ว,90,89,False
10305111-02-TUE-0800,2569,1,อังคาร,TUE,1,08:00,09:30,10305111,คณิตศาสตร์เพื่อการเกษตร,Mathematics for Agriculture,2,C,บรรยาย,80-305 (สำรอง),147,อาคารเรียนรวม 80 ปี,รองศาสตราจารย์ ดร.ดารา ภูสง่า,91,89,False
10305111-02-FRI-0800,2569,1,ศุกร์,FRI,4,08:00,09:30,10305111,คณิตศาสตร์เพื่อการเกษตร,Mathematics for Agriculture,2,C,บรรยาย,80-305 (สำรอง),147,อาคารเรียนรวม 80 ปี,รองศาสตราจารย์ ดร.ดารา ภูสง่า,91,89,False
10305111-03-MON-0800,2569,1,จันทร์,MON,0,08:00,09:30,10305111,คณิตศาสตร์เพื่อการเกษตร,Mathematics for Agriculture,3,C,บรรยาย,Lab คณิต 4,105,คณะวิทยาศาสตร์,ผู้ช่วยศาสตราจารย์ ดร.ชนิกานต์ เอมหฤทัย,94,57,False
10305111-03-THU-0800,2569,1,พฤหัสบดี,THU,3,08:00,09:30,10305111,คณิตศาสตร์เพื่อการเกษตร,Mathematics for Agriculture,3,C,บรรยาย,Lab คณิต 4,105,คณะวิทยาศาสตร์,ผู้ช่วยศาสตราจารย์ ดร.ชนิกานต์ เอมหฤทัย,94,57,False
10305111-04-MON-0800,2569,1,จันทร์,MON,0,08:00,09:30,10305111,คณิตศาสตร์เพื่อการเกษตร,Mathematics for Agriculture,4,C,บรรยาย,80-502,147,อาคารเรียนรวม 80 ปี,รองศาสตราจารย์ ดร.ดารา ภูสง่า,90,89,False
10305111-04-THU-0800,2569,1,พฤหัสบดี,THU,3,08:00,09:30,10305111,คณิตศาสตร์เพื่อการเกษตร,Mathematics for Agriculture,4,C,บรรยาย,80-502,147,อาคารเรียนรวม 80 ปี,รองศาสตราจารย์ ดร.ดารา ภูสง่า,90,89,False
10305111-05-MON-0930,2569,1,จันทร์,MON,0,09:30,11:00,10305111,คณิตศาสตร์เพื่อการเกษตร,Mathematics for Agriculture,5,C,บรรยาย,80-305 (สำรอง),147,อาคารเรียนรวม 80 ปี,ผู้ช่วยศาสตราจารย์ ดร.พิลาศลักษณ์ ศรแก้ว,90,90,False
10305111-05-THU-0930,2569,1,พฤหัสบดี,THU,3,09:30,11:00,10305111,คณิตศาสตร์เพื่อการเกษตร,Mathematics for Agriculture,5,C,บรรยาย,80-305 (สำรอง),147,อาคารเรียนรวม 80 ปี,ผู้ช่วยศาสตราจารย์ ดร.พิลาศลักษณ์ ศรแก้ว,90,90,False
10305111-06-TUE-0930,2569,1,อังคาร,TUE,1,09:30,11:00,10305111,คณิตศาสตร์เพื่อการเกษตร,Mathematics for Agriculture,6,C,บรรยาย,80-305 (สำรอง),147,อาคารเรียนรวม 80 ปี,รองศาสตราจารย์ ดร.ดารา ภูสง่า; ผู้ช่วยศาสตราจารย์ ดร.ชนิกานต์ เอมหฤทัย,90,90,False
10305111-06-FRI-0930,2569,1,ศุกร์,FRI,4,09:30,11:00,10305111,คณิตศาสตร์เพื่อการเกษตร,Mathematics for Agriculture,6,C,บรรยาย,80-305 (สำรอง),147,อาคารเรียนรวม 80 ปี,รองศาสตราจารย์ ดร.ดารา ภูสง่า; ผู้ช่วยศาสตราจารย์ ดร.ชนิกานต์ เอมหฤทัย,90,90,False
10305131-01-MON-0930,2569,1,จันทร์,MON,0,09:30,11:00,10305131,แคลคูลัสสำหรับวิทยาศาสตร์ 1,Calculus for Science 1,1,C,บรรยาย,80-406,147,อาคารเรียนรวม 80 ปี,ผู้ช่วยศาสตราจารย์ ดร.จีรวรรณ พัชรประกิติ; ผู้ช่วยศาสตราจารย์ ดร.เจนจิรา ทิพย์ชะ,87,75,False
10305131-01-THU-0930,2569,1,พฤหัสบดี,THU,3,09:30,11:00,10305131,แคลคูลัสสำหรับวิทยาศาสตร์ 1,Calculus for Science 1,1,C,บรรยาย,80-406,147,อาคารเรียนรวม 80 ปี,ผู้ช่วยศาสตราจารย์ ดร.จีรวรรณ พัชรประกิติ; ผู้ช่วยศาสตราจารย์ ดร.เจนจิรา ทิพย์ชะ,87,75,False
10305131-02-TUE-1100,2569,1,อังคาร,TUE,1,11:00,12:30,10305131,แคลคูลัสสำหรับวิทยาศาสตร์ 1,Calculus for Science 1,2,C,บรรยาย,80-406,147,อาคารเรียนรวม 80 ปี,ผู้ช่วยศาสตราจารย์ ดร.จีรวรรณ พัชรประกิติ; ผู้ช่วยศาสตราจารย์ ดร.เจนจิรา ทิพย์ชะ,85,74,False
10305131-02-FRI-1100,2569,1,ศุกร์,FRI,4,11:00,12:30,10305131,แคลคูลัสสำหรับวิทยาศาสตร์ 1,Calculus for Science 1,2,C,บรรยาย,80-406,147,อาคารเรียนรวม 80 ปี,ผู้ช่วยศาสตราจารย์ ดร.จีรวรรณ พัชรประกิติ; ผู้ช่วยศาสตราจารย์ ดร.เจนจิรา ทิพย์ชะ,85,74,False
10305133-01-TUE-1430,2569,1,อังคาร,TUE,1,14:30,16:00,10305133,แคลคูลัสและการประยุกต์ 1,Calculus and Application 1,1,C,บรรยาย,วิทย์ 2105,105,คณะวิทยาศาสตร์,ผู้ช่วยศาสตราจารย์ ดร.ชนิกานต์ เอมหฤทัย,72,64,False
10305133-01-FRI-1430,2569,1,ศุกร์,FRI,4,14:30,16:00,10305133,แคลคูลัสและการประยุกต์ 1,Calculus and Application 1,1,C,บรรยาย,วิทย์ 2105,105,คณะวิทยาศาสตร์,ผู้ช่วยศาสตราจารย์ ดร.ชนิกานต์ เอมหฤทัย,72,64,False
10305133-02-TUE-1600,2569,1,อังคาร,TUE,1,16:00,17:30,10305133,แคลคูลัสและการประยุกต์ 1,Calculus and Application 1,2,C,บรรยาย,ศร502,125,อาคารแม่โจ้ 70 ปี : สร้างปัญญาเพื่อแผ่นดิน,ผู้ช่วยศาสตราจารย์กมลเทพ มีคำ,74,71,False
10305133-02-FRI-1600,2569,1,ศุกร์,FRI,4,16:00,17:30,10305133,แคลคูลัสและการประยุกต์ 1,Calculus and Application 1,2,C,บรรยาย,ศร502,125,อาคารแม่โจ้ 70 ปี : สร้างปัญญาเพื่อแผ่นดิน,ผู้ช่วยศาสตราจารย์กมลเทพ มีคำ,74,71,False
10305203-01-TUE-1300,2569,1,อังคาร,TUE,1,13:00,14:30,10305203,แคลคูลัสสำหรับวิศวกรรม 3,Calculus for Engineering 3,1,C,บรรยาย,Lab คณิต 4,105,คณะวิทยาศาสตร์,รองศาสตราจารย์ ดร.วันจักร สาทสนิท,60,51,False
10305203-01-FRI-1300,2569,1,ศุกร์,FRI,4,13:00,14:30,10305203,แคลคูลัสสำหรับวิศวกรรม 3,Calculus for Engineering 3,1,C,บรรยาย,Lab คณิต 4,105,คณะวิทยาศาสตร์,รองศาสตราจารย์ ดร.วันจักร สาทสนิท,60,51,False
10305203-02-TUE-0930,2569,1,อังคาร,TUE,1,09:30,11:00,10305203,แคลคูลัสสำหรับวิศวกรรม 3,Calculus for Engineering 3,2,C,บรรยาย,Lab คณิต 4,105,คณะวิทยาศาสตร์,รองศาสตราจารย์ ดร.วันจักร สาทสนิท,60,36,False
10305203-02-FRI-0930,2569,1,ศุกร์,FRI,4,09:30,11:00,10305203,แคลคูลัสสำหรับวิศวกรรม 3,Calculus for Engineering 3,2,C,บรรยาย,Lab คณิต 4,105,คณะวิทยาศาสตร์,รองศาสตราจารย์ ดร.วันจักร สาทสนิท,60,36,False
10305206-01-TUE-1300,2569,1,อังคาร,TUE,1,13:00,14:30,10305206,พีชคณิตเชิงเส้น,Linear Algebra,1,C,บรรยาย,วิทย์ 2105,105,คณะวิทยาศาสตร์,ผู้ช่วยศาสตราจารย์ ดร.พิลาศลักษณ์ ศรแก้ว,30,30,False
10305206-01-FRI-1300,2569,1,ศุกร์,FRI,4,13:00,14:30,10305206,พีชคณิตเชิงเส้น,Linear Algebra,1,C,บรรยาย,วิทย์ 2105,105,คณะวิทยาศาสตร์,ผู้ช่วยศาสตราจารย์ ดร.พิลาศลักษณ์ ศรแก้ว,30,30,False
10305211-01-TUE-1100,2569,1,อังคาร,TUE,1,11:00,12:30,10305211,หลักการคณิตศาสตร์,Principles of Mathematics,1,C,บรรยาย,3104,141,อาคารจุฬาภรณ์,อาจารย์ ดร.พิกุล ศรีดารัตน์,27,27,False
10305211-01-FRI-1100,2569,1,ศุกร์,FRI,4,11:00,12:30,10305211,หลักการคณิตศาสตร์,Principles of Mathematics,1,C,บรรยาย,3104,141,อาคารจุฬาภรณ์,อาจารย์ ดร.พิกุล ศรีดารัตน์,27,27,False
10305231-01-TUE-1500,2569,1,อังคาร,TUE,1,15:00,16:30,10305231,แคลคูลัสขั้นสูง,Advanced Calculus,1,C,บรรยาย,Lab คณิต 3,105,คณะวิทยาศาสตร์,รองศาสตราจารย์พัฒนพงศ์ เทียนชัย,35,31,False
10305231-01-FRI-1600,2569,1,ศุกร์,FRI,4,16:00,17:30,10305231,แคลคูลัสขั้นสูง,Advanced Calculus,1,C,บรรยาย,Lab คณิต 3,105,คณะวิทยาศาสตร์,รองศาสตราจารย์พัฒนพงศ์ เทียนชัย,35,31,False
10305233-01-MON-0930,2569,1,จันทร์,MON,0,09:30,11:00,10305233,สมการเชิงอนุพันธ์และการประยุกต์,Differential Equations and Applications,1,C,บรรยาย,Lab คณิต 4,105,คณะวิทยาศาสตร์,ผู้ช่วยศาสตราจารย์ ดร.สิตา ชากฤษณ์,80,52,False
10305233-01-THU-0930,2569,1,พฤหัสบดี,THU,3,09:30,11:00,10305233,สมการเชิงอนุพันธ์และการประยุกต์,Differential Equations and Applications,1,C,บรรยาย,Lab คณิต 4,105,คณะวิทยาศาสตร์,ผู้ช่วยศาสตราจารย์ ดร.สิตา ชากฤษณ์,80,52,False
10305233-02-TUE-1100,2569,1,อังคาร,TUE,1,11:00,12:30,10305233,สมการเชิงอนุพันธ์และการประยุกต์,Differential Equations and Applications,2,C,บรรยาย,Lab คณิต 4,105,คณะวิทยาศาสตร์,ผู้ช่วยศาสตราจารย์ ดร.สิตา ชากฤษณ์,80,76,False
10305233-02-FRI-1100,2569,1,ศุกร์,FRI,4,11:00,12:30,10305233,สมการเชิงอนุพันธ์และการประยุกต์,Differential Equations and Applications,2,C,บรรยาย,Lab คณิต 4,105,คณะวิทยาศาสตร์,ผู้ช่วยศาสตราจารย์ ดร.สิตา ชากฤษณ์,80,76,False
10305238-01-MON-1430,2569,1,จันทร์,MON,0,14:30,16:00,10305238,แคลคูลัสขั้นสูง,Advance Calculus,1,C,บรรยาย,Lab คณิต 4,105,คณะวิทยาศาสตร์,รองศาสตราจารย์ ดร.วันจักร สาทสนิท; รองศาสตราจารย์พัฒนพงศ์ เทียนชัย,30,13,False
10305238-01-THU-1430,2569,1,พฤหัสบดี,THU,3,14:30,16:00,10305238,แคลคูลัสขั้นสูง,Advance Calculus,1,C,บรรยาย,Lab คณิต 4,105,คณะวิทยาศาสตร์,รองศาสตราจารย์ ดร.วันจักร สาทสนิท; รองศาสตราจารย์พัฒนพงศ์ เทียนชัย,30,13,False
10305241-01-MON-1430,2569,1,จันทร์,MON,0,14:30,16:00,10305241,พีชคณิตเชิงเส้นและการประยุกต์,Linear Algebra and Applications,1,C,บรรยาย,3104,141,อาคารจุฬาภรณ์,ผู้ช่วยศาสตราจารย์ ดร.สิตา ชากฤษณ์; ผู้ช่วยศาสตราจารย์เยาวลักษณ์ คงธรรม,30,27,False
10305241-01-THU-1430,2569,1,พฤหัสบดี,THU,3,14:30,16:00,10305241,พีชคณิตเชิงเส้นและการประยุกต์,Linear Algebra and Applications,1,C,บรรยาย,3104,141,อาคารจุฬาภรณ์,ผู้ช่วยศาสตราจารย์ ดร.สิตา ชากฤษณ์; ผู้ช่วยศาสตราจารย์เยาวลักษณ์ คงธรรม,30,27,False
10305252-01-TUE-1300,2569,1,อังคาร,TUE,1,13:00,15:00,10305252,การเขียนโปรแกรมคำนวณทางคณิตศาสตร์,Mathematical Computing and Programming,1,C,บรรยาย,80-308,147,อาคารเรียนรวม 80 ปี,ผู้ช่วยศาสตราจารย์ ดร.จีรวรรณ พัชรประกิติ,30,29,False
10305252-01-FRI-1300,2569,1,ศุกร์,FRI,4,13:00,16:00,10305252,การเขียนโปรแกรมคำนวณทางคณิตศาสตร์,Mathematical Computing and Programming,1,L,ปฏิบัติ,80-308,147,อาคารเรียนรวม 80 ปี,ผู้ช่วยศาสตราจารย์ ดร.จีรวรรณ พัชรประกิติ,30,29,False
10305261-01-TUE-1300,2569,1,อังคาร,TUE,1,13:00,14:30,10305261,หลักการคณิตศาสตร์ประกันภัย,Principles of Actuarial Science,1,C,บรรยาย,3104,141,อาคารจุฬาภรณ์,อาจารย์ ดร.พศิน มรุปัณฑ์ธร,15,13,False
10305261-01-FRI-1300,2569,1,ศุกร์,FRI,4,13:00,14:30,10305261,หลักการคณิตศาสตร์ประกันภัย,Principles of Actuarial Science,1,C,บรรยาย,3104,141,อาคารจุฬาภรณ์,อาจารย์ ดร.พศิน มรุปัณฑ์ธร,15,13,False
10305271-01-MON-1600,2569,1,จันทร์,MON,0,16:00,18:00,10305271,วิทยาการข้อมูลสำหรับธุรกิจและอุตสาหกรรมเกษตร,Data Science for Business and Agro-Industry,1,C,บรรยาย,Lab คณิต 3,105,คณะวิทยาศาสตร์,ผู้ช่วยศาสตราจารย์ ดร.บุรัสกร นันทดิลก; อาจารย์ ดร.ธวัชชัย เพชรธาราทิพย์,15,13,False
10305271-01-WED-0900,2569,1,พุธ,WED,2,09:00,12:00,10305271,วิทยาการข้อมูลสำหรับธุรกิจและอุตสาหกรรมเกษตร,Data Science for Business and Agro-Industry,1,L,ปฏิบัติ,Lab คณิต 3,105,คณะวิทยาศาสตร์,ผู้ช่วยศาสตราจารย์ ดร.บุรัสกร นันทดิลก; อาจารย์ ดร.ธวัชชัย เพชรธาราทิพย์,15,13,False
10305282-01-MON-1430,2569,1,จันทร์,MON,0,14:30,16:00,10305282,ภินทนคณิตศาสตร์,Discrete Mathematics,1,C,บรรยาย,Lab คณิต 3,105,คณะวิทยาศาสตร์,ผู้ช่วยศาสตราจารย์ ดร.ชนิกานต์ เอมหฤทัย,25,23,False
10305282-01-THU-1430,2569,1,พฤหัสบดี,THU,3,14:30,16:00,10305282,ภินทนคณิตศาสตร์,Discrete Mathematics,1,C,บรรยาย,Lab คณิต 3,105,คณะวิทยาศาสตร์,ผู้ช่วยศาสตราจารย์ ดร.ชนิกานต์ เอมหฤทัย,25,23,False
10305321-01-MON-1300,2569,1,จันทร์,MON,0,13:00,14:30,10305321,การวิเคราะห์เชิงคณิตศาสตร์,Mathematical Analysis,1,C,บรรยาย,3104,141,อาคารจุฬาภรณ์,อาจารย์ ดร.พิกุล ศรีดารัตน์; ผู้ช่วยศาสตราจารย์เยาวลักษณ์ คงธรรม,33,31,False
10305321-01-THU-1300,2569,1,พฤหัสบดี,THU,3,13:00,14:30,10305321,การวิเคราะห์เชิงคณิตศาสตร์,Mathematical Analysis,1,C,บรรยาย,3104,141,อาคารจุฬาภรณ์,อาจารย์ ดร.พิกุล ศรีดารัตน์; ผู้ช่วยศาสตราจารย์เยาวลักษณ์ คงธรรม,33,31,False
10305323-01-TUE-1100,2569,1,อังคาร,TUE,1,11:00,12:30,10305323,ทอพอโลยีเบื้องต้น,Introduction to Topology,1,C,บรรยาย,Lab คณิต 3,105,คณะวิทยาศาสตร์,ผู้ช่วยศาสตราจารย์กมลเทพ มีคำ,15,8,False
10305323-01-FRI-1100,2569,1,ศุกร์,FRI,4,11:00,12:30,10305323,ทอพอโลยีเบื้องต้น,Introduction to Topology,1,C,บรรยาย,Lab คณิต 3,105,คณะวิทยาศาสตร์,ผู้ช่วยศาสตราจารย์กมลเทพ มีคำ,15,8,False
10305341-01-TUE-1430,2569,1,อังคาร,TUE,1,14:30,16:00,10305341,พีชคณิตนามธรรมเบื้องต้น,Introduction to Abstract Algebra,1,C,บรรยาย,วิทย์ 2507/2,105,คณะวิทยาศาสตร์,รองศาสตราจารย์ ดร.ดารา ภูสง่า,34,30,False
10305341-01-FRI-1430,2569,1,ศุกร์,FRI,4,14:30,16:00,10305341,พีชคณิตนามธรรมเบื้องต้น,Introduction to Abstract Algebra,1,C,บรรยาย,วิทย์ 2507/2,105,คณะวิทยาศาสตร์,รองศาสตราจารย์ ดร.ดารา ภูสง่า,34,30,False
10305361-01-MON-1100,2569,1,จันทร์,MON,0,11:00,12:30,10305361,คณิตศาสตร์ประกันชีวิต,Mathematics of Life Insurance,1,C,บรรยาย,Lab คณิต 3,105,คณะวิทยาศาสตร์,อาจารย์ ดร.พศิน มรุปัณฑ์ธร,15,10,False
10305361-01-THU-1100,2569,1,พฤหัสบดี,THU,3,11:00,12:30,10305361,คณิตศาสตร์ประกันชีวิต,Mathematics of Life Insurance,1,C,บรรยาย,Lab คณิต 3,105,คณะวิทยาศาสตร์,อาจารย์ ดร.พศิน มรุปัณฑ์ธร,15,10,False
10305491-01-WED-1200,2569,1,พุธ,WED,2,12:00,14:00,10305491,สัมมนา,Seminar,1,L,ปฏิบัติ,Lab คณิต 3,105,คณะวิทยาศาสตร์,รองศาสตราจารย์พัฒนพงศ์ เทียนชัย; ผู้ช่วยศาสตราจารย์ ดร.พิลาศลักษณ์ ศรแก้ว; รองศาสตราจารย์ ดร.ดารา ภูสง่า; ผู้ช่วยศาสตราจารย์ ดร.ชนิกานต์ เอมหฤทัย; ผู้ช่วยศาสตราจารย์กมลเทพ มีคำ; ผู้ช่วยศาสตราจารย์ ดร.สิตา ชากฤษณ์; อาจารย์ ดร.พศิน มรุปัณฑ์ธร; อาจารย์ ดร.ธวัชชัย เพชรธาราทิพย์; รองศาสตราจารย์ ดร.วันจักร สาทสนิท; ผู้ช่วยศาสตราจารย์ ดร.จีรวรรณ พัชรประกิติ; ผู้ช่วยศาสตราจารย์ ดร.บุรัสกร นันทดิลก; ผู้ช่วยศาสตราจารย์ ดร.เจนจิรา ทิพย์ชะ; อาจารย์ ดร.พิกุล ศรีดารัตน์,33,31,False
10400406-01-WED-1100,2569,1,พุธ,WED,2,11:00,14:00,10400406,นานาสาระเกี่ยวกับอาหารและยา,General Aspects of Food and Drug,1,C,บรรยาย,ศร301,125,อาคารแม่โจ้ 70 ปี : สร้างปัญญาเพื่อแผ่นดิน,รองศาสตราจารย์ ดร.วิวัฒน์ หวังเจริญ; ผู้ช่วยศาสตราจารย์ ดร.ศรัญญา สุวรรณอังกูร; อาจารย์ ดร.จิตราพร งามพีระพงศ์; ผู้ช่วยศาสตราจารย์ ดร.กนกวรรณ ตาลดี,300,265,False
10400407-01-MON-0930,2569,1,จันทร์,MON,0,09:30,11:00,10400407,ทักษะดิจิทัลในศตวรรษที่ 21,Digital Skills in 21st Century,1,C,บรรยาย,Online Learning,104,คณะวิศวกรรมและอุตสาหกรรมเกษตร,อาจารย์มุกริน หนูคง; ผู้ช่วยศาสตราจารย์ ดร.พิไลวรรณ พรประสิทธิ์; อาจารย์ ดร.วรวรรณ เพชรอุไร; ผู้ช่วยศาสตราจารย์ดริญญา มูลชัย; ผู้ช่วยศาสตราจารย์ ดร.ศิวโรฒ บุญราศรี; ผู้ช่วยศาสตราจารย์ ดร.หยาดฝน ทนงการกิจ,550,545,False
10400407-01-THU-0930,2569,1,พฤหัสบดี,THU,3,09:30,11:00,10400407,ทักษะดิจิทัลในศตวรรษที่ 21,Digital Skills in 21st Century,1,C,บรรยาย,Online Learning,104,คณะวิศวกรรมและอุตสาหกรรมเกษตร,อาจารย์มุกริน หนูคง; ผู้ช่วยศาสตราจารย์ ดร.พิไลวรรณ พรประสิทธิ์; อาจารย์ ดร.วรวรรณ เพชรอุไร; ผู้ช่วยศาสตราจารย์ดริญญา มูลชัย; ผู้ช่วยศาสตราจารย์ ดร.ศิวโรฒ บุญราศรี; ผู้ช่วยศาสตราจารย์ ดร.หยาดฝน ทนงการกิจ,550,545,False
10400407-02-MON-1300,2569,1,จันทร์,MON,0,13:00,14:30,10400407,ทักษะดิจิทัลในศตวรรษที่ 21,Digital Skills in 21st Century,2,C,บรรยาย,Online Learning,104,คณะวิศวกรรมและอุตสาหกรรมเกษตร,อาจารย์มุกริน หนูคง; ผู้ช่วยศาสตราจารย์ ดร.พิไลวรรณ พรประสิทธิ์; อาจารย์ ดร.วรวรรณ เพชรอุไร; ผู้ช่วยศาสตราจารย์ดริญญา มูลชัย; ผู้ช่วยศาสตราจารย์ ดร.ศิวโรฒ บุญราศรี; ผู้ช่วยศาสตราจารย์ ดร.หยาดฝน ทนงการกิจ,580,574,False
10400407-02-THU-1300,2569,1,พฤหัสบดี,THU,3,13:00,14:30,10400407,ทักษะดิจิทัลในศตวรรษที่ 21,Digital Skills in 21st Century,2,C,บรรยาย,Online Learning,104,คณะวิศวกรรมและอุตสาหกรรมเกษตร,อาจารย์มุกริน หนูคง; ผู้ช่วยศาสตราจารย์ ดร.พิไลวรรณ พรประสิทธิ์; อาจารย์ ดร.วรวรรณ เพชรอุไร; ผู้ช่วยศาสตราจารย์ดริญญา มูลชัย; ผู้ช่วยศาสตราจารย์ ดร.ศิวโรฒ บุญราศรี; ผู้ช่วยศาสตราจารย์ ดร.หยาดฝน ทนงการกิจ,580,574,False
10400408-01-TUE-1100,2569,1,อังคาร,TUE,1,11:00,12:30,10400408,อาหารและเทคโนโลยี,Food and Technology,1,C,บรรยาย,E 101,104,คณะวิศวกรรมและอุตสาหกรรมเกษตร,รองศาสตราจารย์ ดร.วิวัฒน์ หวังเจริญ; ผู้ช่วยศาสตราจารย์ ดร.กนกวรรณ ตาลดี; ผู้ช่วยศาสตราจารย์ ดร.ธีระพล เสนพันธุ์; อาจารย์ ดร.จิตราพร งามพีระพงศ์,40,39,False
10400408-01-WED-0900,2569,1,พุธ,WED,2,09:00,12:00,10400408,อาหารและเทคโนโลยี,Food and Technology,1,C,บรรยาย,N109:811,811,,อาจารย์ ดร.รรินธร ธรรมกุลกระจ่าง,40,39,False
10400408-01-FRI-1100,2569,1,ศุกร์,FRI,4,11:00,12:30,10400408,อาหารและเทคโนโลยี,Food and Technology,1,C,บรรยาย,E 101,104,คณะวิศวกรรมและอุตสาหกรรมเกษตร,รองศาสตราจารย์ ดร.วิวัฒน์ หวังเจริญ; ผู้ช่วยศาสตราจารย์ ดร.กนกวรรณ ตาลดี; ผู้ช่วยศาสตราจารย์ ดร.ธีระพล เสนพันธุ์; อาจารย์ ดร.จิตราพร งามพีระพงศ์,40,39,False
10400502-01-MON-1300,2569,1,จันทร์,MON,0,13:00,15:00,10400502,ผู้ประกอบการนวัตกรรมทางการเกษตร,Agripreneur,1,C,บรรยาย,ศร201_2,125,อาคารแม่โจ้ 70 ปี : สร้างปัญญาเพื่อแผ่นดิน,ผู้ช่วยศาสตราจารย์ ดร.ชนันท์ภัสร์ ราษฎร์นิยม; อาจารย์ ดร.กัลย์ กัลยาณมิตร; ผู้ช่วยศาสตราจารย์ ดร.แพรวพรรณ จอมงาม; ผู้ช่วยศาสตราจารย์ ดร.ธิดารัตน์ แก้วคำ; อาจารย์ ดร.พฤกษ์ ชูสังข์; อาจารย์ ดร.ดวงใจ น้อยวัน,15,9,False
10400502-01-TUE-1000,2569,1,อังคาร,TUE,1,10:00,12:00,10400502,ผู้ประกอบการนวัตกรรมทางการเกษตร,Agripreneur,1,C,บรรยาย,N207:811,811,,อาจารย์ ดร.รัชนีวรรณ คำตัน; อาจารย์ ดร.วันวสา วิโรจนารมย์,15,9,False
10400502-01-THU-1300,2569,1,พฤหัสบดี,THU,3,13:00,15:00,10400502,ผู้ประกอบการนวัตกรรมทางการเกษตร,Agripreneur,1,L,ปฏิบัติ,ศร201_2,125,อาคารแม่โจ้ 70 ปี : สร้างปัญญาเพื่อแผ่นดิน,ผู้ช่วยศาสตราจารย์ ดร.ชนันท์ภัสร์ ราษฎร์นิยม; อาจารย์ ดร.กัลย์ กัลยาณมิตร; ผู้ช่วยศาสตราจารย์ ดร.แพรวพรรณ จอมงาม; ผู้ช่วยศาสตราจารย์ ดร.ธิดารัตน์ แก้วคำ; อาจารย์ ดร.พฤกษ์ ชูสังข์; อาจารย์ ดร.ดวงใจ น้อยวัน,15,9,False
10400502-01-FRI-1000,2569,1,ศุกร์,FRI,4,10:00,12:00,10400502,ผู้ประกอบการนวัตกรรมทางการเกษตร,Agripreneur,1,C,บรรยาย,N207:811,811,,อาจารย์ ดร.รัชนีวรรณ คำตัน; อาจารย์ ดร.วันวสา วิโรจนารมย์,15,9,False
10500501-01-TUE-0800,2569,1,อังคาร,TUE,1,08:00,09:30,10500501,เศรษฐศาสตร์เพื่อชีวิตประจำวันและการประกอบการ,Economics in Daily Life and Operations,1,C,บรรยาย,N108:811,811,,รองศาสตราจารย์ ดร.ฑีฆา โยธาภักดี,15,10,False
10500501-01-TUE-1500,2569,1,อังคาร,TUE,1,15:00,16:30,10500501,เศรษฐศาสตร์เพื่อชีวิตประจำวันและการประกอบการ,Economics in Daily Life and Operations,1,C,บรรยาย,EC403,140,อาคารเศรษฐศาสตร์,ผู้ช่วยศาสตราจารย์ ดร.นลินี คงสุบรรณ์,15,10,False
10500501-01-FRI-0800,2569,1,ศุกร์,FRI,4,08:00,09:30,10500501,เศรษฐศาสตร์เพื่อชีวิตประจำวันและการประกอบการ,Economics in Daily Life and Operations,1,C,บรรยาย,N108:811,811,,รองศาสตราจารย์ ดร.ฑีฆา โยธาภักดี,15,10,False
10500501-01-FRI-1500,2569,1,ศุกร์,FRI,4,15:00,16:30,10500501,เศรษฐศาสตร์เพื่อชีวิตประจำวันและการประกอบการ,Economics in Daily Life and Operations,1,C,บรรยาย,EC403,140,อาคารเศรษฐศาสตร์,ผู้ช่วยศาสตราจารย์ ดร.นลินี คงสุบรรณ์,15,10,False
10500501-02-MON-0930,2569,1,จันทร์,MON,0,09:30,11:00,10500501,เศรษฐศาสตร์เพื่อชีวิตประจำวันและการประกอบการ,Economics in Daily Life and Operations,2,C,บรรยาย,EC302,140,อาคารเศรษฐศาสตร์,รองศาสตราจารย์ ว่าที่ร้อยตรี ดร.สุรชัย กังวล,28,27,False
10500501-02-THU-0930,2569,1,พฤหัสบดี,THU,3,09:30,11:00,10500501,เศรษฐศาสตร์เพื่อชีวิตประจำวันและการประกอบการ,Economics in Daily Life and Operations,2,C,บรรยาย,EC302,140,อาคารเศรษฐศาสตร์,รองศาสตราจารย์ ว่าที่ร้อยตรี ดร.สุรชัย กังวล,28,27,False
10700101-01-TUE-0800,2569,1,อังคาร,TUE,1,08:00,09:30,10700101,สังคมโลกสมัยใหม่ในชีวิตประจำวัน,Modern World in Daily Life,1,C,บรรยาย,ศร204,125,อาคารแม่โจ้ 70 ปี : สร้างปัญญาเพื่อแผ่นดิน,ผู้ช่วยศาสตราจารย์โสพิน โตธิรกุล,120,117,False
10700101-01-FRI-0800,2569,1,ศุกร์,FRI,4,08:00,09:30,10700101,สังคมโลกสมัยใหม่ในชีวิตประจำวัน,Modern World in Daily Life,1,C,บรรยาย,ศร204,125,อาคารแม่โจ้ 70 ปี : สร้างปัญญาเพื่อแผ่นดิน,ผู้ช่วยศาสตราจารย์โสพิน โตธิรกุล,120,117,False
10700101-02-MON-1100,2569,1,จันทร์,MON,0,11:00,12:30,10700101,สังคมโลกสมัยใหม่ในชีวิตประจำวัน,Modern World in Daily Life,2,C,บรรยาย,ศร403,125,อาคารแม่โจ้ 70 ปี : สร้างปัญญาเพื่อแผ่นดิน,อาจารย์ฤทัยลักษมี กิจบุญชู,120,115,False
10700101-02-THU-1100,2569,1,พฤหัสบดี,THU,3,11:00,12:30,10700101,สังคมโลกสมัยใหม่ในชีวิตประจำวัน,Modern World in Daily Life,2,C,บรรยาย,ศร403,125,อาคารแม่โจ้ 70 ปี : สร้างปัญญาเพื่อแผ่นดิน,อาจารย์ฤทัยลักษมี กิจบุญชู,120,115,False
10700101-03-MON-1100,2569,1,จันทร์,MON,0,11:00,12:30,10700101,สังคมโลกสมัยใหม่ในชีวิตประจำวัน,Modern World in Daily Life,3,C,บรรยาย,ศร302,125,อาคารแม่โจ้ 70 ปี : สร้างปัญญาเพื่อแผ่นดิน,ผู้ช่วยศาสตราจารย์โสพิน โตธิรกุล,120,119,False
10700101-03-THU-1100,2569,1,พฤหัสบดี,THU,3,11:00,12:30,10700101,สังคมโลกสมัยใหม่ในชีวิตประจำวัน,Modern World in Daily Life,3,C,บรรยาย,ศร302,125,อาคารแม่โจ้ 70 ปี : สร้างปัญญาเพื่อแผ่นดิน,ผู้ช่วยศาสตราจารย์โสพิน โตธิรกุล,120,119,False
10700101-04-MON-1600,2569,1,จันทร์,MON,0,16:00,17:30,10700101,สังคมโลกสมัยใหม่ในชีวิตประจำวัน,Modern World in Daily Life,4,C,บรรยาย,ศร401,125,อาคารแม่โจ้ 70 ปี : สร้างปัญญาเพื่อแผ่นดิน,อาจารย์นิรันดร์รักษ์ ปาทาน,120,117,False
10700101-04-THU-1600,2569,1,พฤหัสบดี,THU,3,16:00,17:30,10700101,สังคมโลกสมัยใหม่ในชีวิตประจำวัน,Modern World in Daily Life,4,C,บรรยาย,ศร401,125,อาคารแม่โจ้ 70 ปี : สร้างปัญญาเพื่อแผ่นดิน,อาจารย์นิรันดร์รักษ์ ปาทาน,120,117,False
10700101-05-WED-0800,2569,1,พุธ,WED,2,08:00,11:00,10700101,สังคมโลกสมัยใหม่ในชีวิตประจำวัน,Modern World in Daily Life,5,C,บรรยาย,ศร302,125,อาคารแม่โจ้ 70 ปี : สร้างปัญญาเพื่อแผ่นดิน,อาจารย์นิรันดร์รักษ์ ปาทาน,120,118,False
10700101-06-TUE-0930,2569,1,อังคาร,TUE,1,09:30,11:00,10700101,สังคมโลกสมัยใหม่ในชีวิตประจำวัน,Modern World in Daily Life,6,C,บรรยาย,ศร306,125,อาคารแม่โจ้ 70 ปี : สร้างปัญญาเพื่อแผ่นดิน,ผู้ช่วยศาสตราจารย์โสพิน โตธิรกุล,120,120,False
10700101-06-FRI-0930,2569,1,ศุกร์,FRI,4,09:30,11:00,10700101,สังคมโลกสมัยใหม่ในชีวิตประจำวัน,Modern World in Daily Life,6,C,บรรยาย,ศร306,125,อาคารแม่โจ้ 70 ปี : สร้างปัญญาเพื่อแผ่นดิน,ผู้ช่วยศาสตราจารย์โสพิน โตธิรกุล,120,120,False
10700101-07-TUE-0930,2569,1,อังคาร,TUE,1,09:30,11:00,10700101,สังคมโลกสมัยใหม่ในชีวิตประจำวัน,Modern World in Daily Life,7,C,บรรยาย,80-502,147,อาคารเรียนรวม 80 ปี,อาจารย์ฤทัยลักษมี กิจบุญชู,120,119,False
10700101-07-FRI-0930,2569,1,ศุกร์,FRI,4,09:30,11:00,10700101,สังคมโลกสมัยใหม่ในชีวิตประจำวัน,Modern World in Daily Life,7,C,บรรยาย,80-502,147,อาคารเรียนรวม 80 ปี,อาจารย์ฤทัยลักษมี กิจบุญชู,120,119,False
10700101-08-TUE-1100,2569,1,อังคาร,TUE,1,11:00,12:30,10700101,สังคมโลกสมัยใหม่ในชีวิตประจำวัน,Modern World in Daily Life,8,C,บรรยาย,80-401,147,อาคารเรียนรวม 80 ปี,อาจารย์ฤทัยลักษมี กิจบุญชู,120,119,False
10700101-08-FRI-1100,2569,1,ศุกร์,FRI,4,11:00,12:30,10700101,สังคมโลกสมัยใหม่ในชีวิตประจำวัน,Modern World in Daily Life,8,C,บรรยาย,80-401,147,อาคารเรียนรวม 80 ปี,อาจารย์ฤทัยลักษมี กิจบุญชู,120,119,False
10700101-09-WED-0800,2569,1,พุธ,WED,2,08:00,11:00,10700101,สังคมโลกสมัยใหม่ในชีวิตประจำวัน,Modern World in Daily Life,9,C,บรรยาย,ศร204,125,อาคารแม่โจ้ 70 ปี : สร้างปัญญาเพื่อแผ่นดิน,อาจารย์ฤทัยลักษมี กิจบุญชู,120,86,False
10700101-10-MON-1300,2569,1,จันทร์,MON,0,13:00,14:30,10700101,สังคมโลกสมัยใหม่ในชีวิตประจำวัน,Modern World in Daily Life,10,C,บรรยาย,สังคม 604,102,ประเสริฐ ณ นคร,,64,61,False
10700101-10-THU-1300,2569,1,พฤหัสบดี,THU,3,13:00,14:30,10700101,สังคมโลกสมัยใหม่ในชีวิตประจำวัน,Modern World in Daily Life,10,C,บรรยาย,สังคม 604,102,ประเสริฐ ณ นคร,,64,61,False
10700102-01-MON-0930,2569,1,จันทร์,MON,0,09:30,11:00,10700102,อารยธรรมและโลกสมัยใหม่,Civilization and Modern World,1,C,บรรยาย,ศร401,125,อาคารแม่โจ้ 70 ปี : สร้างปัญญาเพื่อแผ่นดิน,ผู้ช่วยศาสตราจารย์ ดร.กิตยุตม์ กิตติธรสกุล,120,109,False
10700102-01-THU-0930,2569,1,พฤหัสบดี,THU,3,09:30,11:00,10700102,อารยธรรมและโลกสมัยใหม่,Civilization and Modern World,1,C,บรรยาย,ศร401,125,อาคารแม่โจ้ 70 ปี : สร้างปัญญาเพื่อแผ่นดิน,ผู้ช่วยศาสตราจารย์ ดร.กิตยุตม์ กิตติธรสกุล,120,109,False
10700102-02-TUE-0800,2569,1,อังคาร,TUE,1,08:00,09:30,10700102,อารยธรรมและโลกสมัยใหม่,Civilization and Modern World,2,C,บรรยาย,80-401,147,อาคารเรียนรวม 80 ปี,ผู้ช่วยศาสตราจารย์ ดร.กิตยุตม์ กิตติธรสกุล,120,114,False
10700102-02-FRI-0800,2569,1,ศุกร์,FRI,4,08:00,09:30,10700102,อารยธรรมและโลกสมัยใหม่,Civilization and Modern World,2,C,บรรยาย,80-401,147,อาคารเรียนรวม 80 ปี,ผู้ช่วยศาสตราจารย์ ดร.กิตยุตม์ กิตติธรสกุล,120,114,False
10700102-03-TUE-0800,2569,1,อังคาร,TUE,1,08:00,09:30,10700102,อารยธรรมและโลกสมัยใหม่,Civilization and Modern World,3,C,บรรยาย,80-502,147,อาคารเรียนรวม 80 ปี,ผู้ช่วยศาสตราจารย์ ดร.เมธี เมธาสิทธิ สุขสำเร็จ,120,87,False
10700102-03-FRI-0800,2569,1,ศุกร์,FRI,4,08:00,09:30,10700102,อารยธรรมและโลกสมัยใหม่,Civilization and Modern World,3,C,บรรยาย,80-502,147,อาคารเรียนรวม 80 ปี,ผู้ช่วยศาสตราจารย์ ดร.เมธี เมธาสิทธิ สุขสำเร็จ,120,87,False
10700102-04-MON-0800,2569,1,จันทร์,MON,0,08:00,09:30,10700102,อารยธรรมและโลกสมัยใหม่,Civilization and Modern World,4,C,บรรยาย,ศร403,125,อาคารแม่โจ้ 70 ปี : สร้างปัญญาเพื่อแผ่นดิน,ผู้ช่วยศาสตราจารย์ ดร.กิตยุตม์ กิตติธรสกุล,135,133,False
10700102-04-THU-0800,2569,1,พฤหัสบดี,THU,3,08:00,09:30,10700102,อารยธรรมและโลกสมัยใหม่,Civilization and Modern World,4,C,บรรยาย,ศร403,125,อาคารแม่โจ้ 70 ปี : สร้างปัญญาเพื่อแผ่นดิน,ผู้ช่วยศาสตราจารย์ ดร.กิตยุตม์ กิตติธรสกุล,135,133,False
10700102-05-TUE-1430,2569,1,อังคาร,TUE,1,14:30,16:00,10700102,อารยธรรมและโลกสมัยใหม่,Civilization and Modern World,5,C,บรรยาย,ศร401,125,อาคารแม่โจ้ 70 ปี : สร้างปัญญาเพื่อแผ่นดิน,ผู้ช่วยศาสตราจารย์ ดร.เมธี เมธาสิทธิ สุขสำเร็จ,120,118,False
10700102-05-FRI-1430,2569,1,ศุกร์,FRI,4,14:30,16:00,10700102,อารยธรรมและโลกสมัยใหม่,Civilization and Modern World,5,C,บรรยาย,ศร401,125,อาคารแม่โจ้ 70 ปี : สร้างปัญญาเพื่อแผ่นดิน,ผู้ช่วยศาสตราจารย์ ดร.เมธี เมธาสิทธิ สุขสำเร็จ,120,118,False
10700102-06-TUE-1100,2569,1,อังคาร,TUE,1,11:00,12:30,10700102,อารยธรรมและโลกสมัยใหม่,Civilization and Modern World,6,C,บรรยาย,ศร403,125,อาคารแม่โจ้ 70 ปี : สร้างปัญญาเพื่อแผ่นดิน,ผู้ช่วยศาสตราจารย์ ดร.เมธี เมธาสิทธิ สุขสำเร็จ,120,118,False
10700102-06-FRI-1100,2569,1,ศุกร์,FRI,4,11:00,12:30,10700102,อารยธรรมและโลกสมัยใหม่,Civilization and Modern World,6,C,บรรยาย,ศร403,125,อาคารแม่โจ้ 70 ปี : สร้างปัญญาเพื่อแผ่นดิน,ผู้ช่วยศาสตราจารย์ ดร.เมธี เมธาสิทธิ สุขสำเร็จ,120,118,False
10700102-07-MON-0800,2569,1,จันทร์,MON,0,08:00,09:30,10700102,อารยธรรมและโลกสมัยใหม่,Civilization and Modern World,7,C,บรรยาย,ศร304,125,อาคารแม่โจ้ 70 ปี : สร้างปัญญาเพื่อแผ่นดิน,อาจารย์มนฤทัย ไชยวิเศษ,135,132,False
10700102-07-THU-0800,2569,1,พฤหัสบดี,THU,3,08:00,09:30,10700102,อารยธรรมและโลกสมัยใหม่,Civilization and Modern World,7,C,บรรยาย,ศร304,125,อาคารแม่โจ้ 70 ปี : สร้างปัญญาเพื่อแผ่นดิน,อาจารย์มนฤทัย ไชยวิเศษ,135,132,False
10700102-08-TUE-1300,2569,1,อังคาร,TUE,1,13:00,14:30,10700102,อารยธรรมและโลกสมัยใหม่,Civilization and Modern World,8,C,บรรยาย,ศร401,125,อาคารแม่โจ้ 70 ปี : สร้างปัญญาเพื่อแผ่นดิน,ผู้ช่วยศาสตราจารย์ ดร.เมธี เมธาสิทธิ สุขสำเร็จ,120,115,False
10700102-08-FRI-1300,2569,1,ศุกร์,FRI,4,13:00,14:30,10700102,อารยธรรมและโลกสมัยใหม่,Civilization and Modern World,8,C,บรรยาย,ศร401,125,อาคารแม่โจ้ 70 ปี : สร้างปัญญาเพื่อแผ่นดิน,ผู้ช่วยศาสตราจารย์ ดร.เมธี เมธาสิทธิ สุขสำเร็จ,120,115,False
10700102-09-TUE-1100,2569,1,อังคาร,TUE,1,11:00,12:30,10700102,อารยธรรมและโลกสมัยใหม่,Civilization and Modern World,9,C,บรรยาย,ศร204,125,อาคารแม่โจ้ 70 ปี : สร้างปัญญาเพื่อแผ่นดิน,ผู้ช่วยศาสตราจารย์ ดร.กิตยุตม์ กิตติธรสกุล,120,100,False
10700102-09-FRI-1100,2569,1,ศุกร์,FRI,4,11:00,12:30,10700102,อารยธรรมและโลกสมัยใหม่,Civilization and Modern World,9,C,บรรยาย,ศร204,125,อาคารแม่โจ้ 70 ปี : สร้างปัญญาเพื่อแผ่นดิน,ผู้ช่วยศาสตราจารย์ ดร.กิตยุตม์ กิตติธรสกุล,120,100,False
10700103-01-MON-1100,2569,1,จันทร์,MON,0,11:00,12:30,10700103,ประวัติศาสตร์และพัฒนาการของล้านนา,History and Development of Lanna,1,C,บรรยาย,80-301,147,อาคารเรียนรวม 80 ปี,อาจารย์มนฤทัย ไชยวิเศษ,120,112,False
10700103-01-THU-1100,2569,1,พฤหัสบดี,THU,3,11:00,12:30,10700103,ประวัติศาสตร์และพัฒนาการของล้านนา,History and Development of Lanna,1,C,บรรยาย,80-301,147,อาคารเรียนรวม 80 ปี,อาจารย์มนฤทัย ไชยวิเศษ,120,112,False
10700103-02-MON-0930,2569,1,จันทร์,MON,0,09:30,11:00,10700103,ประวัติศาสตร์และพัฒนาการของล้านนา,History and Development of Lanna,2,C,บรรยาย,ศร306,125,อาคารแม่โจ้ 70 ปี : สร้างปัญญาเพื่อแผ่นดิน,อาจารย์มนฤทัย ไชยวิเศษ,120,91,False
10700103-02-THU-0930,2569,1,พฤหัสบดี,THU,3,09:30,11:00,10700103,ประวัติศาสตร์และพัฒนาการของล้านนา,History and Development of Lanna,2,C,บรรยาย,ศร306,125,อาคารแม่โจ้ 70 ปี : สร้างปัญญาเพื่อแผ่นดิน,อาจารย์มนฤทัย ไชยวิเศษ,120,91,False
10700104-01-MON-0800,2569,1,จันทร์,MON,0,08:00,09:30,10700104,ผู้สูงอายุและสังคมผู้สูงวัย,Elderly and Ageing Society,1,C,บรรยาย,80-401,147,อาคารเรียนรวม 80 ปี,ผู้ช่วยศาสตราจารย์ ดร.อิทธิพงษ์ ทองศรีเกตุ,120,108,False
10700104-01-THU-0800,2569,1,พฤหัสบดี,THU,3,08:00,09:30,10700104,ผู้สูงอายุและสังคมผู้สูงวัย,Elderly and Ageing Society,1,C,บรรยาย,80-401,147,อาคารเรียนรวม 80 ปี,ผู้ช่วยศาสตราจารย์ ดร.อิทธิพงษ์ ทองศรีเกตุ,120,108,False
10700105-01-MON-1300,2569,1,จันทร์,MON,0,13:00,14:30,10700105,มนุษย์ สังคม เทคโนโลยีและสิ่งแวดล้อม,"Man, Society, Technology and Environment",1,C,บรรยาย,N107:811,811,,รองศาสตราจารย์ ดร.ฑีฆา โยธาภักดี; ผู้ช่วยศาสตราจารย์ ดร.มัชฌิมา ศุภวิมลพันธ์,60,44,False
10700105-01-MON-1500,2569,1,จันทร์,MON,0,15:00,18:00,10700105,มนุษย์ สังคม เทคโนโลยีและสิ่งแวดล้อม,"Man, Society, Technology and Environment",1,C,บรรยาย,308,716,,อาจารย์วิชชุดา เอื้ออารี,60,44,False
10700105-01-WED-0800,2569,1,พุธ,WED,2,08:00,11:00,10700105,มนุษย์ สังคม เทคโนโลยีและสิ่งแวดล้อม,"Man, Society, Technology and Environment",1,C,บรรยาย,80-501,147,อาคารเรียนรวม 80 ปี,อาจารย์พสุนิต สารมาศ,60,44,False
10700105-01-THU-1300,2569,1,พฤหัสบดี,THU,3,13:00,14:30,10700105,มนุษย์ สังคม เทคโนโลยีและสิ่งแวดล้อม,"Man, Society, Technology and Environment",1,C,บรรยาย,N107:811,811,,รองศาสตราจารย์ ดร.ฑีฆา โยธาภักดี; ผู้ช่วยศาสตราจารย์ ดร.มัชฌิมา ศุภวิมลพันธ์,60,44,False
10700105-02-MON-1100,2569,1,จันทร์,MON,0,11:00,12:30,10700105,มนุษย์ สังคม เทคโนโลยีและสิ่งแวดล้อม,"Man, Society, Technology and Environment",2,C,บรรยาย,80-501,147,อาคารเรียนรวม 80 ปี,อาจารย์พสุนิต สารมาศ,120,56,False
10700105-02-THU-1100,2569,1,พฤหัสบดี,THU,3,11:00,12:30,10700105,มนุษย์ สังคม เทคโนโลยีและสิ่งแวดล้อม,"Man, Society, Technology and Environment",2,C,บรรยาย,80-501,147,อาคารเรียนรวม 80 ปี,อาจารย์พสุนิต สารมาศ,120,56,False
10700106-01-MON-0800,2569,1,จันทร์,MON,0,08:00,09:30,10700106,สังคมและวัฒนธรรมไทย,Thai Society and Culture,1,C,บรรยาย,ศร204,125,อาคารแม่โจ้ 70 ปี : สร้างปัญญาเพื่อแผ่นดิน,อาจารย์สาธิยา เขื่อนคำ,120,78,False
10700106-01-THU-0800,2569,1,พฤหัสบดี,THU,3,08:00,09:30,10700106,สังคมและวัฒนธรรมไทย,Thai Society and Culture,1,C,บรรยาย,ศร204,125,อาคารแม่โจ้ 70 ปี : สร้างปัญญาเพื่อแผ่นดิน,อาจารย์สาธิยา เขื่อนคำ,120,78,False
10700106-02-MON-0800,2569,1,จันทร์,MON,0,08:00,09:30,10700106,สังคมและวัฒนธรรมไทย,Thai Society and Culture,2,C,บรรยาย,ศร401,125,อาคารแม่โจ้ 70 ปี : สร้างปัญญาเพื่อแผ่นดิน,อาจารย์ ดร.ภัทริยา คงธนะ,120,112,False
10700106-02-THU-0800,2569,1,พฤหัสบดี,THU,3,08:00,09:30,10700106,สังคมและวัฒนธรรมไทย,Thai Society and Culture,2,C,บรรยาย,ศร401,125,อาคารแม่โจ้ 70 ปี : สร้างปัญญาเพื่อแผ่นดิน,อาจารย์ ดร.ภัทริยา คงธนะ,120,112,False
10700106-03-TUE-1300,2569,1,อังคาร,TUE,1,13:00,14:30,10700106,สังคมและวัฒนธรรมไทย,Thai Society and Culture,3,C,บรรยาย,ศร302,125,อาคารแม่โจ้ 70 ปี : สร้างปัญญาเพื่อแผ่นดิน,อาจารย์ ดร.ภัทริยา คงธนะ,120,118,False
10700106-03-FRI-1300,2569,1,ศุกร์,FRI,4,13:00,14:30,10700106,สังคมและวัฒนธรรมไทย,Thai Society and Culture,3,C,บรรยาย,ศร302,125,อาคารแม่โจ้ 70 ปี : สร้างปัญญาเพื่อแผ่นดิน,อาจารย์ ดร.ภัทริยา คงธนะ,120,118,False
10700106-04-TUE-1430,2569,1,อังคาร,TUE,1,14:30,16:00,10700106,สังคมและวัฒนธรรมไทย,Thai Society and Culture,4,C,บรรยาย,ศร302,125,อาคารแม่โจ้ 70 ปี : สร้างปัญญาเพื่อแผ่นดิน,อาจารย์ ดร.ภัทริยา คงธนะ,120,120,False
10700106-04-FRI-1430,2569,1,ศุกร์,FRI,4,14:30,16:00,10700106,สังคมและวัฒนธรรมไทย,Thai Society and Culture,4,C,บรรยาย,ศร302,125,อาคารแม่โจ้ 70 ปี : สร้างปัญญาเพื่อแผ่นดิน,อาจารย์ ดร.ภัทริยา คงธนะ,120,120,False
10700106-05-MON-1500,2569,1,จันทร์,MON,0,15:00,16:30,10700106,สังคมและวัฒนธรรมไทย,Thai Society and Culture,5,C,บรรยาย,ศร302,125,อาคารแม่โจ้ 70 ปี : สร้างปัญญาเพื่อแผ่นดิน,อาจารย์สาธิยา เขื่อนคำ,120,105,False
10700106-05-THU-1500,2569,1,พฤหัสบดี,THU,3,15:00,16:30,10700106,สังคมและวัฒนธรรมไทย,Thai Society and Culture,5,C,บรรยาย,ศร302,125,อาคารแม่โจ้ 70 ปี : สร้างปัญญาเพื่อแผ่นดิน,อาจารย์สาธิยา เขื่อนคำ,120,105,False
10700106-06-MON-1300,2569,1,จันทร์,MON,0,13:00,14:30,10700106,สังคมและวัฒนธรรมไทย,Thai Society and Culture,6,C,บรรยาย,ศร502,125,อาคารแม่โจ้ 70 ปี : สร้างปัญญาเพื่อแผ่นดิน,อาจารย์สาธิยา เขื่อนคำ,115,69,False
10700106-06-THU-1300,2569,1,พฤหัสบดี,THU,3,13:00,14:30,10700106,สังคมและวัฒนธรรมไทย,Thai Society and Culture,6,C,บรรยาย,ศร502,125,อาคารแม่โจ้ 70 ปี : สร้างปัญญาเพื่อแผ่นดิน,อาจารย์สาธิยา เขื่อนคำ,115,69,False
10700109-01-MON-1000,2569,1,จันทร์,MON,0,10:00,12:00,10700109,จิตอาสาเพื่อพัฒนาสังคม,Volunteer Spirit for Social Development,1,C,บรรยาย,80-408,147,อาคารเรียนรวม 80 ปี,อาจารย์สาธิยา เขื่อนคำ,60,51,False
10700109-01-THU-1000,2569,1,พฤหัสบดี,THU,3,10:00,12:00,10700109,จิตอาสาเพื่อพัฒนาสังคม,Volunteer Spirit for Social Development,1,L,ปฏิบัติ,80-408,147,อาคารเรียนรวม 80 ปี,อาจารย์สาธิยา เขื่อนคำ,60,51,False
10700109-02-TUE-0800,2569,1,อังคาร,TUE,1,08:00,10:00,10700109,จิตอาสาเพื่อพัฒนาสังคม,Volunteer Spirit for Social Development,2,C,บรรยาย,80-404,147,อาคารเรียนรวม 80 ปี,อาจารย์สาธิยา เขื่อนคำ,60,50,False
10700109-02-FRI-0800,2569,1,ศุกร์,FRI,4,08:00,10:00,10700109,จิตอาสาเพื่อพัฒนาสังคม,Volunteer Spirit for Social Development,2,L,ปฏิบัติ,80-404,147,อาคารเรียนรวม 80 ปี,อาจารย์สาธิยา เขื่อนคำ,60,50,False
10700201-01-MON-0930,2569,1,จันทร์,MON,0,09:30,11:00,10700201,จิตวิทยากับพฤติกรรมมนุษย์,Psychology and Human Behavior,1,C,บรรยาย,ศร403,125,อาคารแม่โจ้ 70 ปี : สร้างปัญญาเพื่อแผ่นดิน,รองศาสตราจารย์มธุรส สว่างบำรุง,10,8,False
10700201-01-MON-1500,2569,1,จันทร์,MON,0,15:00,16:30,10700201,จิตวิทยากับพฤติกรรมมนุษย์,Psychology and Human Behavior,1,C,บรรยาย,N202:811,811,,ผู้ช่วยศาสตราจารย์ ดร.ศิริพร พันธุลี,10,8,False
10700201-01-TUE-1500,2569,1,อังคาร,TUE,1,15:00,16:30,10700201,จิตวิทยากับพฤติกรรมมนุษย์,Psychology and Human Behavior,1,C,บรรยาย,N202:811,811,,ผู้ช่วยศาสตราจารย์ ดร.ศิริพร พันธุลี,10,8,False
10700201-01-THU-0930,2569,1,พฤหัสบดี,THU,3,09:30,11:00,10700201,จิตวิทยากับพฤติกรรมมนุษย์,Psychology and Human Behavior,1,C,บรรยาย,ศร403,125,อาคารแม่โจ้ 70 ปี : สร้างปัญญาเพื่อแผ่นดิน,รองศาสตราจารย์มธุรส สว่างบำรุง,10,8,False
10700202-01-TUE-1000,2569,1,อังคาร,TUE,1,10:00,12:00,10700202,สุขภาพสำหรับคนรุ่นใหม่,Health Care for New Generation,1,C,บรรยาย,80-507,147,อาคารเรียนรวม 80 ปี,อาจารย์ ดร.กัญจน์ จันทร์ศรีสุคต,60,57,False
10700202-01-TUE-1000,2569,1,อังคาร,TUE,1,10:00,12:00,10700202,สุขภาพสำหรับคนรุ่นใหม่,Health Care for New Generation,1,C,บรรยาย,N103:811,811,,ผู้ช่วยศาสตราจารย์ ดร.วรัญญู รีรมย์; ผู้ช่วยศาสตราจารย์ ดร.วัฒนา วณิชชานนท์,60,57,False
10700202-01-FRI-1000,2569,1,ศุกร์,FRI,4,10:00,12:00,10700202,สุขภาพสำหรับคนรุ่นใหม่,Health Care for New Generation,1,L,ปฏิบัติ,80-507,147,อาคารเรียนรวม 80 ปี,อาจารย์ ดร.กัญจน์ จันทร์ศรีสุคต,60,57,False
10700202-01-FRI-1000,2569,1,ศุกร์,FRI,4,10:00,12:00,10700202,สุขภาพสำหรับคนรุ่นใหม่,Health Care for New Generation,1,L,ปฏิบัติ,สนามกีฬา,สนามกีฬา,,ผู้ช่วยศาสตราจารย์ ดร.วรัญญู รีรมย์; ผู้ช่วยศาสตราจารย์ ดร.วัฒนา วณิชชานนท์,60,57,False
10700202-02-TUE-1000,2569,1,อังคาร,TUE,1,10:00,12:00,10700202,สุขภาพสำหรับคนรุ่นใหม่,Health Care for New Generation,2,C,บรรยาย,ศกฬ เรียน1,110,ศูนย์กีฬาเฉลิมพระเกียรติ (โซน B),อาจารย์ ดร.จิราดร ถิ่นอ่วน,60,44,False
10700202-02-TUE-1000,2569,1,อังคาร,TUE,1,10:00,12:00,10700202,สุขภาพสำหรับคนรุ่นใหม่,Health Care for New Generation,2,C,บรรยาย,303/2 : 801,801,,ผู้ช่วยศาสตราจารย์ ดร.วัฒนา วณิชชานนท์,60,44,False
10700202-02-FRI-1000,2569,1,ศุกร์,FRI,4,10:00,12:00,10700202,สุขภาพสำหรับคนรุ่นใหม่,Health Care for New Generation,2,L,ปฏิบัติ,ศกฬ เรียน1,110,ศูนย์กีฬาเฉลิมพระเกียรติ (โซน B),อาจารย์ ดร.จิราดร ถิ่นอ่วน,60,44,False
10700202-02-FRI-1300,2569,1,ศุกร์,FRI,4,13:00,15:00,10700202,สุขภาพสำหรับคนรุ่นใหม่,Health Care for New Generation,2,L,ปฏิบัติ,สนามกีฬา,สนามกีฬา,,ผู้ช่วยศาสตราจารย์ ดร.วัฒนา วณิชชานนท์,60,44,False
10700202-03-TUE-0800,2569,1,อังคาร,TUE,1,08:00,10:00,10700202,สุขภาพสำหรับคนรุ่นใหม่,Health Care for New Generation,3,C,บรรยาย,ศร305,125,อาคารแม่โจ้ 70 ปี : สร้างปัญญาเพื่อแผ่นดิน,อาจารย์ ดร.กัญจน์ จันทร์ศรีสุคต,60,46,False
10700202-03-TUE-1000,2569,1,อังคาร,TUE,1,10:00,12:00,10700202,สุขภาพสำหรับคนรุ่นใหม่,Health Care for New Generation,3,C,บรรยาย,303/2 : 801,801,,ผู้ช่วยศาสตราจารย์ ดร.วัฒนา วณิชชานนท์,60,46,False
10700202-03-FRI-0800,2569,1,ศุกร์,FRI,4,08:00,10:00,10700202,สุขภาพสำหรับคนรุ่นใหม่,Health Care for New Generation,3,L,ปฏิบัติ,ศร305,125,อาคารแม่โจ้ 70 ปี : สร้างปัญญาเพื่อแผ่นดิน,อาจารย์ ดร.กัญจน์ จันทร์ศรีสุคต,60,46,False
10700202-03-FRI-1500,2569,1,ศุกร์,FRI,4,15:00,17:00,10700202,สุขภาพสำหรับคนรุ่นใหม่,Health Care for New Generation,3,L,ปฏิบัติ,สนามกีฬา,สนามกีฬา,,ผู้ช่วยศาสตราจารย์ ดร.วัฒนา วณิชชานนท์,60,46,False
10700202-04-TUE-0800,2569,1,อังคาร,TUE,1,08:00,10:00,10700202,สุขภาพสำหรับคนรุ่นใหม่,Health Care for New Generation,4,C,บรรยาย,80-304,147,อาคารเรียนรวม 80 ปี,อาจารย์ ดร.จิราดร ถิ่นอ่วน,61,59,False
10700202-04-FRI-0800,2569,1,ศุกร์,FRI,4,08:00,10:00,10700202,สุขภาพสำหรับคนรุ่นใหม่,Health Care for New Generation,4,L,ปฏิบัติ,80-304,147,อาคารเรียนรวม 80 ปี,อาจารย์ ดร.จิราดร ถิ่นอ่วน,61,59,False
10700202-05-MON-1500,2569,1,จันทร์,MON,0,15:00,17:00,10700202,สุขภาพสำหรับคนรุ่นใหม่,Health Care for New Generation,5,C,บรรยาย,ศร303,125,อาคารแม่โจ้ 70 ปี : สร้างปัญญาเพื่อแผ่นดิน,อาจารย์จิตตรัตน์ ตันเสนีย์,60,59,False
10700202-05-THU-1500,2569,1,พฤหัสบดี,THU,3,15:00,17:00,10700202,สุขภาพสำหรับคนรุ่นใหม่,Health Care for New Generation,5,L,ปฏิบัติ,ศร303,125,อาคารแม่โจ้ 70 ปี : สร้างปัญญาเพื่อแผ่นดิน,อาจารย์จิตตรัตน์ ตันเสนีย์,60,59,False
10700202-06-TUE-1500,2569,1,อังคาร,TUE,1,15:00,17:00,10700202,สุขภาพสำหรับคนรุ่นใหม่,Health Care for New Generation,6,C,บรรยาย,ศร402,125,อาคารแม่โจ้ 70 ปี : สร้างปัญญาเพื่อแผ่นดิน,อาจารย์ ดร.กัญจน์ จันทร์ศรีสุคต,60,59,False
10700202-06-FRI-1500,2569,1,ศุกร์,FRI,4,15:00,17:00,10700202,สุขภาพสำหรับคนรุ่นใหม่,Health Care for New Generation,6,L,ปฏิบัติ,ศร402,125,อาคารแม่โจ้ 70 ปี : สร้างปัญญาเพื่อแผ่นดิน,อาจารย์ ดร.กัญจน์ จันทร์ศรีสุคต,60,59,False
10700202-07-MON-1300,2569,1,จันทร์,MON,0,13:00,15:00,10700202,สุขภาพสำหรับคนรุ่นใหม่,Health Care for New Generation,7,C,บรรยาย,ศร303,125,อาคารแม่โจ้ 70 ปี : สร้างปัญญาเพื่อแผ่นดิน,อาจารย์จิตตรัตน์ ตันเสนีย์,60,60,False
10700202-07-THU-1300,2569,1,พฤหัสบดี,THU,3,13:00,15:00,10700202,สุขภาพสำหรับคนรุ่นใหม่,Health Care for New Generation,7,L,ปฏิบัติ,ศร303,125,อาคารแม่โจ้ 70 ปี : สร้างปัญญาเพื่อแผ่นดิน,อาจารย์จิตตรัตน์ ตันเสนีย์,60,60,False
10700202-08-MON-1300,2569,1,จันทร์,MON,0,13:00,15:00,10700202,สุขภาพสำหรับคนรุ่นใหม่,Health Care for New Generation,8,C,บรรยาย,ศกฬ เรียน1,110,ศูนย์กีฬาเฉลิมพระเกียรติ (โซน B),อาจารย์ ดร.จิราดร ถิ่นอ่วน,60,59,False
10700202-08-THU-1300,2569,1,พฤหัสบดี,THU,3,13:00,15:00,10700202,สุขภาพสำหรับคนรุ่นใหม่,Health Care for New Generation,8,L,ปฏิบัติ,ศกฬ เรียน1,110,ศูนย์กีฬาเฉลิมพระเกียรติ (โซน B),อาจารย์ ดร.จิราดร ถิ่นอ่วน,60,59,False
10700202-09-MON-1500,2569,1,จันทร์,MON,0,15:00,17:00,10700202,สุขภาพสำหรับคนรุ่นใหม่,Health Care for New Generation,9,C,บรรยาย,สังคม 209,102,ประเสริฐ ณ นคร,อาจารย์ ดร.กัญจน์ จันทร์ศรีสุคต,61,60,False
10700202-09-THU-1500,2569,1,พฤหัสบดี,THU,3,15:00,17:00,10700202,สุขภาพสำหรับคนรุ่นใหม่,Health Care for New Generation,9,L,ปฏิบัติ,สังคม 209,102,ประเสริฐ ณ นคร,อาจารย์ ดร.กัญจน์ จันทร์ศรีสุคต,61,60,False
10700202-10-MON-1500,2569,1,จันทร์,MON,0,15:00,17:00,10700202,สุขภาพสำหรับคนรุ่นใหม่,Health Care for New Generation,10,L,ปฏิบัติ,ศกฬ เรียน2,110,ศูนย์กีฬาเฉลิมพระเกียรติ (โซน B),อาจารย์ ดร.จิราดร ถิ่นอ่วน,61,61,False
10700202-10-THU-1500,2569,1,พฤหัสบดี,THU,3,15:00,17:00,10700202,สุขภาพสำหรับคนรุ่นใหม่,Health Care for New Generation,10,C,บรรยาย,ศกฬ เรียน2,110,ศูนย์กีฬาเฉลิมพระเกียรติ (โซน B),อาจารย์ ดร.จิราดร ถิ่นอ่วน,61,61,False
10700202-11-MON-1000,2569,1,จันทร์,MON,0,10:00,12:00,10700202,สุขภาพสำหรับคนรุ่นใหม่,Health Care for New Generation,11,C,บรรยาย,80-409,147,อาคารเรียนรวม 80 ปี,อาจารย์จิตตรัตน์ ตันเสนีย์,60,59,False
10700202-11-THU-1000,2569,1,พฤหัสบดี,THU,3,10:00,12:00,10700202,สุขภาพสำหรับคนรุ่นใหม่,Health Care for New Generation,11,L,ปฏิบัติ,80-409,147,อาคารเรียนรวม 80 ปี,อาจารย์จิตตรัตน์ ตันเสนีย์,60,59,False
10700202-12-MON-0800,2569,1,จันทร์,MON,0,08:00,10:00,10700202,สุขภาพสำหรับคนรุ่นใหม่,Health Care for New Generation,12,C,บรรยาย,สังคม 209,102,ประเสริฐ ณ นคร,อาจารย์จิตตรัตน์ ตันเสนีย์,60,59,False
10700202-12-THU-0800,2569,1,พฤหัสบดี,THU,3,08:00,10:00,10700202,สุขภาพสำหรับคนรุ่นใหม่,Health Care for New Generation,12,L,ปฏิบัติ,สังคม 209,102,ประเสริฐ ณ นคร,อาจารย์จิตตรัตน์ ตันเสนีย์,60,59,False
10700203-01-TUE-0800,2569,1,อังคาร,TUE,1,08:00,10:00,10700203,ศาสตร์และศิลป์แห่งปัญญาชน,Liberal Arts of Intellectuals,1,C,บรรยาย,80-501,147,อาคารเรียนรวม 80 ปี,ผู้ช่วยศาสตราจารย์ ดร.อิทธิพงษ์ ทองศรีเกตุ,88,85,False
10700203-01-FRI-0800,2569,1,ศุกร์,FRI,4,08:00,10:00,10700203,ศาสตร์และศิลป์แห่งปัญญาชน,Liberal Arts of Intellectuals,1,L,ปฏิบัติ,80-501,147,อาคารเรียนรวม 80 ปี,ผู้ช่วยศาสตราจารย์ ดร.อิทธิพงษ์ ทองศรีเกตุ,88,85,False
10700204-01-MON-0800,2569,1,จันทร์,MON,0,08:00,09:30,10700204,มนุษย์กับความงามทางศิลปะ,Humans and Artistic Beauty,1,C,บรรยาย,ศร306,125,อาคารแม่โจ้ 70 ปี : สร้างปัญญาเพื่อแผ่นดิน,รองศาสตราจารย์ฐาปกรณ์ เครือระยา,120,42,False
10700204-01-THU-0800,2569,1,พฤหัสบดี,THU,3,08:00,09:30,10700204,มนุษย์กับความงามทางศิลปะ,Humans and Artistic Beauty,1,C,บรรยาย,ศร306,125,อาคารแม่โจ้ 70 ปี : สร้างปัญญาเพื่อแผ่นดิน,รองศาสตราจารย์ฐาปกรณ์ เครือระยา,120,42,False
10700204-02-MON-1000,2569,1,จันทร์,MON,0,10:00,11:30,10700204,มนุษย์กับความงามทางศิลปะ,Humans and Artistic Beauty,2,C,บรรยาย,80-401,147,อาคารเรียนรวม 80 ปี,รองศาสตราจารย์ฐาปกรณ์ เครือระยา,120,69,False
10700204-02-THU-1000,2569,1,พฤหัสบดี,THU,3,10:00,11:30,10700204,มนุษย์กับความงามทางศิลปะ,Humans and Artistic Beauty,2,C,บรรยาย,80-401,147,อาคารเรียนรวม 80 ปี,รองศาสตราจารย์ฐาปกรณ์ เครือระยา,120,69,False
10700205-01-WED-0800,2569,1,พุธ,WED,2,08:00,09:00,10700205,ศิลปะกับความคิดสร้างสรรค์,Art and Creativity,1,C,บรรยาย,สังคม 106,102,ประเสริฐ ณ นคร,รองศาสตราจารย์ฐาปกรณ์ เครือระยา,77,74,False
10700205-01-WED-0900,2569,1,พุธ,WED,2,09:00,13:00,10700205,ศิลปะกับความคิดสร้างสรรค์,Art and Creativity,1,L,ปฏิบัติ,สังคม 106,102,ประเสริฐ ณ นคร,รองศาสตราจารย์ฐาปกรณ์ เครือระยา,77,74,False
10700205-02-TUE-1300,2569,1,อังคาร,TUE,1,13:00,14:00,10700205,ศิลปะกับความคิดสร้างสรรค์,Art and Creativity,2,C,บรรยาย,สังคม 106,102,ประเสริฐ ณ นคร,รองศาสตราจารย์ฐาปกรณ์ เครือระยา,64,61,False
10700205-02-TUE-1400,2569,1,อังคาร,TUE,1,14:00,18:00,10700205,ศิลปะกับความคิดสร้างสรรค์,Art and Creativity,2,L,ปฏิบัติ,สังคม 106,102,ประเสริฐ ณ นคร,รองศาสตราจารย์ฐาปกรณ์ เครือระยา,64,61,False
10700209-01-MON-1300,2569,1,จันทร์,MON,0,13:00,14:30,10700209,จิตวิทยาเพื่อการดำเนินชีวิตในสังคมสมัยใหม่,Psychology for Living in Modern Society,1,C,บรรยาย,ศร302,125,อาคารแม่โจ้ 70 ปี : สร้างปัญญาเพื่อแผ่นดิน,ผู้ช่วยศาสตราจารย์ ดร.พิณนภา หมวกยอด,2,2,False
10700209-01-MON-1300,2569,1,จันทร์,MON,0,13:00,14:30,10700209,จิตวิทยาเพื่อการดำเนินชีวิตในสังคมสมัยใหม่,Psychology for Living in Modern Society,1,C,บรรยาย,N208:811,811,,ผู้ช่วยศาสตราจารย์ ดร.ศิริพร พันธุลี,2,2,False
10700209-01-THU-1300,2569,1,พฤหัสบดี,THU,3,13:00,14:30,10700209,จิตวิทยาเพื่อการดำเนินชีวิตในสังคมสมัยใหม่,Psychology for Living in Modern Society,1,C,บรรยาย,ศร302,125,อาคารแม่โจ้ 70 ปี : สร้างปัญญาเพื่อแผ่นดิน,ผู้ช่วยศาสตราจารย์ ดร.พิณนภา หมวกยอด,2,2,False
10700209-01-THU-1300,2569,1,พฤหัสบดี,THU,3,13:00,14:30,10700209,จิตวิทยาเพื่อการดำเนินชีวิตในสังคมสมัยใหม่,Psychology for Living in Modern Society,1,C,บรรยาย,N208:811,811,,ผู้ช่วยศาสตราจารย์ ดร.ศิริพร พันธุลี,2,2,False
10700209-02-TUE-0930,2569,1,อังคาร,TUE,1,09:30,11:00,10700209,จิตวิทยาเพื่อการดำเนินชีวิตในสังคมสมัยใหม่,Psychology for Living in Modern Society,2,C,บรรยาย,ศร204,125,อาคารแม่โจ้ 70 ปี : สร้างปัญญาเพื่อแผ่นดิน,อาจารย์พีรดา ประจงการ,120,100,False
10700209-02-FRI-0930,2569,1,ศุกร์,FRI,4,09:30,11:00,10700209,จิตวิทยาเพื่อการดำเนินชีวิตในสังคมสมัยใหม่,Psychology for Living in Modern Society,2,C,บรรยาย,ศร204,125,อาคารแม่โจ้ 70 ปี : สร้างปัญญาเพื่อแผ่นดิน,อาจารย์พีรดา ประจงการ,120,100,False
10700209-03-TUE-1600,2569,1,อังคาร,TUE,1,16:00,17:30,10700209,จิตวิทยาเพื่อการดำเนินชีวิตในสังคมสมัยใหม่,Psychology for Living in Modern Society,3,C,บรรยาย,ศร306,125,อาคารแม่โจ้ 70 ปี : สร้างปัญญาเพื่อแผ่นดิน,อาจารย์ ดร.ปิยาพัทธ์ อารีญาติ,120,41,False
10700209-03-FRI-1600,2569,1,ศุกร์,FRI,4,16:00,17:30,10700209,จิตวิทยาเพื่อการดำเนินชีวิตในสังคมสมัยใหม่,Psychology for Living in Modern Society,3,C,บรรยาย,ศร306,125,อาคารแม่โจ้ 70 ปี : สร้างปัญญาเพื่อแผ่นดิน,อาจารย์ ดร.ปิยาพัทธ์ อารีญาติ,120,41,False
10700209-04-TUE-0800,2569,1,อังคาร,TUE,1,08:00,09:30,10700209,จิตวิทยาเพื่อการดำเนินชีวิตในสังคมสมัยใหม่,Psychology for Living in Modern Society,4,C,บรรยาย,ศร403,125,อาคารแม่โจ้ 70 ปี : สร้างปัญญาเพื่อแผ่นดิน,อาจารย์พีรดา ประจงการ,121,117,False
10700209-04-FRI-0800,2569,1,ศุกร์,FRI,4,08:00,09:30,10700209,จิตวิทยาเพื่อการดำเนินชีวิตในสังคมสมัยใหม่,Psychology for Living in Modern Society,4,L,ปฏิบัติ,ศร403,125,อาคารแม่โจ้ 70 ปี : สร้างปัญญาเพื่อแผ่นดิน,อาจารย์พีรดา ประจงการ,121,117,False
10700209-05-MON-0930,2569,1,จันทร์,MON,0,09:30,11:00,10700209,จิตวิทยาเพื่อการดำเนินชีวิตในสังคมสมัยใหม่,Psychology for Living in Modern Society,5,C,บรรยาย,ศร304,125,อาคารแม่โจ้ 70 ปี : สร้างปัญญาเพื่อแผ่นดิน,ผู้ช่วยศาสตราจารย์ ดร.พิณนภา หมวกยอด,120,84,False
10700209-05-THU-0930,2569,1,พฤหัสบดี,THU,3,09:30,11:00,10700209,จิตวิทยาเพื่อการดำเนินชีวิตในสังคมสมัยใหม่,Psychology for Living in Modern Society,5,C,บรรยาย,ศร304,125,อาคารแม่โจ้ 70 ปี : สร้างปัญญาเพื่อแผ่นดิน,ผู้ช่วยศาสตราจารย์ ดร.พิณนภา หมวกยอด,120,84,False
10700209-06-TUE-0800,2569,1,อังคาร,TUE,1,08:00,09:30,10700209,จิตวิทยาเพื่อการดำเนินชีวิตในสังคมสมัยใหม่,Psychology for Living in Modern Society,6,C,บรรยาย,ศร201_1,125,อาคารแม่โจ้ 70 ปี : สร้างปัญญาเพื่อแผ่นดิน,อาจารย์ ดร.ปิยาพัทธ์ อารีญาติ,120,118,False
10700209-06-FRI-0800,2569,1,ศุกร์,FRI,4,08:00,09:30,10700209,จิตวิทยาเพื่อการดำเนินชีวิตในสังคมสมัยใหม่,Psychology for Living in Modern Society,6,C,บรรยาย,ศร201_1,125,อาคารแม่โจ้ 70 ปี : สร้างปัญญาเพื่อแผ่นดิน,อาจารย์ ดร.ปิยาพัทธ์ อารีญาติ,120,118,False
10700209-07-TUE-1100,2569,1,อังคาร,TUE,1,11:00,12:30,10700209,จิตวิทยาเพื่อการดำเนินชีวิตในสังคมสมัยใหม่,Psychology for Living in Modern Society,7,C,บรรยาย,ศร201_2,125,อาคารแม่โจ้ 70 ปี : สร้างปัญญาเพื่อแผ่นดิน,อาจารย์ ดร.ปิยาพัทธ์ อารีญาติ,120,119,False
10700209-07-FRI-1100,2569,1,ศุกร์,FRI,4,11:00,12:30,10700209,จิตวิทยาเพื่อการดำเนินชีวิตในสังคมสมัยใหม่,Psychology for Living in Modern Society,7,C,บรรยาย,ศร201_2,125,อาคารแม่โจ้ 70 ปี : สร้างปัญญาเพื่อแผ่นดิน,อาจารย์ ดร.ปิยาพัทธ์ อารีญาติ,120,119,False
10700211-01-MON-1000,2569,1,จันทร์,MON,0,10:00,12:00,10700211,การพัฒนาบุคลิกภาพความเป็นผู้ประกอบการที่ยั่งยืน,Lasting Entrepreneurial Personality Development,1,C,บรรยาย,N107:811,811,,ผู้ช่วยศาสตราจารย์ ดร.ศิริพร พันธุลี,20,17,False
10700211-01-TUE-1300,2569,1,อังคาร,TUE,1,13:00,15:00,10700211,การพัฒนาบุคลิกภาพความเป็นผู้ประกอบการที่ยั่งยืน,Lasting Entrepreneurial Personality Development,1,C,บรรยาย,ศร502,125,อาคารแม่โจ้ 70 ปี : สร้างปัญญาเพื่อแผ่นดิน,ผู้ช่วยศาสตราจารย์ ดร.พิณนภา หมวกยอด,20,17,False
10700211-01-THU-1000,2569,1,พฤหัสบดี,THU,3,10:00,12:00,10700211,การพัฒนาบุคลิกภาพความเป็นผู้ประกอบการที่ยั่งยืน,Lasting Entrepreneurial Personality Development,1,L,ปฏิบัติ,N107:811,811,,ผู้ช่วยศาสตราจารย์ ดร.ศิริพร พันธุลี,20,17,False
10700211-01-FRI-1300,2569,1,ศุกร์,FRI,4,13:00,15:00,10700211,การพัฒนาบุคลิกภาพความเป็นผู้ประกอบการที่ยั่งยืน,Lasting Entrepreneurial Personality Development,1,L,ปฏิบัติ,ศร502,125,อาคารแม่โจ้ 70 ปี : สร้างปัญญาเพื่อแผ่นดิน,ผู้ช่วยศาสตราจารย์ ดร.พิณนภา หมวกยอด,20,17,False
10700211-02-TUE-1000,2569,1,อังคาร,TUE,1,10:00,12:00,10700211,การพัฒนาบุคลิกภาพความเป็นผู้ประกอบการที่ยั่งยืน,Lasting Entrepreneurial Personality Development,2,C,บรรยาย,ศร402,125,อาคารแม่โจ้ 70 ปี : สร้างปัญญาเพื่อแผ่นดิน,ผู้ช่วยศาสตราจารย์ ดร.พิณนภา หมวกยอด,60,49,False
10700211-02-FRI-1000,2569,1,ศุกร์,FRI,4,10:00,12:00,10700211,การพัฒนาบุคลิกภาพความเป็นผู้ประกอบการที่ยั่งยืน,Lasting Entrepreneurial Personality Development,2,L,ปฏิบัติ,ศร402,125,อาคารแม่โจ้ 70 ปี : สร้างปัญญาเพื่อแผ่นดิน,ผู้ช่วยศาสตราจารย์ ดร.พิณนภา หมวกยอด,60,49,False
10700213-01-MON-1500,2569,1,จันทร์,MON,0,15:00,16:30,10700213,วัฒนธรรมข้าวและประเพณีชาวนาไทย,Rice Culture and Thai Farmers Traditions,1,C,บรรยาย,ศร306,125,อาคารแม่โจ้ 70 ปี : สร้างปัญญาเพื่อแผ่นดิน,อาจารย์วาสนา ศรีรักษ์,30,22,False
10700213-01-WED-0900,2569,1,พุธ,WED,2,09:00,12:00,10700213,วัฒนธรรมข้าวและประเพณีชาวนาไทย,Rice Culture and Thai Farmers Traditions,1,C,บรรยาย,208 : 801,801,,ผู้ช่วยศาสตราจารย์ ดร.อัญชลี รัตนธรรม,30,22,False
10700213-01-THU-1500,2569,1,พฤหัสบดี,THU,3,15:00,16:30,10700213,วัฒนธรรมข้าวและประเพณีชาวนาไทย,Rice Culture and Thai Farmers Traditions,1,C,บรรยาย,ศร306,125,อาคารแม่โจ้ 70 ปี : สร้างปัญญาเพื่อแผ่นดิน,อาจารย์วาสนา ศรีรักษ์,30,22,False
10700301-01-MON-1300,2569,1,จันทร์,MON,0,13:00,15:00,10700301,ภาษาไทยเพื่อการนำเสนอ,Thai Language for Presentation,1,C,บรรยาย,80-504,147,อาคารเรียนรวม 80 ปี,ผู้ช่วยศาสตราจารย์ ดร.สุนทร คำยอด,45,16,False
10700301-01-THU-1300,2569,1,พฤหัสบดี,THU,3,13:00,15:00,10700301,ภาษาไทยเพื่อการนำเสนอ,Thai Language for Presentation,1,L,ปฏิบัติ,80-504,147,อาคารเรียนรวม 80 ปี,ผู้ช่วยศาสตราจารย์ ดร.สุนทร คำยอด,45,16,False
10700301-01-SAT-0800,2569,1,เสาร์,SAT,5,08:00,10:00,10700301,ภาษาไทยเพื่อการนำเสนอ,Thai Language for Presentation,1,C,บรรยาย,เหลืองโคราช,111,ศูนย์กล้วยไม้และไม้ดอกไม้ประดับ,ผู้ช่วยศาสตราจารย์ดวงหทัย ลือดัง,45,16,False
10700301-01-SAT-1000,2569,1,เสาร์,SAT,5,10:00,12:00,10700301,ภาษาไทยเพื่อการนำเสนอ,Thai Language for Presentation,1,L,ปฏิบัติ,เหลืองโคราช,111,ศูนย์กล้วยไม้และไม้ดอกไม้ประดับ,ผู้ช่วยศาสตราจารย์ดวงหทัย ลือดัง,45,16,False
10700301-02-MON-1300,2569,1,จันทร์,MON,0,13:00,15:00,10700301,ภาษาไทยเพื่อการนำเสนอ,Thai Language for Presentation,2,C,บรรยาย,80-506,147,อาคารเรียนรวม 80 ปี,อาจารย์สุวรรณ เลียงหิรัญถาวร,60,59,False
10700301-02-THU-1300,2569,1,พฤหัสบดี,THU,3,13:00,15:00,10700301,ภาษาไทยเพื่อการนำเสนอ,Thai Language for Presentation,2,L,ปฏิบัติ,80-506,147,อาคารเรียนรวม 80 ปี,อาจารย์สุวรรณ เลียงหิรัญถาวร,60,59,False
10700301-03-TUE-1300,2569,1,อังคาร,TUE,1,13:00,15:00,10700301,ภาษาไทยเพื่อการนำเสนอ,Thai Language for Presentation,3,C,บรรยาย,80-409,147,อาคารเรียนรวม 80 ปี,ผู้ช่วยศาสตราจารย์ชยุตภัฎ คำมูล,60,60,False
10700301-03-FRI-1300,2569,1,ศุกร์,FRI,4,13:00,15:00,10700301,ภาษาไทยเพื่อการนำเสนอ,Thai Language for Presentation,3,L,ปฏิบัติ,80-409,147,อาคารเรียนรวม 80 ปี,ผู้ช่วยศาสตราจารย์ชยุตภัฎ คำมูล,60,60,False
10700301-04-MON-0800,2569,1,จันทร์,MON,0,08:00,10:00,10700301,ภาษาไทยเพื่อการนำเสนอ,Thai Language for Presentation,4,C,บรรยาย,ศร302,125,อาคารแม่โจ้ 70 ปี : สร้างปัญญาเพื่อแผ่นดิน,ผู้ช่วยศาสตราจารย์ดวงหทัย ลือดัง,63,61,False
10700301-04-THU-0800,2569,1,พฤหัสบดี,THU,3,08:00,10:00,10700301,ภาษาไทยเพื่อการนำเสนอ,Thai Language for Presentation,4,L,ปฏิบัติ,ศร302,125,อาคารแม่โจ้ 70 ปี : สร้างปัญญาเพื่อแผ่นดิน,ผู้ช่วยศาสตราจารย์ดวงหทัย ลือดัง,63,61,False
10700301-05-MON-1300,2569,1,จันทร์,MON,0,13:00,15:00,10700301,ภาษาไทยเพื่อการนำเสนอ,Thai Language for Presentation,5,C,บรรยาย,80-402,147,อาคารเรียนรวม 80 ปี,ผู้ช่วยศาสตราจารย์ชยุตภัฎ คำมูล,60,60,False
10700301-05-THU-1300,2569,1,พฤหัสบดี,THU,3,13:00,15:00,10700301,ภาษาไทยเพื่อการนำเสนอ,Thai Language for Presentation,5,L,ปฏิบัติ,80-402,147,อาคารเรียนรวม 80 ปี,ผู้ช่วยศาสตราจารย์ชยุตภัฎ คำมูล,60,60,False
10700301-06-MON-1300,2569,1,จันทร์,MON,0,13:00,15:00,10700301,ภาษาไทยเพื่อการนำเสนอ,Thai Language for Presentation,6,C,บรรยาย,80-404,147,อาคารเรียนรวม 80 ปี,อาจารย์ปาริฉัตร พิมล,63,62,False
10700301-06-THU-1300,2569,1,พฤหัสบดี,THU,3,13:00,15:00,10700301,ภาษาไทยเพื่อการนำเสนอ,Thai Language for Presentation,6,L,ปฏิบัติ,80-404,147,อาคารเรียนรวม 80 ปี,อาจารย์ปาริฉัตร พิมล,63,62,False
10700301-07-TUE-1000,2569,1,อังคาร,TUE,1,10:00,12:00,10700301,ภาษาไทยเพื่อการนำเสนอ,Thai Language for Presentation,7,C,บรรยาย,ศร304,125,อาคารแม่โจ้ 70 ปี : สร้างปัญญาเพื่อแผ่นดิน,ผู้ช่วยศาสตราจารย์ดวงหทัย ลือดัง,61,61,False
10700301-07-FRI-1000,2569,1,ศุกร์,FRI,4,10:00,12:00,10700301,ภาษาไทยเพื่อการนำเสนอ,Thai Language for Presentation,7,L,ปฏิบัติ,ศร304,125,อาคารแม่โจ้ 70 ปี : สร้างปัญญาเพื่อแผ่นดิน,ผู้ช่วยศาสตราจารย์ดวงหทัย ลือดัง,61,61,False
10700301-08-MON-0800,2569,1,จันทร์,MON,0,08:00,10:00,10700301,ภาษาไทยเพื่อการนำเสนอ,Thai Language for Presentation,8,C,บรรยาย,ศร502,125,อาคารแม่โจ้ 70 ปี : สร้างปัญญาเพื่อแผ่นดิน,อาจารย์สุวรรณ เลียงหิรัญถาวร,60,40,False
10700301-08-THU-0800,2569,1,พฤหัสบดี,THU,3,08:00,10:00,10700301,ภาษาไทยเพื่อการนำเสนอ,Thai Language for Presentation,8,L,ปฏิบัติ,ศร502,125,อาคารแม่โจ้ 70 ปี : สร้างปัญญาเพื่อแผ่นดิน,อาจารย์สุวรรณ เลียงหิรัญถาวร,60,40,False
10700302-01-MON-1300,2569,1,จันทร์,MON,0,13:00,15:00,10700302,การใช้ภาษาไทยเพื่อการสื่อสาร,Thai Language for Communication,1,C,บรรยาย,115 : 801,801,,ผู้ช่วยศาสตราจารย์ ดร.อัญชลี รัตนธรรม,60,55,False
10700302-01-THU-1300,2569,1,พฤหัสบดี,THU,3,13:00,15:00,10700302,การใช้ภาษาไทยเพื่อการสื่อสาร,Thai Language for Communication,1,L,ปฏิบัติ,115 : 801,801,,ผู้ช่วยศาสตราจารย์ ดร.อัญชลี รัตนธรรม,60,55,False
10700302-01-SAT-0800,2569,1,เสาร์,SAT,5,08:00,10:00,10700302,การใช้ภาษาไทยเพื่อการสื่อสาร,Thai Language for Communication,1,C,บรรยาย,Online ชุมพร,716,,อาจารย์ ดร.ศรายุทธ เจตรา,60,55,False
10700302-01-SAT-1000,2569,1,เสาร์,SAT,5,10:00,12:00,10700302,การใช้ภาษาไทยเพื่อการสื่อสาร,Thai Language for Communication,1,L,ปฏิบัติ,Online ชุมพร,716,,อาจารย์ ดร.ศรายุทธ เจตรา,60,55,False
10700302-02-TUE-1000,2569,1,อังคาร,TUE,1,10:00,12:00,10700302,การใช้ภาษาไทยเพื่อการสื่อสาร,Thai Language for Communication,2,C,บรรยาย,302/2 : 801,801,,ผู้ช่วยศาสตราจารย์ ดร.อัญชลี รัตนธรรม,100,92,False
10700302-02-FRI-1000,2569,1,ศุกร์,FRI,4,10:00,12:00,10700302,การใช้ภาษาไทยเพื่อการสื่อสาร,Thai Language for Communication,2,L,ปฏิบัติ,302/2 : 801,801,,ผู้ช่วยศาสตราจารย์ ดร.อัญชลี รัตนธรรม,100,92,False
10700302-03-TUE-1000,2569,1,อังคาร,TUE,1,10:00,12:00,10700302,การใช้ภาษาไทยเพื่อการสื่อสาร,Thai Language for Communication,3,C,บรรยาย,80-506,147,อาคารเรียนรวม 80 ปี,อาจารย์สุวรรณ เลียงหิรัญถาวร,60,60,False
10700302-03-FRI-1000,2569,1,ศุกร์,FRI,4,10:00,12:00,10700302,การใช้ภาษาไทยเพื่อการสื่อสาร,Thai Language for Communication,3,L,ปฏิบัติ,80-506,147,อาคารเรียนรวม 80 ปี,อาจารย์สุวรรณ เลียงหิรัญถาวร,60,60,False
10700302-04-MON-1300,2569,1,จันทร์,MON,0,13:00,15:00,10700302,การใช้ภาษาไทยเพื่อการสื่อสาร,Thai Language for Communication,4,C,บรรยาย,80-505,147,อาคารเรียนรวม 80 ปี,ผู้ช่วยศาสตราจารย์ ดร.พรรณิดา ขันธพัทธ์,60,58,False
10700302-04-THU-1300,2569,1,พฤหัสบดี,THU,3,13:00,15:00,10700302,การใช้ภาษาไทยเพื่อการสื่อสาร,Thai Language for Communication,4,L,ปฏิบัติ,80-505,147,อาคารเรียนรวม 80 ปี,ผู้ช่วยศาสตราจารย์ ดร.พรรณิดา ขันธพัทธ์,60,58,False
10700302-05-MON-1300,2569,1,จันทร์,MON,0,13:00,15:00,10700302,การใช้ภาษาไทยเพื่อการสื่อสาร,Thai Language for Communication,5,C,บรรยาย,ศร306,125,อาคารแม่โจ้ 70 ปี : สร้างปัญญาเพื่อแผ่นดิน,อาจารย์วาสนา ศรีรักษ์,60,59,False
10700302-05-THU-1300,2569,1,พฤหัสบดี,THU,3,13:00,15:00,10700302,การใช้ภาษาไทยเพื่อการสื่อสาร,Thai Language for Communication,5,L,ปฏิบัติ,ศร306,125,อาคารแม่โจ้ 70 ปี : สร้างปัญญาเพื่อแผ่นดิน,อาจารย์วาสนา ศรีรักษ์,60,59,False
10700302-06-WED-0800,2569,1,พุธ,WED,2,08:00,10:00,10700302,การใช้ภาษาไทยเพื่อการสื่อสาร,Thai Language for Communication,6,C,บรรยาย,ศร305,125,อาคารแม่โจ้ 70 ปี : สร้างปัญญาเพื่อแผ่นดิน,ผู้ช่วยศาสตราจารย์ ดร.พรรณิดา ขันธพัทธ์,60,60,False
10700302-06-WED-1000,2569,1,พุธ,WED,2,10:00,12:00,10700302,การใช้ภาษาไทยเพื่อการสื่อสาร,Thai Language for Communication,6,L,ปฏิบัติ,ศร305,125,อาคารแม่โจ้ 70 ปี : สร้างปัญญาเพื่อแผ่นดิน,ผู้ช่วยศาสตราจารย์ ดร.พรรณิดา ขันธพัทธ์,60,60,False
10700302-07-MON-1500,2569,1,จันทร์,MON,0,15:00,17:00,10700302,การใช้ภาษาไทยเพื่อการสื่อสาร,Thai Language for Communication,7,C,บรรยาย,80-507,147,อาคารเรียนรวม 80 ปี,อาจารย์ปาริฉัตร พิมล,60,45,False
10700302-07-THU-1500,2569,1,พฤหัสบดี,THU,3,15:00,17:00,10700302,การใช้ภาษาไทยเพื่อการสื่อสาร,Thai Language for Communication,7,L,ปฏิบัติ,80-507,147,อาคารเรียนรวม 80 ปี,อาจารย์ปาริฉัตร พิมล,60,45,False
10700302-08-MON-1000,2569,1,จันทร์,MON,0,10:00,12:00,10700302,การใช้ภาษาไทยเพื่อการสื่อสาร,Thai Language for Communication,8,C,บรรยาย,80-506,147,อาคารเรียนรวม 80 ปี,อาจารย์ปาริฉัตร พิมล,60,45,False
10700302-08-THU-1000,2569,1,พฤหัสบดี,THU,3,10:00,12:00,10700302,การใช้ภาษาไทยเพื่อการสื่อสาร,Thai Language for Communication,8,L,ปฏิบัติ,80-506,147,อาคารเรียนรวม 80 ปี,อาจารย์ปาริฉัตร พิมล,60,45,False
10700302-09-MON-1000,2569,1,จันทร์,MON,0,10:00,12:00,10700302,การใช้ภาษาไทยเพื่อการสื่อสาร,Thai Language for Communication,9,C,บรรยาย,80-505,147,อาคารเรียนรวม 80 ปี,ผู้ช่วยศาสตราจารย์ศิริพร มณีชูเกตุ,60,58,False
10700302-09-THU-1000,2569,1,พฤหัสบดี,THU,3,10:00,12:00,10700302,การใช้ภาษาไทยเพื่อการสื่อสาร,Thai Language for Communication,9,L,ปฏิบัติ,80-505,147,อาคารเรียนรวม 80 ปี,ผู้ช่วยศาสตราจารย์ศิริพร มณีชูเกตุ,60,58,False
10700302-10-TUE-0800,2569,1,อังคาร,TUE,1,08:00,10:00,10700302,การใช้ภาษาไทยเพื่อการสื่อสาร,Thai Language for Communication,10,C,บรรยาย,80-403,147,อาคารเรียนรวม 80 ปี,อาจารย์วาสนา ศรีรักษ์,60,36,False
10700302-10-FRI-0800,2569,1,ศุกร์,FRI,4,08:00,10:00,10700302,การใช้ภาษาไทยเพื่อการสื่อสาร,Thai Language for Communication,10,L,ปฏิบัติ,80-403,147,อาคารเรียนรวม 80 ปี,อาจารย์วาสนา ศรีรักษ์,60,36,False
10700302-11-TUE-1000,2569,1,อังคาร,TUE,1,10:00,12:00,10700302,การใช้ภาษาไทยเพื่อการสื่อสาร,Thai Language for Communication,11,C,บรรยาย,ศกฬรับรอง2,110,ศูนย์กีฬาเฉลิมพระเกียรติ (โซน B),อาจารย์ปาริฉัตร พิมล,60,60,False
10700302-11-FRI-1000,2569,1,ศุกร์,FRI,4,10:00,12:00,10700302,การใช้ภาษาไทยเพื่อการสื่อสาร,Thai Language for Communication,11,L,ปฏิบัติ,ศกฬรับรอง2,110,ศูนย์กีฬาเฉลิมพระเกียรติ (โซน B),อาจารย์ปาริฉัตร พิมล,60,60,False
10700302-12-MON-0800,2569,1,จันทร์,MON,0,08:00,10:00,10700302,การใช้ภาษาไทยเพื่อการสื่อสาร,Thai Language for Communication,12,C,บรรยาย,80-503,147,อาคารเรียนรวม 80 ปี,อาจารย์ ดร.ลักขณา ชาปู่,60,58,False
10700302-12-THU-0800,2569,1,พฤหัสบดี,THU,3,08:00,10:00,10700302,การใช้ภาษาไทยเพื่อการสื่อสาร,Thai Language for Communication,12,C,บรรยาย,80-503,147,อาคารเรียนรวม 80 ปี,อาจารย์ ดร.ลักขณา ชาปู่,60,58,False
10700302-13-MON-0800,2569,1,จันทร์,MON,0,08:00,10:00,10700302,การใช้ภาษาไทยเพื่อการสื่อสาร,Thai Language for Communication,13,C,บรรยาย,80-304,147,อาคารเรียนรวม 80 ปี,อาจารย์วาสนา ศรีรักษ์,60,57,False
10700302-13-THU-0800,2569,1,พฤหัสบดี,THU,3,08:00,10:00,10700302,การใช้ภาษาไทยเพื่อการสื่อสาร,Thai Language for Communication,13,L,ปฏิบัติ,80-304,147,อาคารเรียนรวม 80 ปี,อาจารย์วาสนา ศรีรักษ์,60,57,False
10700302-14-WED-0800,2569,1,พุธ,WED,2,08:00,10:00,10700302,การใช้ภาษาไทยเพื่อการสื่อสาร,Thai Language for Communication,14,C,บรรยาย,80-304,147,อาคารเรียนรวม 80 ปี,อาจารย์ปาริฉัตร พิมล,60,59,False
10700302-14-WED-1000,2569,1,พุธ,WED,2,10:00,12:00,10700302,การใช้ภาษาไทยเพื่อการสื่อสาร,Thai Language for Communication,14,L,ปฏิบัติ,80-304,147,อาคารเรียนรวม 80 ปี,อาจารย์ปาริฉัตร พิมล,60,59,False
10700302-15-MON-0800,2569,1,จันทร์,MON,0,08:00,10:00,10700302,การใช้ภาษาไทยเพื่อการสื่อสาร,Thai Language for Communication,15,C,บรรยาย,80-410,147,อาคารเรียนรวม 80 ปี,ผู้ช่วยศาสตราจารย์ ดร.สุนทร คำยอด,60,35,False
10700302-15-THU-0800,2569,1,พฤหัสบดี,THU,3,08:00,10:00,10700302,การใช้ภาษาไทยเพื่อการสื่อสาร,Thai Language for Communication,15,L,ปฏิบัติ,80-410,147,อาคารเรียนรวม 80 ปี,ผู้ช่วยศาสตราจารย์ ดร.สุนทร คำยอด,60,35,False
10700302-16-WED-0800,2569,1,พุธ,WED,2,08:00,10:00,10700302,การใช้ภาษาไทยเพื่อการสื่อสาร,Thai Language for Communication,16,C,บรรยาย,80-404,147,อาคารเรียนรวม 80 ปี,ผู้ช่วยศาสตราจารย์ชยุตภัฎ คำมูล,60,58,False
10700302-16-WED-1000,2569,1,พุธ,WED,2,10:00,12:00,10700302,การใช้ภาษาไทยเพื่อการสื่อสาร,Thai Language for Communication,16,L,ปฏิบัติ,80-404,147,อาคารเรียนรวม 80 ปี,ผู้ช่วยศาสตราจารย์ชยุตภัฎ คำมูล,60,58,False
10700302-17-MON-1500,2569,1,จันทร์,MON,0,15:00,17:00,10700302,การใช้ภาษาไทยเพื่อการสื่อสาร,Thai Language for Communication,17,C,บรรยาย,80-410,147,อาคารเรียนรวม 80 ปี,ผู้ช่วยศาสตราจารย์ชยุตภัฎ คำมูล,60,41,False
10700302-17-THU-1500,2569,1,พฤหัสบดี,THU,3,15:00,17:00,10700302,การใช้ภาษาไทยเพื่อการสื่อสาร,Thai Language for Communication,17,L,ปฏิบัติ,80-410,147,อาคารเรียนรวม 80 ปี,ผู้ช่วยศาสตราจารย์ชยุตภัฎ คำมูล,60,41,False
10700302-18-MON-1000,2569,1,จันทร์,MON,0,10:00,12:00,10700302,การใช้ภาษาไทยเพื่อการสื่อสาร,Thai Language for Communication,18,C,บรรยาย,80-403,147,อาคารเรียนรวม 80 ปี,ผู้ช่วยศาสตราจารย์ชยุตภัฎ คำมูล,60,45,False
10700302-18-THU-1000,2569,1,พฤหัสบดี,THU,3,10:00,12:00,10700302,การใช้ภาษาไทยเพื่อการสื่อสาร,Thai Language for Communication,18,L,ปฏิบัติ,80-403,147,อาคารเรียนรวม 80 ปี,ผู้ช่วยศาสตราจารย์ชยุตภัฎ คำมูล,60,45,False
10700302-19-MON-1000,2569,1,จันทร์,MON,0,10:00,12:00,10700302,การใช้ภาษาไทยเพื่อการสื่อสาร,Thai Language for Communication,19,C,บรรยาย,80-303,147,อาคารเรียนรวม 80 ปี,อาจารย์วาสนา ศรีรักษ์,60,43,False
10700302-19-THU-1000,2569,1,พฤหัสบดี,THU,3,10:00,12:00,10700302,การใช้ภาษาไทยเพื่อการสื่อสาร,Thai Language for Communication,19,L,ปฏิบัติ,80-303,147,อาคารเรียนรวม 80 ปี,อาจารย์วาสนา ศรีรักษ์,60,43,False
10700302-20-MON-1500,2569,1,จันทร์,MON,0,15:00,17:00,10700302,การใช้ภาษาไทยเพื่อการสื่อสาร,Thai Language for Communication,20,C,บรรยาย,สังคม 106,102,ประเสริฐ ณ นคร,อาจารย์ ดร.ลักขณา ชาปู่,60,37,False
10700302-20-THU-1500,2569,1,พฤหัสบดี,THU,3,15:00,17:00,10700302,การใช้ภาษาไทยเพื่อการสื่อสาร,Thai Language for Communication,20,L,ปฏิบัติ,สังคม 106,102,ประเสริฐ ณ นคร,อาจารย์ ดร.ลักขณา ชาปู่,60,37,False
10700302-21-MON-0800,2569,1,จันทร์,MON,0,08:00,10:00,10700302,การใช้ภาษาไทยเพื่อการสื่อสาร,Thai Language for Communication,21,C,บรรยาย,สังคม 202,102,ประเสริฐ ณ นคร,อาจารย์ปาริฉัตร พิมล,64,61,False
10700302-21-THU-0800,2569,1,พฤหัสบดี,THU,3,08:00,10:00,10700302,การใช้ภาษาไทยเพื่อการสื่อสาร,Thai Language for Communication,21,L,ปฏิบัติ,สังคม 202,102,ประเสริฐ ณ นคร,อาจารย์ปาริฉัตร พิมล,64,61,False
10700302-22-TUE-0800,2569,1,อังคาร,TUE,1,08:00,10:00,10700302,การใช้ภาษาไทยเพื่อการสื่อสาร,Thai Language for Communication,22,C,บรรยาย,80-408,147,อาคารเรียนรวม 80 ปี,ผู้ช่วยศาสตราจารย์ ดร.สุนทร คำยอด,60,54,False
10700302-22-FRI-0800,2569,1,ศุกร์,FRI,4,08:00,10:00,10700302,การใช้ภาษาไทยเพื่อการสื่อสาร,Thai Language for Communication,22,L,ปฏิบัติ,80-408,147,อาคารเรียนรวม 80 ปี,ผู้ช่วยศาสตราจารย์ ดร.สุนทร คำยอด,60,54,False
10700302-23-MON-1500,2569,1,จันทร์,MON,0,15:00,17:00,10700302,การใช้ภาษาไทยเพื่อการสื่อสาร,Thai Language for Communication,23,C,บรรยาย,80-303,147,อาคารเรียนรวม 80 ปี,อาจารย์กฤษฏิ์ สุรนัคครินทร์,60,37,False
10700302-23-THU-1500,2569,1,พฤหัสบดี,THU,3,15:00,17:00,10700302,การใช้ภาษาไทยเพื่อการสื่อสาร,Thai Language for Communication,23,L,ปฏิบัติ,80-303,147,อาคารเรียนรวม 80 ปี,อาจารย์กฤษฏิ์ สุรนัคครินทร์,60,37,False
10700303-01-MON-1000,2569,1,จันทร์,MON,0,10:00,12:00,10700303,ภาษาไทยเพื่อการสื่อสารสำหรับชาวต่างประเทศ,Thai for Communication for Foreigners,1,C,บรรยาย,สังคม 217,102,ประเสริฐ ณ นคร,อาจารย์สุวรรณ เลียงหิรัญถาวร,10,4,False
10700303-01-THU-1000,2569,1,พฤหัสบดี,THU,3,10:00,12:00,10700303,ภาษาไทยเพื่อการสื่อสารสำหรับชาวต่างประเทศ,Thai for Communication for Foreigners,1,L,ปฏิบัติ,สังคม 217,102,ประเสริฐ ณ นคร,อาจารย์สุวรรณ เลียงหิรัญถาวร,10,4,False
10700304-01-MON-1300,2569,1,จันทร์,MON,0,13:00,15:00,10700304,ภาษาไทยเพื่องานเขียนเชิงวิชาการ,Technical Writing in Thai,1,C,บรรยาย,80-507,147,อาคารเรียนรวม 80 ปี,อาจารย์กฤษฏิ์ สุรนัคครินทร์,30,9,False
10700304-01-TUE-1300,2569,1,อังคาร,TUE,1,13:00,15:00,10700304,ภาษาไทยเพื่องานเขียนเชิงวิชาการ,Technical Writing in Thai,1,C,บรรยาย,107 : 801,801,,ผู้ช่วยศาสตราจารย์ ดร.อัญชลี รัตนธรรม,30,9,False
10700304-01-THU-1300,2569,1,พฤหัสบดี,THU,3,13:00,15:00,10700304,ภาษาไทยเพื่องานเขียนเชิงวิชาการ,Technical Writing in Thai,1,L,ปฏิบัติ,80-507,147,อาคารเรียนรวม 80 ปี,อาจารย์กฤษฏิ์ สุรนัคครินทร์,30,9,False
10700304-01-FRI-0800,2569,1,ศุกร์,FRI,4,08:00,10:00,10700304,ภาษาไทยเพื่องานเขียนเชิงวิชาการ,Technical Writing in Thai,1,L,ปฏิบัติ,107 : 801,801,,ผู้ช่วยศาสตราจารย์ ดร.อัญชลี รัตนธรรม,30,9,False
10700304-02-TUE-1300,2569,1,อังคาร,TUE,1,13:00,15:00,10700304,ภาษาไทยเพื่องานเขียนเชิงวิชาการ,Technical Writing in Thai,2,C,บรรยาย,ศร304,125,อาคารแม่โจ้ 70 ปี : สร้างปัญญาเพื่อแผ่นดิน,ผู้ช่วยศาสตราจารย์ดวงหทัย ลือดัง,60,48,False
10700304-02-FRI-1300,2569,1,ศุกร์,FRI,4,13:00,15:00,10700304,ภาษาไทยเพื่องานเขียนเชิงวิชาการ,Technical Writing in Thai,2,L,ปฏิบัติ,ศร304,125,อาคารแม่โจ้ 70 ปี : สร้างปัญญาเพื่อแผ่นดิน,ผู้ช่วยศาสตราจารย์ดวงหทัย ลือดัง,60,48,False
10700304-03-TUE-1300,2569,1,อังคาร,TUE,1,13:00,15:00,10700304,ภาษาไทยเพื่องานเขียนเชิงวิชาการ,Technical Writing in Thai,3,C,บรรยาย,80-404,147,อาคารเรียนรวม 80 ปี,อาจารย์กฤษฏิ์ สุรนัคครินทร์,60,36,False
10700304-03-FRI-1300,2569,1,ศุกร์,FRI,4,13:00,15:00,10700304,ภาษาไทยเพื่องานเขียนเชิงวิชาการ,Technical Writing in Thai,3,L,ปฏิบัติ,80-404,147,อาคารเรียนรวม 80 ปี,อาจารย์กฤษฏิ์ สุรนัคครินทร์,60,36,False
10700304-04-TUE-1300,2569,1,อังคาร,TUE,1,13:00,15:00,10700304,ภาษาไทยเพื่องานเขียนเชิงวิชาการ,Technical Writing in Thai,4,C,บรรยาย,80-403,147,อาคารเรียนรวม 80 ปี,อาจารย์ ดร.ลักขณา ชาปู่,60,59,False
10700304-04-FRI-1300,2569,1,ศุกร์,FRI,4,13:00,15:00,10700304,ภาษาไทยเพื่องานเขียนเชิงวิชาการ,Technical Writing in Thai,4,L,ปฏิบัติ,80-403,147,อาคารเรียนรวม 80 ปี,อาจารย์ ดร.ลักขณา ชาปู่,60,59,False
10700304-05-MON-1300,2569,1,จันทร์,MON,0,13:00,15:00,10700304,ภาษาไทยเพื่องานเขียนเชิงวิชาการ,Technical Writing in Thai,5,C,บรรยาย,80-410,147,อาคารเรียนรวม 80 ปี,ผู้ช่วยศาสตราจารย์ดวงหทัย ลือดัง,60,36,False
10700304-05-THU-1300,2569,1,พฤหัสบดี,THU,3,13:00,15:00,10700304,ภาษาไทยเพื่องานเขียนเชิงวิชาการ,Technical Writing in Thai,5,L,ปฏิบัติ,80-410,147,อาคารเรียนรวม 80 ปี,ผู้ช่วยศาสตราจารย์ดวงหทัย ลือดัง,60,36,False
10700304-06-MON-1300,2569,1,จันทร์,MON,0,13:00,15:00,10700304,ภาษาไทยเพื่องานเขียนเชิงวิชาการ,Technical Writing in Thai,6,C,บรรยาย,สังคม 106,102,ประเสริฐ ณ นคร,อาจารย์ ดร.ลักขณา ชาปู่,60,46,False
10700304-06-THU-1300,2569,1,พฤหัสบดี,THU,3,13:00,15:00,10700304,ภาษาไทยเพื่องานเขียนเชิงวิชาการ,Technical Writing in Thai,6,L,ปฏิบัติ,สังคม 106,102,ประเสริฐ ณ นคร,อาจารย์ ดร.ลักขณา ชาปู่,60,46,False
10700304-07-TUE-1500,2569,1,อังคาร,TUE,1,15:00,17:00,10700304,ภาษาไทยเพื่องานเขียนเชิงวิชาการ,Technical Writing in Thai,7,C,บรรยาย,ศร204,125,อาคารแม่โจ้ 70 ปี : สร้างปัญญาเพื่อแผ่นดิน,อาจารย์กฤษฏิ์ สุรนัคครินทร์,60,60,False
10700304-07-FRI-1500,2569,1,ศุกร์,FRI,4,15:00,17:00,10700304,ภาษาไทยเพื่องานเขียนเชิงวิชาการ,Technical Writing in Thai,7,L,ปฏิบัติ,ศร204,125,อาคารแม่โจ้ 70 ปี : สร้างปัญญาเพื่อแผ่นดิน,อาจารย์กฤษฏิ์ สุรนัคครินทร์,60,60,False
10700304-08-TUE-1500,2569,1,อังคาร,TUE,1,15:00,17:00,10700304,ภาษาไทยเพื่องานเขียนเชิงวิชาการ,Technical Writing in Thai,8,C,บรรยาย,80-403,147,อาคารเรียนรวม 80 ปี,อาจารย์ ดร.ลักขณา ชาปู่,60,33,False
10700304-08-FRI-1500,2569,1,ศุกร์,FRI,4,15:00,17:00,10700304,ภาษาไทยเพื่องานเขียนเชิงวิชาการ,Technical Writing in Thai,8,L,ปฏิบัติ,80-403,147,อาคารเรียนรวม 80 ปี,อาจารย์ ดร.ลักขณา ชาปู่,60,33,False
10700306-01-MON-1500,2569,1,จันทร์,MON,0,15:00,17:00,10700306,ภาษาไทยเพื่อกิจธุระยุคดิจิทัล,Thai Language for Official Purposes in the Digital Society,1,C,บรรยาย,80-406,147,อาคารเรียนรวม 80 ปี,ผู้ช่วยศาสตราจารย์ ดร.สุนทร คำยอด,67,67,False
10700306-01-THU-1500,2569,1,พฤหัสบดี,THU,3,15:00,17:00,10700306,ภาษาไทยเพื่อกิจธุระยุคดิจิทัล,Thai Language for Official Purposes in the Digital Society,1,L,ปฏิบัติ,80-406,147,อาคารเรียนรวม 80 ปี,ผู้ช่วยศาสตราจารย์ ดร.สุนทร คำยอด,67,67,False
10700306-02-TUE-1000,2569,1,อังคาร,TUE,1,10:00,12:00,10700306,ภาษาไทยเพื่อกิจธุระยุคดิจิทัล,Thai Language for Official Purposes in the Digital Society,2,C,บรรยาย,80-303,147,อาคารเรียนรวม 80 ปี,ผู้ช่วยศาสตราจารย์ ดร.พรรณิดา ขันธพัทธ์,68,67,False
10700306-02-FRI-1000,2569,1,ศุกร์,FRI,4,10:00,12:00,10700306,ภาษาไทยเพื่อกิจธุระยุคดิจิทัล,Thai Language for Official Purposes in the Digital Society,2,L,ปฏิบัติ,80-303,147,อาคารเรียนรวม 80 ปี,ผู้ช่วยศาสตราจารย์ ดร.พรรณิดา ขันธพัทธ์,68,67,False
10700306-03-TUE-1000,2569,1,อังคาร,TUE,1,10:00,12:00,10700306,ภาษาไทยเพื่อกิจธุระยุคดิจิทัล,Thai Language for Official Purposes in the Digital Society,3,C,บรรยาย,80-503,147,อาคารเรียนรวม 80 ปี,,67,56,False
10700306-03-FRI-1000,2569,1,ศุกร์,FRI,4,10:00,12:00,10700306,ภาษาไทยเพื่อกิจธุระยุคดิจิทัล,Thai Language for Official Purposes in the Digital Society,3,L,ปฏิบัติ,80-503,147,อาคารเรียนรวม 80 ปี,,67,56,False
10700306-05-TUE-1500,2569,1,อังคาร,TUE,1,15:00,17:00,10700306,ภาษาไทยเพื่อกิจธุระยุคดิจิทัล,Thai Language for Official Purposes in the Digital Society,5,C,บรรยาย,80-406,147,อาคารเรียนรวม 80 ปี,ผู้ช่วยศาสตราจารย์ ดร.พรรณิดา ขันธพัทธ์,85,81,False
10700306-05-FRI-1500,2569,1,ศุกร์,FRI,4,15:00,17:00,10700306,ภาษาไทยเพื่อกิจธุระยุคดิจิทัล,Thai Language for Official Purposes in the Digital Society,5,L,ปฏิบัติ,80-406,147,อาคารเรียนรวม 80 ปี,ผู้ช่วยศาสตราจารย์ ดร.พรรณิดา ขันธพัทธ์,85,81,False
10700307-01-MON-0800,2569,1,จันทร์,MON,0,08:00,10:00,10700307,ทักษะภาษาอังกฤษสำหรับศตวรรษที่ 21,English Skill for 21st Century,1,C,บรรยาย,ศกฬ เรียน1,110,ศูนย์กีฬาเฉลิมพระเกียรติ (โซน B),ผู้ช่วยศาสตราจารย์ ดร.จารุลักษณ์ งามลักษณ์,40,38,False
10700307-01-MON-0800,2569,1,จันทร์,MON,0,08:00,10:00,10700307,ทักษะภาษาอังกฤษสำหรับศตวรรษที่ 21,English Skill for 21st Century,1,C,บรรยาย,S1.LAB : 801,801,,อาจารย์ศศิมินตรา บุญรักษา,40,38,False
10700307-01-THU-0800,2569,1,พฤหัสบดี,THU,3,08:00,10:00,10700307,ทักษะภาษาอังกฤษสำหรับศตวรรษที่ 21,English Skill for 21st Century,1,L,ปฏิบัติ,ศกฬ เรียน1,110,ศูนย์กีฬาเฉลิมพระเกียรติ (โซน B),ผู้ช่วยศาสตราจารย์ ดร.จารุลักษณ์ งามลักษณ์,40,38,False
10700307-01-THU-0800,2569,1,พฤหัสบดี,THU,3,08:00,10:00,10700307,ทักษะภาษาอังกฤษสำหรับศตวรรษที่ 21,English Skill for 21st Century,1,L,ปฏิบัติ,S1.LAB : 801,801,,อาจารย์ศศิมินตรา บุญรักษา,40,38,False
10700307-02-MON-0800,2569,1,จันทร์,MON,0,08:00,10:00,10700307,ทักษะภาษาอังกฤษสำหรับศตวรรษที่ 21,English Skill for 21st Century,2,C,บรรยาย,ศกฬ เรียน2,110,ศูนย์กีฬาเฉลิมพระเกียรติ (โซน B),อาจารย์ชนิตสิรี ศุภพิมล,40,40,False
10700307-02-TUE-1300,2569,1,อังคาร,TUE,1,13:00,15:00,10700307,ทักษะภาษาอังกฤษสำหรับศตวรรษที่ 21,English Skill for 21st Century,2,C,บรรยาย,S2.LAB : 801,801,,อาจารย์ศรีสุดา ทาหาร,40,40,False
10700307-02-THU-0800,2569,1,พฤหัสบดี,THU,3,08:00,10:00,10700307,ทักษะภาษาอังกฤษสำหรับศตวรรษที่ 21,English Skill for 21st Century,2,L,ปฏิบัติ,ศกฬ เรียน2,110,ศูนย์กีฬาเฉลิมพระเกียรติ (โซน B),อาจารย์ชนิตสิรี ศุภพิมล,40,40,False
10700307-02-FRI-1300,2569,1,ศุกร์,FRI,4,13:00,15:00,10700307,ทักษะภาษาอังกฤษสำหรับศตวรรษที่ 21,English Skill for 21st Century,2,L,ปฏิบัติ,114 : 801,801,,อาจารย์ศรีสุดา ทาหาร,40,40,False
10700307-03-MON-0800,2569,1,จันทร์,MON,0,08:00,10:00,10700307,ทักษะภาษาอังกฤษสำหรับศตวรรษที่ 21,English Skill for 21st Century,3,C,บรรยาย,S2.LAB : 801,801,,อาจารย์ศรีสุดา ทาหาร,45,43,False
10700307-03-MON-1000,2569,1,จันทร์,MON,0,10:00,12:00,10700307,ทักษะภาษาอังกฤษสำหรับศตวรรษที่ 21,English Skill for 21st Century,3,C,บรรยาย,BA 101,107,คณะบริหารธุรกิจ,ผู้ช่วยศาสตราจารย์ ดร.จารุลักษณ์ งามลักษณ์,45,43,False
10700307-03-THU-0800,2569,1,พฤหัสบดี,THU,3,08:00,10:00,10700307,ทักษะภาษาอังกฤษสำหรับศตวรรษที่ 21,English Skill for 21st Century,3,L,ปฏิบัติ,S2.LAB : 801,801,,อาจารย์ศรีสุดา ทาหาร,45,43,False
10700307-03-THU-1000,2569,1,พฤหัสบดี,THU,3,10:00,12:00,10700307,ทักษะภาษาอังกฤษสำหรับศตวรรษที่ 21,English Skill for 21st Century,3,L,ปฏิบัติ,BA 101,107,คณะบริหารธุรกิจ,ผู้ช่วยศาสตราจารย์ ดร.จารุลักษณ์ งามลักษณ์,45,43,False
10700307-04-MON-1000,2569,1,จันทร์,MON,0,10:00,12:00,10700307,ทักษะภาษาอังกฤษสำหรับศตวรรษที่ 21,English Skill for 21st Century,4,C,บรรยาย,ศกฬ เรียน1,110,ศูนย์กีฬาเฉลิมพระเกียรติ (โซน B),อาจารย์อรพรรณ สุธาพันธ์,43,38,False
10700307-04-TUE-1000,2569,1,อังคาร,TUE,1,10:00,12:00,10700307,ทักษะภาษาอังกฤษสำหรับศตวรรษที่ 21,English Skill for 21st Century,4,C,บรรยาย,S2.LAB : 801,801,,อาจารย์ศรีสุดา ทาหาร,43,38,False
10700307-04-THU-1000,2569,1,พฤหัสบดี,THU,3,10:00,12:00,10700307,ทักษะภาษาอังกฤษสำหรับศตวรรษที่ 21,English Skill for 21st Century,4,L,ปฏิบัติ,ศกฬ เรียน1,110,ศูนย์กีฬาเฉลิมพระเกียรติ (โซน B),อาจารย์อรพรรณ สุธาพันธ์,43,38,False
10700307-04-FRI-1000,2569,1,ศุกร์,FRI,4,10:00,12:00,10700307,ทักษะภาษาอังกฤษสำหรับศตวรรษที่ 21,English Skill for 21st Century,4,L,ปฏิบัติ,S2.LAB : 801,801,,อาจารย์ศรีสุดา ทาหาร,43,38,False
10700307-05-MON-1000,2569,1,จันทร์,MON,0,10:00,12:00,10700307,ทักษะภาษาอังกฤษสำหรับศตวรรษที่ 21,English Skill for 21st Century,5,C,บรรยาย,ศกฬ เรียน2,110,ศูนย์กีฬาเฉลิมพระเกียรติ (โซน B),อาจารย์ชนิตสิรี ศุภพิมล,60,57,False
10700307-05-MON-1000,2569,1,จันทร์,MON,0,10:00,12:00,10700307,ทักษะภาษาอังกฤษสำหรับศตวรรษที่ 21,English Skill for 21st Century,5,C,บรรยาย,115 : 801,801,,ผู้ช่วยศาสตราจารย์ ดร.กรรณิการ์ กาญจันดา,60,57,False
10700307-05-THU-1000,2569,1,พฤหัสบดี,THU,3,10:00,12:00,10700307,ทักษะภาษาอังกฤษสำหรับศตวรรษที่ 21,English Skill for 21st Century,5,L,ปฏิบัติ,ศกฬ เรียน2,110,ศูนย์กีฬาเฉลิมพระเกียรติ (โซน B),อาจารย์ชนิตสิรี ศุภพิมล,60,57,False
10700307-05-THU-1000,2569,1,พฤหัสบดี,THU,3,10:00,12:00,10700307,ทักษะภาษาอังกฤษสำหรับศตวรรษที่ 21,English Skill for 21st Century,5,L,ปฏิบัติ,208 : 801,801,,ผู้ช่วยศาสตราจารย์ ดร.กรรณิการ์ กาญจันดา,60,57,False
10700307-06-MON-1300,2569,1,จันทร์,MON,0,13:00,15:00,10700307,ทักษะภาษาอังกฤษสำหรับศตวรรษที่ 21,English Skill for 21st Century,6,C,บรรยาย,80-304,147,อาคารเรียนรวม 80 ปี,อาจารย์ชนิตสิรี ศุภพิมล,55,52,False
10700307-06-MON-1300,2569,1,จันทร์,MON,0,13:00,15:00,10700307,ทักษะภาษาอังกฤษสำหรับศตวรรษที่ 21,English Skill for 21st Century,6,C,บรรยาย,208 : 801,801,,อาจารย์ศศิมินตรา บุญรักษา,55,52,False
10700307-06-THU-1300,2569,1,พฤหัสบดี,THU,3,13:00,15:00,10700307,ทักษะภาษาอังกฤษสำหรับศตวรรษที่ 21,English Skill for 21st Century,6,L,ปฏิบัติ,80-304,147,อาคารเรียนรวม 80 ปี,อาจารย์ชนิตสิรี ศุภพิมล,55,52,False
10700307-06-THU-1300,2569,1,พฤหัสบดี,THU,3,13:00,15:00,10700307,ทักษะภาษาอังกฤษสำหรับศตวรรษที่ 21,English Skill for 21st Century,6,L,ปฏิบัติ,208 : 801,801,,อาจารย์ศศิมินตรา บุญรักษา,55,52,False
10700307-07-MON-1000,2569,1,จันทร์,MON,0,10:00,12:00,10700307,ทักษะภาษาอังกฤษสำหรับศตวรรษที่ 21,English Skill for 21st Century,7,C,บรรยาย,S2.LAB : 801,801,,อาจารย์ศรีสุดา ทาหาร,51,50,False
10700307-07-TUE-1700,2569,1,อังคาร,TUE,1,17:00,19:00,10700307,ทักษะภาษาอังกฤษสำหรับศตวรรษที่ 21,English Skill for 21st Century,7,C,บรรยาย,80-403,147,อาคารเรียนรวม 80 ปี,อาจารย์ ดร.พิสิษฐ์ โรจน์คณรัชต์,51,50,False
10700307-07-THU-1000,2569,1,พฤหัสบดี,THU,3,10:00,12:00,10700307,ทักษะภาษาอังกฤษสำหรับศตวรรษที่ 21,English Skill for 21st Century,7,L,ปฏิบัติ,S2.LAB : 801,801,,อาจารย์ศรีสุดา ทาหาร,51,50,False
10700307-07-FRI-1700,2569,1,ศุกร์,FRI,4,17:00,19:00,10700307,ทักษะภาษาอังกฤษสำหรับศตวรรษที่ 21,English Skill for 21st Century,7,L,ปฏิบัติ,80-403,147,อาคารเรียนรวม 80 ปี,อาจารย์ ดร.พิสิษฐ์ โรจน์คณรัชต์,51,50,False
10700307-08-MON-1700,2569,1,จันทร์,MON,0,17:00,21:00,10700307,ทักษะภาษาอังกฤษสำหรับศตวรรษที่ 21,English Skill for 21st Century,8,C,บรรยาย,TBA(แพร่),TBA,,ผู้ช่วยศาสตราจารย์ ดร.กรรณิการ์ กาญจันดา,15,11,False
10700307-08-TUE-1300,2569,1,อังคาร,TUE,1,13:00,15:00,10700307,ทักษะภาษาอังกฤษสำหรับศตวรรษที่ 21,English Skill for 21st Century,8,C,บรรยาย,ศกฬ เรียน2,110,ศูนย์กีฬาเฉลิมพระเกียรติ (โซน B),อาจารย์พฤนทร สนิทมัจโร,15,11,False
10700307-08-FRI-1300,2569,1,ศุกร์,FRI,4,13:00,15:00,10700307,ทักษะภาษาอังกฤษสำหรับศตวรรษที่ 21,English Skill for 21st Century,8,L,ปฏิบัติ,ศกฬ เรียน2,110,ศูนย์กีฬาเฉลิมพระเกียรติ (โซน B),อาจารย์พฤนทร สนิทมัจโร,15,11,False
10700307-09-MON-1500,2569,1,จันทร์,MON,0,15:00,17:00,10700307,ทักษะภาษาอังกฤษสำหรับศตวรรษที่ 21,English Skill for 21st Century,9,C,บรรยาย,ศกฬรับรอง2,110,ศูนย์กีฬาเฉลิมพระเกียรติ (โซน B),อาจารย์พงษ์ศักดิ์ รวมทรัพย์,65,65,False
10700307-09-THU-1500,2569,1,พฤหัสบดี,THU,3,15:00,17:00,10700307,ทักษะภาษาอังกฤษสำหรับศตวรรษที่ 21,English Skill for 21st Century,9,L,ปฏิบัติ,ศกฬรับรอง2,110,ศูนย์กีฬาเฉลิมพระเกียรติ (โซน B),อาจารย์พงษ์ศักดิ์ รวมทรัพย์,65,65,False
10700307-10-TUE-0800,2569,1,อังคาร,TUE,1,08:00,10:00,10700307,ทักษะภาษาอังกฤษสำหรับศตวรรษที่ 21,English Skill for 21st Century,10,C,บรรยาย,ศกฬ เรียน2,110,ศูนย์กีฬาเฉลิมพระเกียรติ (โซน B),อาจารย์ ดร.จันทนี กันโฑ,65,64,False
10700307-10-FRI-0800,2569,1,ศุกร์,FRI,4,08:00,10:00,10700307,ทักษะภาษาอังกฤษสำหรับศตวรรษที่ 21,English Skill for 21st Century,10,L,ปฏิบัติ,ศกฬ เรียน2,110,ศูนย์กีฬาเฉลิมพระเกียรติ (โซน B),อาจารย์ ดร.จันทนี กันโฑ,65,64,False
10700307-11-TUE-1300,2569,1,อังคาร,TUE,1,13:00,15:00,10700307,ทักษะภาษาอังกฤษสำหรับศตวรรษที่ 21,English Skill for 21st Century,11,C,บรรยาย,80-507,147,อาคารเรียนรวม 80 ปี,ผู้ช่วยศาสตราจารย์สุภาพร มโนวงศ์,60,59,False
10700307-11-FRI-1300,2569,1,ศุกร์,FRI,4,13:00,15:00,10700307,ทักษะภาษาอังกฤษสำหรับศตวรรษที่ 21,English Skill for 21st Century,11,L,ปฏิบัติ,80-507,147,อาคารเรียนรวม 80 ปี,ผู้ช่วยศาสตราจารย์สุภาพร มโนวงศ์,60,59,False
10700307-12-TUE-1700,2569,1,อังคาร,TUE,1,17:00,19:00,10700307,ทักษะภาษาอังกฤษสำหรับศตวรรษที่ 21,English Skill for 21st Century,12,C,บรรยาย,80-303,147,อาคารเรียนรวม 80 ปี,อาจารย์พฤนทร สนิทมัจโร,60,60,False
10700307-12-FRI-1700,2569,1,ศุกร์,FRI,4,17:00,19:00,10700307,ทักษะภาษาอังกฤษสำหรับศตวรรษที่ 21,English Skill for 21st Century,12,L,ปฏิบัติ,80-303,147,อาคารเรียนรวม 80 ปี,อาจารย์พฤนทร สนิทมัจโร,60,60,False
10700307-13-TUE-1300,2569,1,อังคาร,TUE,1,13:00,15:00,10700307,ทักษะภาษาอังกฤษสำหรับศตวรรษที่ 21,English Skill for 21st Century,13,C,บรรยาย,80-501,147,อาคารเรียนรวม 80 ปี,อาจารย์วัชรียา บำรุงคีรี,60,59,False
10700307-13-FRI-1300,2569,1,ศุกร์,FRI,4,13:00,15:00,10700307,ทักษะภาษาอังกฤษสำหรับศตวรรษที่ 21,English Skill for 21st Century,13,L,ปฏิบัติ,80-501,147,อาคารเรียนรวม 80 ปี,อาจารย์วัชรียา บำรุงคีรี,60,59,False
10700307-14-TUE-1300,2569,1,อังคาร,TUE,1,13:00,15:00,10700307,ทักษะภาษาอังกฤษสำหรับศตวรรษที่ 21,English Skill for 21st Century,14,C,บรรยาย,80-506,147,อาคารเรียนรวม 80 ปี,อาจารย์พิมพ์วลัญช์ สิทธิเดช,60,60,False
10700307-14-FRI-1300,2569,1,ศุกร์,FRI,4,13:00,15:00,10700307,ทักษะภาษาอังกฤษสำหรับศตวรรษที่ 21,English Skill for 21st Century,14,L,ปฏิบัติ,80-506,147,อาคารเรียนรวม 80 ปี,อาจารย์พิมพ์วลัญช์ สิทธิเดช,60,60,False
10700307-15-TUE-1300,2569,1,อังคาร,TUE,1,13:00,15:00,10700307,ทักษะภาษาอังกฤษสำหรับศตวรรษที่ 21,English Skill for 21st Century,15,C,บรรยาย,ศกฬ เรียน1,110,ศูนย์กีฬาเฉลิมพระเกียรติ (โซน B),อาจารย์ ดร.จันทนี กันโฑ,61,61,False
10700307-15-FRI-1300,2569,1,ศุกร์,FRI,4,13:00,15:00,10700307,ทักษะภาษาอังกฤษสำหรับศตวรรษที่ 21,English Skill for 21st Century,15,L,ปฏิบัติ,ศกฬ เรียน1,110,ศูนย์กีฬาเฉลิมพระเกียรติ (โซน B),อาจารย์ ดร.จันทนี กันโฑ,61,61,False
10700307-16-MON-1300,2569,1,จันทร์,MON,0,13:00,15:00,10700307,ทักษะภาษาอังกฤษสำหรับศตวรรษที่ 21,English Skill for 21st Century,16,C,บรรยาย,ศกฬ เรียน2,110,ศูนย์กีฬาเฉลิมพระเกียรติ (โซน B),อาจารย์ ดร.จันทนี กันโฑ,61,61,False
10700307-16-THU-1300,2569,1,พฤหัสบดี,THU,3,13:00,15:00,10700307,ทักษะภาษาอังกฤษสำหรับศตวรรษที่ 21,English Skill for 21st Century,16,L,ปฏิบัติ,ศกฬ เรียน2,110,ศูนย์กีฬาเฉลิมพระเกียรติ (โซน B),อาจารย์ ดร.จันทนี กันโฑ,61,61,False
10700307-17-MON-1300,2569,1,จันทร์,MON,0,13:00,15:00,10700307,ทักษะภาษาอังกฤษสำหรับศตวรรษที่ 21,English Skill for 21st Century,17,C,บรรยาย,ศกฬรับรอง2,110,ศูนย์กีฬาเฉลิมพระเกียรติ (โซน B),อาจารย์พงษ์ศักดิ์ รวมทรัพย์,61,60,False
10700307-17-THU-1300,2569,1,พฤหัสบดี,THU,3,13:00,15:00,10700307,ทักษะภาษาอังกฤษสำหรับศตวรรษที่ 21,English Skill for 21st Century,17,L,ปฏิบัติ,ศกฬรับรอง2,110,ศูนย์กีฬาเฉลิมพระเกียรติ (โซน B),อาจารย์พงษ์ศักดิ์ รวมทรัพย์,61,60,False
10700307-18-TUE-1300,2569,1,อังคาร,TUE,1,13:00,15:00,10700307,ทักษะภาษาอังกฤษสำหรับศตวรรษที่ 21,English Skill for 21st Century,18,C,บรรยาย,80-504,147,อาคารเรียนรวม 80 ปี,อาจารย์พงษ์ศักดิ์ รวมทรัพย์,62,61,False
10700307-18-FRI-1300,2569,1,ศุกร์,FRI,4,13:00,15:00,10700307,ทักษะภาษาอังกฤษสำหรับศตวรรษที่ 21,English Skill for 21st Century,18,L,ปฏิบัติ,80-504,147,อาคารเรียนรวม 80 ปี,อาจารย์พงษ์ศักดิ์ รวมทรัพย์,62,61,False
10700307-19-TUE-0800,2569,1,อังคาร,TUE,1,08:00,10:00,10700307,ทักษะภาษาอังกฤษสำหรับศตวรรษที่ 21,English Skill for 21st Century,19,C,บรรยาย,80-402,147,อาคารเรียนรวม 80 ปี,ผู้ช่วยศาสตราจารย์ ดร.จารุลักษณ์ งามลักษณ์,65,65,False
10700307-19-FRI-0800,2569,1,ศุกร์,FRI,4,08:00,10:00,10700307,ทักษะภาษาอังกฤษสำหรับศตวรรษที่ 21,English Skill for 21st Century,19,L,ปฏิบัติ,80-402,147,อาคารเรียนรวม 80 ปี,ผู้ช่วยศาสตราจารย์ ดร.จารุลักษณ์ งามลักษณ์,65,65,False
10700307-20-TUE-1300,2569,1,อังคาร,TUE,1,13:00,15:00,10700307,ทักษะภาษาอังกฤษสำหรับศตวรรษที่ 21,English Skill for 21st Century,20,C,บรรยาย,ศกฬรับรอง2,110,ศูนย์กีฬาเฉลิมพระเกียรติ (โซน B),อาจารย์อรพรรณ สุธาพันธ์,65,65,False
10700307-20-FRI-1300,2569,1,ศุกร์,FRI,4,13:00,15:00,10700307,ทักษะภาษาอังกฤษสำหรับศตวรรษที่ 21,English Skill for 21st Century,20,L,ปฏิบัติ,ศกฬรับรอง2,110,ศูนย์กีฬาเฉลิมพระเกียรติ (โซน B),อาจารย์อรพรรณ สุธาพันธ์,65,65,False
10700307-21-MON-1300,2569,1,จันทร์,MON,0,13:00,15:00,10700307,ทักษะภาษาอังกฤษสำหรับศตวรรษที่ 21,English Skill for 21st Century,21,C,บรรยาย,ศร402,125,อาคารแม่โจ้ 70 ปี : สร้างปัญญาเพื่อแผ่นดิน,อาจารย์อรพรรณ สุธาพันธ์,60,60,False
10700307-21-THU-1300,2569,1,พฤหัสบดี,THU,3,13:00,15:00,10700307,ทักษะภาษาอังกฤษสำหรับศตวรรษที่ 21,English Skill for 21st Century,21,L,ปฏิบัติ,ศร402,125,อาคารแม่โจ้ 70 ปี : สร้างปัญญาเพื่อแผ่นดิน,อาจารย์อรพรรณ สุธาพันธ์,60,60,False
10700307-22-TUE-0800,2569,1,อังคาร,TUE,1,08:00,10:00,10700307,ทักษะภาษาอังกฤษสำหรับศตวรรษที่ 21,English Skill for 21st Century,22,C,บรรยาย,80-406,147,อาคารเรียนรวม 80 ปี,อาจารย์พิมพ์วลัญช์ สิทธิเดช,65,65,False
10700307-22-FRI-0800,2569,1,ศุกร์,FRI,4,08:00,10:00,10700307,ทักษะภาษาอังกฤษสำหรับศตวรรษที่ 21,English Skill for 21st Century,22,L,ปฏิบัติ,80-406,147,อาคารเรียนรวม 80 ปี,อาจารย์พิมพ์วลัญช์ สิทธิเดช,65,65,False
10700307-23-MON-1300,2569,1,จันทร์,MON,0,13:00,15:00,10700307,ทักษะภาษาอังกฤษสำหรับศตวรรษที่ 21,English Skill for 21st Century,23,C,บรรยาย,80-409,147,อาคารเรียนรวม 80 ปี,อาจารย์วัชรียา บำรุงคีรี,60,60,False
10700307-23-THU-1300,2569,1,พฤหัสบดี,THU,3,13:00,15:00,10700307,ทักษะภาษาอังกฤษสำหรับศตวรรษที่ 21,English Skill for 21st Century,23,L,ปฏิบัติ,80-409,147,อาคารเรียนรวม 80 ปี,อาจารย์วัชรียา บำรุงคีรี,60,60,False
10700307-24-TUE-1500,2569,1,อังคาร,TUE,1,15:00,17:00,10700307,ทักษะภาษาอังกฤษสำหรับศตวรรษที่ 21,English Skill for 21st Century,24,C,บรรยาย,80-506,147,อาคารเรียนรวม 80 ปี,อาจารย์พิมพ์วลัญช์ สิทธิเดช,60,58,False
10700307-24-FRI-1500,2569,1,ศุกร์,FRI,4,15:00,17:00,10700307,ทักษะภาษาอังกฤษสำหรับศตวรรษที่ 21,English Skill for 21st Century,24,L,ปฏิบัติ,80-506,147,อาคารเรียนรวม 80 ปี,อาจารย์พิมพ์วลัญช์ สิทธิเดช,60,58,False
10700307-25-TUE-1500,2569,1,อังคาร,TUE,1,15:00,17:00,10700307,ทักษะภาษาอังกฤษสำหรับศตวรรษที่ 21,English Skill for 21st Century,25,C,บรรยาย,80-404,147,อาคารเรียนรวม 80 ปี,อาจารย์วัชรียา บำรุงคีรี,62,61,False
10700307-25-FRI-1500,2569,1,ศุกร์,FRI,4,15:00,17:00,10700307,ทักษะภาษาอังกฤษสำหรับศตวรรษที่ 21,English Skill for 21st Century,25,C,บรรยาย,80-404,147,อาคารเรียนรวม 80 ปี,อาจารย์วัชรียา บำรุงคีรี,62,61,False
10700307-26-MON-1500,2569,1,จันทร์,MON,0,15:00,17:00,10700307,ทักษะภาษาอังกฤษสำหรับศตวรรษที่ 21,English Skill for 21st Century,26,C,บรรยาย,ศร502,125,อาคารแม่โจ้ 70 ปี : สร้างปัญญาเพื่อแผ่นดิน,ผู้ช่วยศาสตราจารย์สุภาพร มโนวงศ์,62,60,False
10700307-26-THU-1500,2569,1,พฤหัสบดี,THU,3,15:00,17:00,10700307,ทักษะภาษาอังกฤษสำหรับศตวรรษที่ 21,English Skill for 21st Century,26,L,ปฏิบัติ,ศร502,125,อาคารแม่โจ้ 70 ปี : สร้างปัญญาเพื่อแผ่นดิน,ผู้ช่วยศาสตราจารย์สุภาพร มโนวงศ์,62,60,False
10700307-27-TUE-1500,2569,1,อังคาร,TUE,1,15:00,17:00,10700307,ทักษะภาษาอังกฤษสำหรับศตวรรษที่ 21,English Skill for 21st Century,27,C,บรรยาย,80-505,147,อาคารเรียนรวม 80 ปี,อาจารย์พงษ์ศักดิ์ รวมทรัพย์,60,60,False
10700307-27-FRI-1500,2569,1,ศุกร์,FRI,4,15:00,17:00,10700307,ทักษะภาษาอังกฤษสำหรับศตวรรษที่ 21,English Skill for 21st Century,27,L,ปฏิบัติ,80-505,147,อาคารเรียนรวม 80 ปี,อาจารย์พงษ์ศักดิ์ รวมทรัพย์,60,60,False
10700307-28-TUE-1000,2569,1,อังคาร,TUE,1,10:00,12:00,10700307,ทักษะภาษาอังกฤษสำหรับศตวรรษที่ 21,English Skill for 21st Century,28,C,บรรยาย,สังคม 211,102,ประเสริฐ ณ นคร,อาจารย์ชนิตสิรี ศุภพิมล,60,48,False
10700307-28-FRI-1000,2569,1,ศุกร์,FRI,4,10:00,12:00,10700307,ทักษะภาษาอังกฤษสำหรับศตวรรษที่ 21,English Skill for 21st Century,28,L,ปฏิบัติ,สังคม 211,102,ประเสริฐ ณ นคร,อาจารย์ชนิตสิรี ศุภพิมล,60,48,False
10700307-29-TUE-1000,2569,1,อังคาร,TUE,1,10:00,12:00,10700307,ทักษะภาษาอังกฤษสำหรับศตวรรษที่ 21,English Skill for 21st Century,29,C,บรรยาย,สังคม 202,102,ประเสริฐ ณ นคร,ผู้ช่วยศาสตราจารย์ ดร.จารุลักษณ์ งามลักษณ์,60,48,False
10700307-29-FRI-1000,2569,1,ศุกร์,FRI,4,10:00,12:00,10700307,ทักษะภาษาอังกฤษสำหรับศตวรรษที่ 21,English Skill for 21st Century,29,L,ปฏิบัติ,สังคม 202,102,ประเสริฐ ณ นคร,ผู้ช่วยศาสตราจารย์ ดร.จารุลักษณ์ งามลักษณ์,60,48,False
10700307-30-MON-1300,2569,1,จันทร์,MON,0,13:00,15:00,10700307,ทักษะภาษาอังกฤษสำหรับศตวรรษที่ 21,English Skill for 21st Century,30,C,บรรยาย,สังคม 202,102,ประเสริฐ ณ นคร,อาจารย์พฤนทร สนิทมัจโร,61,59,False
10700307-30-THU-1300,2569,1,พฤหัสบดี,THU,3,13:00,15:00,10700307,ทักษะภาษาอังกฤษสำหรับศตวรรษที่ 21,English Skill for 21st Century,30,L,ปฏิบัติ,สังคม 202,102,ประเสริฐ ณ นคร,อาจารย์พฤนทร สนิทมัจโร,61,59,False
10700307-31-MON-1700,2569,1,จันทร์,MON,0,17:00,19:00,10700307,ทักษะภาษาอังกฤษสำหรับศตวรรษที่ 21,English Skill for 21st Century,31,C,บรรยาย,80-403,147,อาคารเรียนรวม 80 ปี,อาจารย์พฤนทร สนิทมัจโร,61,61,False
10700307-31-THU-1700,2569,1,พฤหัสบดี,THU,3,17:00,19:00,10700307,ทักษะภาษาอังกฤษสำหรับศตวรรษที่ 21,English Skill for 21st Century,31,L,ปฏิบัติ,80-403,147,อาคารเรียนรวม 80 ปี,อาจารย์พฤนทร สนิทมัจโร,61,61,False
10700307-32-WED-0800,2569,1,พุธ,WED,2,08:00,10:00,10700307,ทักษะภาษาอังกฤษสำหรับศตวรรษที่ 21,English Skill for 21st Century,32,C,บรรยาย,สังคม 202,102,ประเสริฐ ณ นคร,อาจารย์พรธีรนันท์ จันทร์ผา,62,62,False
10700307-32-WED-1000,2569,1,พุธ,WED,2,10:00,12:00,10700307,ทักษะภาษาอังกฤษสำหรับศตวรรษที่ 21,English Skill for 21st Century,32,L,ปฏิบัติ,สังคม 202,102,ประเสริฐ ณ นคร,อาจารย์พรธีรนันท์ จันทร์ผา,62,62,False
10700307-33-TUE-1700,2569,1,อังคาร,TUE,1,17:00,19:00,10700307,ทักษะภาษาอังกฤษสำหรับศตวรรษที่ 21,English Skill for 21st Century,33,C,บรรยาย,80-410,147,อาคารเรียนรวม 80 ปี,อาจารย์ ดร.จันทนี กันโฑ,60,60,False
10700307-33-FRI-1700,2569,1,ศุกร์,FRI,4,17:00,19:00,10700307,ทักษะภาษาอังกฤษสำหรับศตวรรษที่ 21,English Skill for 21st Century,33,L,ปฏิบัติ,80-410,147,อาคารเรียนรวม 80 ปี,อาจารย์ ดร.จันทนี กันโฑ,60,60,False
10700308-01-MON-0800,2569,1,จันทร์,MON,0,08:00,10:00,10700308,ภาษาอังกฤษในชีวิตประจำวัน,English for Everyday,1,C,บรรยาย,80-303,147,อาคารเรียนรวม 80 ปี,อาจารย์ปิยภัทร ชัยชมพู,66,59,False
10700308-01-MON-0800,2569,1,จันทร์,MON,0,08:00,10:00,10700308,ภาษาอังกฤษในชีวิตประจำวัน,English for Everyday,1,C,บรรยาย,106 : 801,801,,อาจารย์ ดร.วรรณอุบล สิงห์อยู่เจริญ,66,59,False
10700308-01-MON-1300,2569,1,จันทร์,MON,0,13:00,15:00,10700308,ภาษาอังกฤษในชีวิตประจำวัน,English for Everyday,1,C,บรรยาย,308,716,,อาจารย์อนณ ประชานิยม,66,59,False
10700308-01-THU-0800,2569,1,พฤหัสบดี,THU,3,08:00,10:00,10700308,ภาษาอังกฤษในชีวิตประจำวัน,English for Everyday,1,L,ปฏิบัติ,80-303,147,อาคารเรียนรวม 80 ปี,อาจารย์ปิยภัทร ชัยชมพู,66,59,False
10700308-01-THU-0800,2569,1,พฤหัสบดี,THU,3,08:00,10:00,10700308,ภาษาอังกฤษในชีวิตประจำวัน,English for Everyday,1,L,ปฏิบัติ,106 : 801,801,,อาจารย์ ดร.วรรณอุบล สิงห์อยู่เจริญ,66,59,False
10700308-01-THU-1300,2569,1,พฤหัสบดี,THU,3,13:00,15:00,10700308,ภาษาอังกฤษในชีวิตประจำวัน,English for Everyday,1,L,ปฏิบัติ,308,716,,อาจารย์อนณ ประชานิยม,66,59,False
10700308-02-MON-0800,2569,1,จันทร์,MON,0,08:00,10:00,10700308,ภาษาอังกฤษในชีวิตประจำวัน,English for Everyday,2,C,บรรยาย,ศร402,125,อาคารแม่โจ้ 70 ปี : สร้างปัญญาเพื่อแผ่นดิน,อาจารย์ชุดาภัค ชัยชมพู,60,58,False
10700308-02-THU-0800,2569,1,พฤหัสบดี,THU,3,08:00,10:00,10700308,ภาษาอังกฤษในชีวิตประจำวัน,English for Everyday,2,L,ปฏิบัติ,ศร402,125,อาคารแม่โจ้ 70 ปี : สร้างปัญญาเพื่อแผ่นดิน,อาจารย์ชุดาภัค ชัยชมพู,60,58,False
10700308-03-MON-1000,2569,1,จันทร์,MON,0,10:00,12:00,10700308,ภาษาอังกฤษในชีวิตประจำวัน,English for Everyday,3,C,บรรยาย,ศร303,125,อาคารแม่โจ้ 70 ปี : สร้างปัญญาเพื่อแผ่นดิน,อาจารย์อัญชนา พรรณรังษี,60,60,False
10700308-03-THU-1000,2569,1,พฤหัสบดี,THU,3,10:00,12:00,10700308,ภาษาอังกฤษในชีวิตประจำวัน,English for Everyday,3,L,ปฏิบัติ,ศร303,125,อาคารแม่โจ้ 70 ปี : สร้างปัญญาเพื่อแผ่นดิน,อาจารย์อัญชนา พรรณรังษี,60,60,False
10700308-04-TUE-1300,2569,1,อังคาร,TUE,1,13:00,15:00,10700308,ภาษาอังกฤษในชีวิตประจำวัน,English for Everyday,4,C,บรรยาย,80-402,147,อาคารเรียนรวม 80 ปี,อาจารย์ปิยภัทร ชัยชมพู,65,64,False
10700308-04-FRI-1300,2569,1,ศุกร์,FRI,4,13:00,15:00,10700308,ภาษาอังกฤษในชีวิตประจำวัน,English for Everyday,4,L,ปฏิบัติ,80-402,147,อาคารเรียนรวม 80 ปี,อาจารย์ปิยภัทร ชัยชมพู,65,64,False
10700308-05-MON-1500,2569,1,จันทร์,MON,0,15:00,17:00,10700308,ภาษาอังกฤษในชีวิตประจำวัน,English for Everyday,5,C,บรรยาย,ศร402,125,อาคารแม่โจ้ 70 ปี : สร้างปัญญาเพื่อแผ่นดิน,,60,59,False
10700308-05-THU-1500,2569,1,พฤหัสบดี,THU,3,15:00,17:00,10700308,ภาษาอังกฤษในชีวิตประจำวัน,English for Everyday,5,L,ปฏิบัติ,ศร402,125,อาคารแม่โจ้ 70 ปี : สร้างปัญญาเพื่อแผ่นดิน,,60,59,False
10700308-08-MON-0800,2569,1,จันทร์,MON,0,08:00,10:00,10700308,ภาษาอังกฤษในชีวิตประจำวัน,English for Everyday,8,C,บรรยาย,ศกฬรับรอง2,110,ศูนย์กีฬาเฉลิมพระเกียรติ (โซน B),อาจารย์วาสิดา สาวงศ์ทะ,65,56,False
10700308-08-THU-0800,2569,1,พฤหัสบดี,THU,3,08:00,10:00,10700308,ภาษาอังกฤษในชีวิตประจำวัน,English for Everyday,8,L,ปฏิบัติ,ศกฬรับรอง2,110,ศูนย์กีฬาเฉลิมพระเกียรติ (โซน B),อาจารย์วาสิดา สาวงศ์ทะ,65,56,False
10700308-09-TUE-0800,2569,1,อังคาร,TUE,1,08:00,10:00,10700308,ภาษาอังกฤษในชีวิตประจำวัน,English for Everyday,9,C,บรรยาย,ศร303,125,อาคารแม่โจ้ 70 ปี : สร้างปัญญาเพื่อแผ่นดิน,อาจารย์นิลุบล จิตต์มั่น,60,60,False
10700308-09-FRI-0800,2569,1,ศุกร์,FRI,4,08:00,10:00,10700308,ภาษาอังกฤษในชีวิตประจำวัน,English for Everyday,9,L,ปฏิบัติ,ศร303,125,อาคารแม่โจ้ 70 ปี : สร้างปัญญาเพื่อแผ่นดิน,อาจารย์นิลุบล จิตต์มั่น,60,60,False
10700308-10-TUE-0800,2569,1,อังคาร,TUE,1,08:00,10:00,10700308,ภาษาอังกฤษในชีวิตประจำวัน,English for Everyday,10,C,บรรยาย,ศร401,125,อาคารแม่โจ้ 70 ปี : สร้างปัญญาเพื่อแผ่นดิน,อาจารย์สุพิน ลักษณ์นารากุล,65,58,False
10700308-10-FRI-0800,2569,1,ศุกร์,FRI,4,08:00,10:00,10700308,ภาษาอังกฤษในชีวิตประจำวัน,English for Everyday,10,L,ปฏิบัติ,ศร401,125,อาคารแม่โจ้ 70 ปี : สร้างปัญญาเพื่อแผ่นดิน,อาจารย์สุพิน ลักษณ์นารากุล,65,58,False
10700308-11-TUE-0800,2569,1,อังคาร,TUE,1,08:00,10:00,10700308,ภาษาอังกฤษในชีวิตประจำวัน,English for Everyday,11,C,บรรยาย,EC403,140,อาคารเศรษฐศาสตร์,อาจารย์อัญชนา พรรณรังษี,65,65,False
10700308-11-FRI-0800,2569,1,ศุกร์,FRI,4,08:00,10:00,10700308,ภาษาอังกฤษในชีวิตประจำวัน,English for Everyday,11,L,ปฏิบัติ,EC403,140,อาคารเศรษฐศาสตร์,อาจารย์อัญชนา พรรณรังษี,65,65,False
10700308-12-TUE-1000,2569,1,อังคาร,TUE,1,10:00,12:00,10700308,ภาษาอังกฤษในชีวิตประจำวัน,English for Everyday,12,C,บรรยาย,80-409,147,อาคารเรียนรวม 80 ปี,อาจารย์นิลุบล จิตต์มั่น,60,7,False
10700308-12-FRI-1000,2569,1,ศุกร์,FRI,4,10:00,12:00,10700308,ภาษาอังกฤษในชีวิตประจำวัน,English for Everyday,12,C,บรรยาย,80-409,147,อาคารเรียนรวม 80 ปี,อาจารย์นิลุบล จิตต์มั่น,60,7,False
10700308-13-TUE-1000,2569,1,อังคาร,TUE,1,10:00,12:00,10700308,ภาษาอังกฤษในชีวิตประจำวัน,English for Everyday,13,C,บรรยาย,80-304,147,อาคารเรียนรวม 80 ปี,อาจารย์ปิยภัทร ชัยชมพู,60,59,False
10700308-13-FRI-1000,2569,1,ศุกร์,FRI,4,10:00,12:00,10700308,ภาษาอังกฤษในชีวิตประจำวัน,English for Everyday,13,L,ปฏิบัติ,80-304,147,อาคารเรียนรวม 80 ปี,อาจารย์ปิยภัทร ชัยชมพู,60,59,False
10700308-14-TUE-1300,2569,1,อังคาร,TUE,1,13:00,15:00,10700308,ภาษาอังกฤษในชีวิตประจำวัน,English for Everyday,14,C,บรรยาย,ศร303,125,อาคารแม่โจ้ 70 ปี : สร้างปัญญาเพื่อแผ่นดิน,อาจารย์อัญชนา พรรณรังษี,60,60,False
10700308-14-FRI-1300,2569,1,ศุกร์,FRI,4,13:00,15:00,10700308,ภาษาอังกฤษในชีวิตประจำวัน,English for Everyday,14,L,ปฏิบัติ,ศร303,125,อาคารแม่โจ้ 70 ปี : สร้างปัญญาเพื่อแผ่นดิน,อาจารย์อัญชนา พรรณรังษี,60,60,False
10700308-15-MON-1000,2569,1,จันทร์,MON,0,10:00,12:00,10700308,ภาษาอังกฤษในชีวิตประจำวัน,English for Everyday,15,C,บรรยาย,สังคม 209,102,ประเสริฐ ณ นคร,อาจารย์เพชรรัตน์ ศรีนุต,60,59,False
10700308-15-THU-1000,2569,1,พฤหัสบดี,THU,3,10:00,12:00,10700308,ภาษาอังกฤษในชีวิตประจำวัน,English for Everyday,15,L,ปฏิบัติ,สังคม 209,102,ประเสริฐ ณ นคร,อาจารย์เพชรรัตน์ ศรีนุต,60,59,False
10700308-16-TUE-1500,2569,1,อังคาร,TUE,1,15:00,17:00,10700308,ภาษาอังกฤษในชีวิตประจำวัน,English for Everyday,16,C,บรรยาย,ศร303,125,อาคารแม่โจ้ 70 ปี : สร้างปัญญาเพื่อแผ่นดิน,ผู้ช่วยศาสตราจารย์หทยา อนันต์สุชาติกุล,60,60,False
10700308-16-FRI-1500,2569,1,ศุกร์,FRI,4,15:00,17:00,10700308,ภาษาอังกฤษในชีวิตประจำวัน,English for Everyday,16,L,ปฏิบัติ,ศร303,125,อาคารแม่โจ้ 70 ปี : สร้างปัญญาเพื่อแผ่นดิน,ผู้ช่วยศาสตราจารย์หทยา อนันต์สุชาติกุล,60,60,False
10700308-17-MON-1500,2569,1,จันทร์,MON,0,15:00,17:00,10700308,ภาษาอังกฤษในชีวิตประจำวัน,English for Everyday,17,C,บรรยาย,ศกฬ เรียน1,110,ศูนย์กีฬาเฉลิมพระเกียรติ (โซน B),อาจารย์นิลุบล จิตต์มั่น,60,60,False
10700308-17-THU-1500,2569,1,พฤหัสบดี,THU,3,15:00,17:00,10700308,ภาษาอังกฤษในชีวิตประจำวัน,English for Everyday,17,L,ปฏิบัติ,ศกฬ เรียน1,110,ศูนย์กีฬาเฉลิมพระเกียรติ (โซน B),อาจารย์นิลุบล จิตต์มั่น,60,60,False
10700308-18-MON-1500,2569,1,จันทร์,MON,0,15:00,17:00,10700308,ภาษาอังกฤษในชีวิตประจำวัน,English for Everyday,18,C,บรรยาย,ศร305,125,อาคารแม่โจ้ 70 ปี : สร้างปัญญาเพื่อแผ่นดิน,อาจารย์อนุลักษณ์ ปิงยศ,60,57,False
10700308-18-THU-1500,2569,1,พฤหัสบดี,THU,3,15:00,17:00,10700308,ภาษาอังกฤษในชีวิตประจำวัน,English for Everyday,18,L,ปฏิบัติ,ศร305,125,อาคารแม่โจ้ 70 ปี : สร้างปัญญาเพื่อแผ่นดิน,อาจารย์อนุลักษณ์ ปิงยศ,60,57,False
10700308-19-MON-1700,2569,1,จันทร์,MON,0,17:00,19:00,10700308,ภาษาอังกฤษในชีวิตประจำวัน,English for Everyday,19,C,บรรยาย,80-408,147,อาคารเรียนรวม 80 ปี,อาจารย์ ดร.พิสิษฐ์ โรจน์คณรัชต์,60,48,False
10700308-19-THU-1700,2569,1,พฤหัสบดี,THU,3,17:00,19:00,10700308,ภาษาอังกฤษในชีวิตประจำวัน,English for Everyday,19,L,ปฏิบัติ,80-408,147,อาคารเรียนรวม 80 ปี,อาจารย์ ดร.พิสิษฐ์ โรจน์คณรัชต์,60,48,False
10700308-20-TUE-1500,2569,1,อังคาร,TUE,1,15:00,17:00,10700308,ภาษาอังกฤษในชีวิตประจำวัน,English for Everyday,20,C,บรรยาย,80-305 (สำรอง),147,อาคารเรียนรวม 80 ปี,อาจารย์สิริน ไทยตรง,60,48,False
10700308-20-FRI-1500,2569,1,ศุกร์,FRI,4,15:00,17:00,10700308,ภาษาอังกฤษในชีวิตประจำวัน,English for Everyday,20,L,ปฏิบัติ,80-305 (สำรอง),147,อาคารเรียนรวม 80 ปี,อาจารย์สิริน ไทยตรง,60,48,False
10700308-21-MON-1300,2569,1,จันทร์,MON,0,13:00,15:00,10700308,ภาษาอังกฤษในชีวิตประจำวัน,English for Everyday,21,C,บรรยาย,80-503,147,อาคารเรียนรวม 80 ปี,อาจารย์สุพิน ลักษณ์นารากุล,60,60,False
10700308-21-THU-1300,2569,1,พฤหัสบดี,THU,3,13:00,15:00,10700308,ภาษาอังกฤษในชีวิตประจำวัน,English for Everyday,21,L,ปฏิบัติ,80-503,147,อาคารเรียนรวม 80 ปี,อาจารย์สุพิน ลักษณ์นารากุล,60,60,False
10700308-22-MON-1500,2569,1,จันทร์,MON,0,15:00,17:00,10700308,ภาษาอังกฤษในชีวิตประจำวัน,English for Everyday,22,C,บรรยาย,80-504,147,อาคารเรียนรวม 80 ปี,อาจารย์อรพรรณ สุธาพันธ์,60,60,False
10700308-22-THU-1500,2569,1,พฤหัสบดี,THU,3,15:00,17:00,10700308,ภาษาอังกฤษในชีวิตประจำวัน,English for Everyday,22,L,ปฏิบัติ,80-504,147,อาคารเรียนรวม 80 ปี,อาจารย์อรพรรณ สุธาพันธ์,60,60,False
10700308-23-MON-1500,2569,1,จันทร์,MON,0,15:00,17:00,10700308,ภาษาอังกฤษในชีวิตประจำวัน,English for Everyday,23,C,บรรยาย,80-503,147,อาคารเรียนรวม 80 ปี,อาจารย์เพชรรัตน์ ศรีนุต,60,60,False
10700308-23-THU-1500,2569,1,พฤหัสบดี,THU,3,15:00,17:00,10700308,ภาษาอังกฤษในชีวิตประจำวัน,English for Everyday,23,L,ปฏิบัติ,80-503,147,อาคารเรียนรวม 80 ปี,อาจารย์เพชรรัตน์ ศรีนุต,60,60,False
10700308-24-MON-1500,2569,1,จันทร์,MON,0,15:00,17:00,10700308,ภาษาอังกฤษในชีวิตประจำวัน,English for Everyday,24,C,บรรยาย,80-404,147,อาคารเรียนรวม 80 ปี,อาจารย์พฤนทร สนิทมัจโร,60,59,False
10700308-24-THU-1500,2569,1,พฤหัสบดี,THU,3,15:00,17:00,10700308,ภาษาอังกฤษในชีวิตประจำวัน,English for Everyday,24,L,ปฏิบัติ,80-404,147,อาคารเรียนรวม 80 ปี,อาจารย์พฤนทร สนิทมัจโร,60,59,False
10700308-25-MON-1500,2569,1,จันทร์,MON,0,15:00,17:00,10700308,ภาษาอังกฤษในชีวิตประจำวัน,English for Everyday,25,C,บรรยาย,80-304,147,อาคารเรียนรวม 80 ปี,อาจารย์จิณัฐญ์ตา ธงสิบสอง,60,57,False
10700308-25-THU-1500,2569,1,พฤหัสบดี,THU,3,15:00,17:00,10700308,ภาษาอังกฤษในชีวิตประจำวัน,English for Everyday,25,L,ปฏิบัติ,80-304,147,อาคารเรียนรวม 80 ปี,อาจารย์จิณัฐญ์ตา ธงสิบสอง,60,57,False
10700308-26-MON-1000,2569,1,จันทร์,MON,0,10:00,12:00,10700308,ภาษาอังกฤษในชีวิตประจำวัน,English for Everyday,26,C,บรรยาย,ศกฬรับรอง2,110,ศูนย์กีฬาเฉลิมพระเกียรติ (โซน B),อาจารย์วาสิดา สาวงศ์ทะ,61,60,False
10700308-26-THU-1000,2569,1,พฤหัสบดี,THU,3,10:00,12:00,10700308,ภาษาอังกฤษในชีวิตประจำวัน,English for Everyday,26,L,ปฏิบัติ,ศกฬรับรอง2,110,ศูนย์กีฬาเฉลิมพระเกียรติ (โซน B),อาจารย์วาสิดา สาวงศ์ทะ,61,60,False
10700308-27-MON-1000,2569,1,จันทร์,MON,0,10:00,12:00,10700308,ภาษาอังกฤษในชีวิตประจำวัน,English for Everyday,27,C,บรรยาย,ศร502,125,อาคารแม่โจ้ 70 ปี : สร้างปัญญาเพื่อแผ่นดิน,อาจารย์ปิยธิดา ชัยวงค์,60,59,False
10700308-27-THU-1000,2569,1,พฤหัสบดี,THU,3,10:00,12:00,10700308,ภาษาอังกฤษในชีวิตประจำวัน,English for Everyday,27,L,ปฏิบัติ,ศร502,125,อาคารแม่โจ้ 70 ปี : สร้างปัญญาเพื่อแผ่นดิน,อาจารย์ปิยธิดา ชัยวงค์,60,59,False
10700308-28-MON-0800,2569,1,จันทร์,MON,0,08:00,10:00,10700308,ภาษาอังกฤษในชีวิตประจำวัน,English for Everyday,28,C,บรรยาย,80-409,147,อาคารเรียนรวม 80 ปี,อาจารย์นิลุบล จิตต์มั่น,60,60,False
10700308-28-THU-0800,2569,1,พฤหัสบดี,THU,3,08:00,10:00,10700308,ภาษาอังกฤษในชีวิตประจำวัน,English for Everyday,28,L,ปฏิบัติ,80-409,147,อาคารเรียนรวม 80 ปี,อาจารย์นิลุบล จิตต์มั่น,60,60,False
10700308-29-TUE-1000,2569,1,อังคาร,TUE,1,10:00,12:00,10700308,ภาษาอังกฤษในชีวิตประจำวัน,English for Everyday,29,C,บรรยาย,สังคม 106,102,ประเสริฐ ณ นคร,อาจารย์ชุดาภัค ชัยชมพู,60,59,False
10700308-29-FRI-1000,2569,1,ศุกร์,FRI,4,10:00,12:00,10700308,ภาษาอังกฤษในชีวิตประจำวัน,English for Everyday,29,L,ปฏิบัติ,สังคม 106,102,ประเสริฐ ณ นคร,อาจารย์ชุดาภัค ชัยชมพู,60,59,False
10700308-30-TUE-1300,2569,1,อังคาร,TUE,1,13:00,15:00,10700308,ภาษาอังกฤษในชีวิตประจำวัน,English for Everyday,30,C,บรรยาย,ศร204,125,อาคารแม่โจ้ 70 ปี : สร้างปัญญาเพื่อแผ่นดิน,อาจารย์ชุดาภัค ชัยชมพู,65,60,False
10700308-30-FRI-1300,2569,1,ศุกร์,FRI,4,13:00,15:00,10700308,ภาษาอังกฤษในชีวิตประจำวัน,English for Everyday,30,C,บรรยาย,ศร204,125,อาคารแม่โจ้ 70 ปี : สร้างปัญญาเพื่อแผ่นดิน,อาจารย์ชุดาภัค ชัยชมพู,65,60,False
10700308-31-TUE-1300,2569,1,อังคาร,TUE,1,13:00,15:00,10700308,ภาษาอังกฤษในชีวิตประจำวัน,English for Everyday,31,C,บรรยาย,80-505,147,อาคารเรียนรวม 80 ปี,อาจารย์อนุลักษณ์ ปิงยศ,60,58,False
10700308-31-FRI-1300,2569,1,ศุกร์,FRI,4,13:00,15:00,10700308,ภาษาอังกฤษในชีวิตประจำวัน,English for Everyday,31,L,ปฏิบัติ,80-505,147,อาคารเรียนรวม 80 ปี,อาจารย์อนุลักษณ์ ปิงยศ,60,58,False
10700308-32-TUE-1300,2569,1,อังคาร,TUE,1,13:00,15:00,10700308,ภาษาอังกฤษในชีวิตประจำวัน,English for Everyday,32,C,บรรยาย,80-406,147,อาคารเรียนรวม 80 ปี,อาจารย์เพชรรัตน์ ศรีนุต,60,57,False
10700308-32-FRI-1300,2569,1,ศุกร์,FRI,4,13:00,15:00,10700308,ภาษาอังกฤษในชีวิตประจำวัน,English for Everyday,32,L,ปฏิบัติ,80-406,147,อาคารเรียนรวม 80 ปี,อาจารย์เพชรรัตน์ ศรีนุต,60,57,False
10700308-33-WED-0800,2569,1,พุธ,WED,2,08:00,10:00,10700308,ภาษาอังกฤษในชีวิตประจำวัน,English for Everyday,33,C,บรรยาย,80-406,147,อาคารเรียนรวม 80 ปี,อาจารย์พรนิภา บรรจงมณี,65,65,False
10700308-33-WED-1000,2569,1,พุธ,WED,2,10:00,12:00,10700308,ภาษาอังกฤษในชีวิตประจำวัน,English for Everyday,33,L,ปฏิบัติ,80-406,147,อาคารเรียนรวม 80 ปี,อาจารย์พรนิภา บรรจงมณี,65,65,False
10700308-34-MON-1300,2569,1,จันทร์,MON,0,13:00,15:00,10700308,ภาษาอังกฤษในชีวิตประจำวัน,English for Everyday,34,C,บรรยาย,80-303,147,อาคารเรียนรวม 80 ปี,อาจารย์ปิยธิดา ชัยวงค์,60,59,False
10700308-34-THU-1300,2569,1,พฤหัสบดี,THU,3,13:00,15:00,10700308,ภาษาอังกฤษในชีวิตประจำวัน,English for Everyday,34,L,ปฏิบัติ,80-303,147,อาคารเรียนรวม 80 ปี,อาจารย์ปิยธิดา ชัยวงค์,60,59,False
10700308-35-TUE-0800,2569,1,อังคาร,TUE,1,08:00,10:00,10700308,ภาษาอังกฤษในชีวิตประจำวัน,English for Everyday,35,C,บรรยาย,ศร502,125,อาคารแม่โจ้ 70 ปี : สร้างปัญญาเพื่อแผ่นดิน,อาจารย์ปิยภัทร ชัยชมพู,60,60,False
10700308-35-FRI-0800,2569,1,ศุกร์,FRI,4,08:00,10:00,10700308,ภาษาอังกฤษในชีวิตประจำวัน,English for Everyday,35,L,ปฏิบัติ,ศร502,125,อาคารแม่โจ้ 70 ปี : สร้างปัญญาเพื่อแผ่นดิน,อาจารย์ปิยภัทร ชัยชมพู,60,60,False
10700308-36-MON-1000,2569,1,จันทร์,MON,0,10:00,12:00,10700308,ภาษาอังกฤษในชีวิตประจำวัน,English for Everyday,36,C,บรรยาย,ศร402,125,อาคารแม่โจ้ 70 ปี : สร้างปัญญาเพื่อแผ่นดิน,อาจารย์สิริน ไทยตรง,60,54,False
10700308-36-THU-1000,2569,1,พฤหัสบดี,THU,3,10:00,12:00,10700308,ภาษาอังกฤษในชีวิตประจำวัน,English for Everyday,36,L,ปฏิบัติ,ศร402,125,อาคารแม่โจ้ 70 ปี : สร้างปัญญาเพื่อแผ่นดิน,อาจารย์สิริน ไทยตรง,60,54,False
10700308-37-WED-0800,2569,1,พุธ,WED,2,08:00,10:00,10700308,ภาษาอังกฤษในชีวิตประจำวัน,English for Everyday,37,C,บรรยาย,80-505,147,อาคารเรียนรวม 80 ปี,อาจารย์อรพรรณ สุธาพันธ์,60,60,False
10700308-37-WED-1000,2569,1,พุธ,WED,2,10:00,12:00,10700308,ภาษาอังกฤษในชีวิตประจำวัน,English for Everyday,37,L,ปฏิบัติ,80-505,147,อาคารเรียนรวม 80 ปี,อาจารย์อรพรรณ สุธาพันธ์,60,60,False
10700308-38-TUE-1000,2569,1,อังคาร,TUE,1,10:00,12:00,10700308,ภาษาอังกฤษในชีวิตประจำวัน,English for Everyday,38,C,บรรยาย,80-404,147,อาคารเรียนรวม 80 ปี,อาจารย์สุพิน ลักษณ์นารากุล,60,57,False
10700308-38-FRI-1000,2569,1,ศุกร์,FRI,4,10:00,12:00,10700308,ภาษาอังกฤษในชีวิตประจำวัน,English for Everyday,38,L,ปฏิบัติ,80-404,147,อาคารเรียนรวม 80 ปี,อาจารย์สุพิน ลักษณ์นารากุล,60,57,False
10700308-39-TUE-0800,2569,1,อังคาร,TUE,1,08:00,10:00,10700308,ภาษาอังกฤษในชีวิตประจำวัน,English for Everyday,39,C,บรรยาย,ศร402,125,อาคารแม่โจ้ 70 ปี : สร้างปัญญาเพื่อแผ่นดิน,อาจารย์ชุดาภัค ชัยชมพู,60,58,False
10700308-39-FRI-0800,2569,1,ศุกร์,FRI,4,08:00,10:00,10700308,ภาษาอังกฤษในชีวิตประจำวัน,English for Everyday,39,L,ปฏิบัติ,ศร402,125,อาคารแม่โจ้ 70 ปี : สร้างปัญญาเพื่อแผ่นดิน,อาจารย์ชุดาภัค ชัยชมพู,60,58,False
10700308-40-TUE-1500,2569,1,อังคาร,TUE,1,15:00,17:00,10700308,ภาษาอังกฤษในชีวิตประจำวัน,English for Everyday,40,C,บรรยาย,80-507,147,อาคารเรียนรวม 80 ปี,อาจารย์เพชรรัตน์ ศรีนุต,60,48,False
10700308-40-FRI-1500,2569,1,ศุกร์,FRI,4,15:00,17:00,10700308,ภาษาอังกฤษในชีวิตประจำวัน,English for Everyday,40,L,ปฏิบัติ,80-507,147,อาคารเรียนรวม 80 ปี,อาจารย์เพชรรัตน์ ศรีนุต,60,48,False
10700308-41-TUE-1000,2569,1,อังคาร,TUE,1,10:00,12:00,10700308,ภาษาอังกฤษในชีวิตประจำวัน,English for Everyday,41,C,บรรยาย,สังคม 207,102,ประเสริฐ ณ นคร,อาจารย์ปิยธิดา ชัยวงค์,60,60,False
10700308-41-FRI-1000,2569,1,ศุกร์,FRI,4,10:00,12:00,10700308,ภาษาอังกฤษในชีวิตประจำวัน,English for Everyday,41,L,ปฏิบัติ,สังคม 207,102,ประเสริฐ ณ นคร,อาจารย์ปิยธิดา ชัยวงค์,60,60,False
10700308-42-MON-1700,2569,1,จันทร์,MON,0,17:00,19:00,10700308,ภาษาอังกฤษในชีวิตประจำวัน,English for Everyday,42,C,บรรยาย,80-304,147,อาคารเรียนรวม 80 ปี,อาจารย์ฐิติรัตน์ ถนอมสิงห์,60,57,False
10700308-42-THU-1700,2569,1,พฤหัสบดี,THU,3,17:00,19:00,10700308,ภาษาอังกฤษในชีวิตประจำวัน,English for Everyday,42,L,ปฏิบัติ,80-304,147,อาคารเรียนรวม 80 ปี,อาจารย์ฐิติรัตน์ ถนอมสิงห์,60,57,False
10700308-43-TUE-1700,2569,1,อังคาร,TUE,1,17:00,19:00,10700308,ภาษาอังกฤษในชีวิตประจำวัน,English for Everyday,43,C,บรรยาย,80-305 (สำรอง),147,อาคารเรียนรวม 80 ปี,อาจารย์สิริน ไทยตรง,65,64,False
10700308-43-FRI-1700,2569,1,ศุกร์,FRI,4,17:00,19:00,10700308,ภาษาอังกฤษในชีวิตประจำวัน,English for Everyday,43,L,ปฏิบัติ,80-305 (สำรอง),147,อาคารเรียนรวม 80 ปี,อาจารย์สิริน ไทยตรง,65,64,False
10700308-44-TUE-1700,2569,1,อังคาร,TUE,1,17:00,19:00,10700308,ภาษาอังกฤษในชีวิตประจำวัน,English for Everyday,44,C,บรรยาย,80-408,147,อาคารเรียนรวม 80 ปี,ผู้ช่วยศาสตราจารย์ปัณณภัสร์ ปัญญาคม,60,56,False
10700308-44-FRI-1700,2569,1,ศุกร์,FRI,4,17:00,19:00,10700308,ภาษาอังกฤษในชีวิตประจำวัน,English for Everyday,44,L,ปฏิบัติ,80-408,147,อาคารเรียนรวม 80 ปี,ผู้ช่วยศาสตราจารย์ปัณณภัสร์ ปัญญาคม,60,56,False
10700308-45-TUE-1700,2569,1,อังคาร,TUE,1,17:00,19:00,10700308,ภาษาอังกฤษในชีวิตประจำวัน,English for Everyday,45,C,บรรยาย,80-409,147,อาคารเรียนรวม 80 ปี,ผู้ช่วยศาสตราจารย์เกิดศิริ ชมภูกาวิน,60,59,False
10700308-45-FRI-1700,2569,1,ศุกร์,FRI,4,17:00,19:00,10700308,ภาษาอังกฤษในชีวิตประจำวัน,English for Everyday,45,L,ปฏิบัติ,80-409,147,อาคารเรียนรวม 80 ปี,ผู้ช่วยศาสตราจารย์เกิดศิริ ชมภูกาวิน,60,59,False
10700308-46-TUE-1000,2569,1,อังคาร,TUE,1,10:00,12:00,10700308,ภาษาอังกฤษในชีวิตประจำวัน,English for Everyday,46,C,บรรยาย,สิงห์ปราชญ์,142,อาคารเทพ พงษ์พานิช,อาจารย์อนุลักษณ์ ปิงยศ,65,59,False
10700308-46-FRI-1000,2569,1,ศุกร์,FRI,4,10:00,12:00,10700308,ภาษาอังกฤษในชีวิตประจำวัน,English for Everyday,46,L,ปฏิบัติ,สิงห์ปราชญ์,142,อาคารเทพ พงษ์พานิช,อาจารย์อนุลักษณ์ ปิงยศ,65,59,False
10700309-01-MON-1000,2569,1,จันทร์,MON,0,10:00,12:00,10700309,สนทนาภาษาอังกฤษ,English Conversation,1,C,บรรยาย,SAS301,142,อาคารเทพ พงษ์พานิช,อาจารย์จิณัฐญ์ตา ธงสิบสอง,10,3,False
10700309-01-TUE-1300,2569,1,อังคาร,TUE,1,13:00,15:00,10700309,สนทนาภาษาอังกฤษ,English Conversation,1,C,บรรยาย,207 : 801,801,,อาจารย์ศศิมินตรา บุญรักษา,10,3,False
10700309-01-THU-1000,2569,1,พฤหัสบดี,THU,3,10:00,12:00,10700309,สนทนาภาษาอังกฤษ,English Conversation,1,L,ปฏิบัติ,SAS301,142,อาคารเทพ พงษ์พานิช,อาจารย์จิณัฐญ์ตา ธงสิบสอง,10,3,False
10700309-01-FRI-1300,2569,1,ศุกร์,FRI,4,13:00,15:00,10700309,สนทนาภาษาอังกฤษ,English Conversation,1,L,ปฏิบัติ,S1.LAB : 801,801,,อาจารย์ศศิมินตรา บุญรักษา,10,3,False
10700309-02-MON-1000,2569,1,จันทร์,MON,0,10:00,12:00,10700309,สนทนาภาษาอังกฤษ,English Conversation,2,C,บรรยาย,80-410,147,อาคารเรียนรวม 80 ปี,ผู้ช่วยศาสตราจารย์ดาราณี ชุมทอง,45,44,False
10700309-02-THU-1000,2569,1,พฤหัสบดี,THU,3,10:00,12:00,10700309,สนทนาภาษาอังกฤษ,English Conversation,2,L,ปฏิบัติ,80-410,147,อาคารเรียนรวม 80 ปี,ผู้ช่วยศาสตราจารย์ดาราณี ชุมทอง,45,44,False
10700309-03-TUE-1000,2569,1,อังคาร,TUE,1,10:00,12:00,10700309,สนทนาภาษาอังกฤษ,English Conversation,3,C,บรรยาย,80-408,147,อาคารเรียนรวม 80 ปี,อาจารย์ภาคศิริ ปั้นลี้ ทองเสน,45,45,False
10700309-03-FRI-1000,2569,1,ศุกร์,FRI,4,10:00,12:00,10700309,สนทนาภาษาอังกฤษ,English Conversation,3,C,บรรยาย,80-408,147,อาคารเรียนรวม 80 ปี,อาจารย์ภาคศิริ ปั้นลี้ ทองเสน,45,45,False
10700309-04-MON-0800,2569,1,จันทร์,MON,0,08:00,10:00,10700309,สนทนาภาษาอังกฤษ,English Conversation,4,C,บรรยาย,ศร305,125,อาคารแม่โจ้ 70 ปี : สร้างปัญญาเพื่อแผ่นดิน,อาจารย์จิณัฐญ์ตา ธงสิบสอง,45,45,False
10700309-04-THU-0800,2569,1,พฤหัสบดี,THU,3,08:00,10:00,10700309,สนทนาภาษาอังกฤษ,English Conversation,4,L,ปฏิบัติ,ศร305,125,อาคารแม่โจ้ 70 ปี : สร้างปัญญาเพื่อแผ่นดิน,อาจารย์จิณัฐญ์ตา ธงสิบสอง,45,45,False
10700309-05-MON-0800,2569,1,จันทร์,MON,0,08:00,10:00,10700309,สนทนาภาษาอังกฤษ,English Conversation,5,C,บรรยาย,80-506,147,อาคารเรียนรวม 80 ปี,ผู้ช่วยศาสตราจารย์ดาราณี ชุมทอง,45,44,False
10700309-05-THU-0800,2569,1,พฤหัสบดี,THU,3,08:00,10:00,10700309,สนทนาภาษาอังกฤษ,English Conversation,5,L,ปฏิบัติ,80-506,147,อาคารเรียนรวม 80 ปี,ผู้ช่วยศาสตราจารย์ดาราณี ชุมทอง,45,44,False
10700309-06-TUE-1500,2569,1,อังคาร,TUE,1,15:00,17:00,10700309,สนทนาภาษาอังกฤษ,English Conversation,6,C,บรรยาย,สังคม 211,102,ประเสริฐ ณ นคร,อาจารย์ภาคศิริ ปั้นลี้ ทองเสน,34,34,False
10700309-06-FRI-1500,2569,1,ศุกร์,FRI,4,15:00,17:00,10700309,สนทนาภาษาอังกฤษ,English Conversation,6,L,ปฏิบัติ,สังคม 211,102,ประเสริฐ ณ นคร,อาจารย์ภาคศิริ ปั้นลี้ ทองเสน,34,34,False
10700309-07-TUE-0800,2569,1,อังคาร,TUE,1,08:00,10:00,10700309,สนทนาภาษาอังกฤษ,English Conversation,7,C,บรรยาย,80-506,147,อาคารเรียนรวม 80 ปี,อาจารย์อัศนีย์ นันทชัยพันธ์,45,44,False
10700309-07-FRI-0800,2569,1,ศุกร์,FRI,4,08:00,10:00,10700309,สนทนาภาษาอังกฤษ,English Conversation,7,L,ปฏิบัติ,80-506,147,อาคารเรียนรวม 80 ปี,อาจารย์อัศนีย์ นันทชัยพันธ์,45,44,False
10700309-08-TUE-0800,2569,1,อังคาร,TUE,1,08:00,10:00,10700309,สนทนาภาษาอังกฤษ,English Conversation,8,C,บรรยาย,80-507,147,อาคารเรียนรวม 80 ปี,ผู้ช่วยศาสตราจารย์ดาราณี ชุมทอง,45,45,False
10700309-08-FRI-0800,2569,1,ศุกร์,FRI,4,08:00,10:00,10700309,สนทนาภาษาอังกฤษ,English Conversation,8,L,ปฏิบัติ,80-507,147,อาคารเรียนรวม 80 ปี,ผู้ช่วยศาสตราจารย์ดาราณี ชุมทอง,45,45,False
10700309-09-MON-1500,2569,1,จันทร์,MON,0,15:00,17:00,10700309,สนทนาภาษาอังกฤษ,English Conversation,9,C,บรรยาย,80-408,147,อาคารเรียนรวม 80 ปี,MissMaria Liselle D.Flipphi,45,45,False
10700309-09-THU-1500,2569,1,พฤหัสบดี,THU,3,15:00,17:00,10700309,สนทนาภาษาอังกฤษ,English Conversation,9,L,ปฏิบัติ,80-408,147,อาคารเรียนรวม 80 ปี,MissMaria Liselle D.Flipphi,45,45,False
10700309-10-MON-1500,2569,1,จันทร์,MON,0,15:00,17:00,10700309,สนทนาภาษาอังกฤษ,English Conversation,10,C,บรรยาย,สังคม 202,102,ประเสริฐ ณ นคร,อาจารย์ภาคศิริ ปั้นลี้ ทองเสน,45,45,False
10700309-10-THU-1500,2569,1,พฤหัสบดี,THU,3,15:00,17:00,10700309,สนทนาภาษาอังกฤษ,English Conversation,10,L,ปฏิบัติ,สังคม 202,102,ประเสริฐ ณ นคร,อาจารย์ภาคศิริ ปั้นลี้ ทองเสน,45,45,False
10700309-11-WED-0800,2569,1,พุธ,WED,2,08:00,10:00,10700309,สนทนาภาษาอังกฤษ,English Conversation,11,C,บรรยาย,80-403,147,อาคารเรียนรวม 80 ปี,ผู้ช่วยศาสตราจารย์ดาราณี ชุมทอง,49,49,False
10700309-11-WED-1000,2569,1,พุธ,WED,2,10:00,12:00,10700309,สนทนาภาษาอังกฤษ,English Conversation,11,L,ปฏิบัติ,80-403,147,อาคารเรียนรวม 80 ปี,ผู้ช่วยศาสตราจารย์ดาราณี ชุมทอง,49,49,False
10700309-12-TUE-1500,2569,1,อังคาร,TUE,1,15:00,17:00,10700309,สนทนาภาษาอังกฤษ,English Conversation,12,C,บรรยาย,80-304,147,อาคารเรียนรวม 80 ปี,อาจารย์พรธีรนันท์ จันทร์ผา,45,28,False
10700309-12-FRI-1500,2569,1,ศุกร์,FRI,4,15:00,17:00,10700309,สนทนาภาษาอังกฤษ,English Conversation,12,L,ปฏิบัติ,80-304,147,อาคารเรียนรวม 80 ปี,อาจารย์พรธีรนันท์ จันทร์ผา,45,28,False
10700309-13-TUE-1500,2569,1,อังคาร,TUE,1,15:00,17:00,10700309,สนทนาภาษาอังกฤษ,English Conversation,13,C,บรรยาย,ศร305,125,อาคารแม่โจ้ 70 ปี : สร้างปัญญาเพื่อแผ่นดิน,อาจารย์อัศนีย์ นันทชัยพันธ์,45,30,False
10700309-13-FRI-1500,2569,1,ศุกร์,FRI,4,15:00,17:00,10700309,สนทนาภาษาอังกฤษ,English Conversation,13,C,บรรยาย,ศร305,125,อาคารแม่โจ้ 70 ปี : สร้างปัญญาเพื่อแผ่นดิน,อาจารย์อัศนีย์ นันทชัยพันธ์,45,30,False
10700310-01-MON-0800,2569,1,จันทร์,MON,0,08:00,10:00,10700310,ภาษาอังกฤษเบื้องต้นสำหรับธุรกิจและสตาร์ทอัพ,Basic English for Business and Startups,1,C,บรรยาย,80-505,147,อาคารเรียนรวม 80 ปี,อาจารย์ภัทธีรา อินใจ,60,43,False
10700310-01-THU-0800,2569,1,พฤหัสบดี,THU,3,08:00,10:00,10700310,ภาษาอังกฤษเบื้องต้นสำหรับธุรกิจและสตาร์ทอัพ,Basic English for Business and Startups,1,L,ปฏิบัติ,80-505,147,อาคารเรียนรวม 80 ปี,อาจารย์ภัทธีรา อินใจ,60,43,False
10700310-02-MON-1700,2569,1,จันทร์,MON,0,17:00,19:00,10700310,ภาษาอังกฤษเบื้องต้นสำหรับธุรกิจและสตาร์ทอัพ,Basic English for Business and Startups,2,C,บรรยาย,80-303,147,อาคารเรียนรวม 80 ปี,อาจารย์อนุลักษณ์ ปิงยศ,60,60,False
10700310-02-THU-1700,2569,1,พฤหัสบดี,THU,3,17:00,19:00,10700310,ภาษาอังกฤษเบื้องต้นสำหรับธุรกิจและสตาร์ทอัพ,Basic English for Business and Startups,2,L,ปฏิบัติ,80-303,147,อาคารเรียนรวม 80 ปี,อาจารย์อนุลักษณ์ ปิงยศ,60,60,False
10700310-03-MON-1700,2569,1,จันทร์,MON,0,17:00,19:00,10700310,ภาษาอังกฤษเบื้องต้นสำหรับธุรกิจและสตาร์ทอัพ,Basic English for Business and Startups,3,C,บรรยาย,80-505,147,อาคารเรียนรวม 80 ปี,ผู้ช่วยศาสตราจารย์ปัณณภัสร์ ปัญญาคม,60,60,False
10700310-03-THU-1700,2569,1,พฤหัสบดี,THU,3,17:00,19:00,10700310,ภาษาอังกฤษเบื้องต้นสำหรับธุรกิจและสตาร์ทอัพ,Basic English for Business and Startups,3,L,ปฏิบัติ,80-505,147,อาคารเรียนรวม 80 ปี,ผู้ช่วยศาสตราจารย์ปัณณภัสร์ ปัญญาคม,60,60,False
10700310-04-MON-1000,2569,1,จันทร์,MON,0,10:00,12:00,10700310,ภาษาอังกฤษเบื้องต้นสำหรับธุรกิจและสตาร์ทอัพ,Basic English for Business and Startups,4,C,บรรยาย,ศร305,125,อาคารแม่โจ้ 70 ปี : สร้างปัญญาเพื่อแผ่นดิน,อาจารย์ภัทธีรา อินใจ,60,59,False
10700310-04-THU-1000,2569,1,พฤหัสบดี,THU,3,10:00,12:00,10700310,ภาษาอังกฤษเบื้องต้นสำหรับธุรกิจและสตาร์ทอัพ,Basic English for Business and Startups,4,L,ปฏิบัติ,ศร305,125,อาคารแม่โจ้ 70 ปี : สร้างปัญญาเพื่อแผ่นดิน,อาจารย์ภัทธีรา อินใจ,60,59,False
10700310-05-MON-1000,2569,1,จันทร์,MON,0,10:00,12:00,10700310,ภาษาอังกฤษเบื้องต้นสำหรับธุรกิจและสตาร์ทอัพ,Basic English for Business and Startups,5,C,บรรยาย,80-404,147,อาคารเรียนรวม 80 ปี,อาจารย์ ดร.ศิริรัตน์ เขื่อนแก้ว,60,60,False
10700310-05-THU-1000,2569,1,พฤหัสบดี,THU,3,10:00,12:00,10700310,ภาษาอังกฤษเบื้องต้นสำหรับธุรกิจและสตาร์ทอัพ,Basic English for Business and Startups,5,L,ปฏิบัติ,80-404,147,อาคารเรียนรวม 80 ปี,อาจารย์ ดร.ศิริรัตน์ เขื่อนแก้ว,60,60,False
10700310-06-MON-1000,2569,1,จันทร์,MON,0,10:00,12:00,10700310,ภาษาอังกฤษเบื้องต้นสำหรับธุรกิจและสตาร์ทอัพ,Basic English for Business and Startups,6,C,บรรยาย,80-304,147,อาคารเรียนรวม 80 ปี,อาจารย์รงรวง ภาษยะวรรณ,60,58,False
10700310-06-THU-1000,2569,1,พฤหัสบดี,THU,3,10:00,12:00,10700310,ภาษาอังกฤษเบื้องต้นสำหรับธุรกิจและสตาร์ทอัพ,Basic English for Business and Startups,6,L,ปฏิบัติ,80-304,147,อาคารเรียนรวม 80 ปี,อาจารย์รงรวง ภาษยะวรรณ,60,58,False
10700310-07-MON-0800,2569,1,จันทร์,MON,0,08:00,10:00,10700310,ภาษาอังกฤษเบื้องต้นสำหรับธุรกิจและสตาร์ทอัพ,Basic English for Business and Startups,7,C,บรรยาย,80-504,147,อาคารเรียนรวม 80 ปี,อาจารย์อนุลักษณ์ ปิงยศ,60,54,False
10700310-07-THU-0800,2569,1,พฤหัสบดี,THU,3,08:00,10:00,10700310,ภาษาอังกฤษเบื้องต้นสำหรับธุรกิจและสตาร์ทอัพ,Basic English for Business and Startups,7,L,ปฏิบัติ,80-504,147,อาคารเรียนรวม 80 ปี,อาจารย์อนุลักษณ์ ปิงยศ,60,54,False
10700310-08-MON-1500,2569,1,จันทร์,MON,0,15:00,17:00,10700310,ภาษาอังกฤษเบื้องต้นสำหรับธุรกิจและสตาร์ทอัพ,Basic English for Business and Startups,8,C,บรรยาย,สังคม 211,102,ประเสริฐ ณ นคร,อาจารย์รงรวง ภาษยะวรรณ,60,59,False
10700310-08-THU-1500,2569,1,พฤหัสบดี,THU,3,15:00,17:00,10700310,ภาษาอังกฤษเบื้องต้นสำหรับธุรกิจและสตาร์ทอัพ,Basic English for Business and Startups,8,L,ปฏิบัติ,สังคม 211,102,ประเสริฐ ณ นคร,อาจารย์รงรวง ภาษยะวรรณ,60,59,False
10700310-09-TUE-1500,2569,1,อังคาร,TUE,1,15:00,17:00,10700310,ภาษาอังกฤษเบื้องต้นสำหรับธุรกิจและสตาร์ทอัพ,Basic English for Business and Startups,9,C,บรรยาย,80-501,147,อาคารเรียนรวม 80 ปี,อาจารย์สิริกัญญา สงวนพงษ์,64,64,False
10700310-09-FRI-1500,2569,1,ศุกร์,FRI,4,15:00,17:00,10700310,ภาษาอังกฤษเบื้องต้นสำหรับธุรกิจและสตาร์ทอัพ,Basic English for Business and Startups,9,L,ปฏิบัติ,80-501,147,อาคารเรียนรวม 80 ปี,อาจารย์สิริกัญญา สงวนพงษ์,64,64,False
10700310-10-TUE-1500,2569,1,อังคาร,TUE,1,15:00,17:00,10700310,ภาษาอังกฤษเบื้องต้นสำหรับธุรกิจและสตาร์ทอัพ,Basic English for Business and Startups,10,C,บรรยาย,สังคม 208,102,ประเสริฐ ณ นคร,อาจารย์ ดร.ศิริรัตน์ เขื่อนแก้ว,62,62,False
10700310-10-FRI-1500,2569,1,ศุกร์,FRI,4,15:00,17:00,10700310,ภาษาอังกฤษเบื้องต้นสำหรับธุรกิจและสตาร์ทอัพ,Basic English for Business and Startups,10,L,ปฏิบัติ,สังคม 208,102,ประเสริฐ ณ นคร,อาจารย์ ดร.ศิริรัตน์ เขื่อนแก้ว,62,62,False
10700310-11-TUE-1500,2569,1,อังคาร,TUE,1,15:00,17:00,10700310,ภาษาอังกฤษเบื้องต้นสำหรับธุรกิจและสตาร์ทอัพ,Basic English for Business and Startups,11,C,บรรยาย,80-303,147,อาคารเรียนรวม 80 ปี,อาจารย์พฤนทร สนิทมัจโร,60,60,False
10700310-11-FRI-1500,2569,1,ศุกร์,FRI,4,15:00,17:00,10700310,ภาษาอังกฤษเบื้องต้นสำหรับธุรกิจและสตาร์ทอัพ,Basic English for Business and Startups,11,L,ปฏิบัติ,80-303,147,อาคารเรียนรวม 80 ปี,อาจารย์พฤนทร สนิทมัจโร,60,60,False
10700310-12-MON-1700,2569,1,จันทร์,MON,0,17:00,19:00,10700310,ภาษาอังกฤษเบื้องต้นสำหรับธุรกิจและสตาร์ทอัพ,Basic English for Business and Startups,12,C,บรรยาย,80-404,147,อาคารเรียนรวม 80 ปี,ผู้ช่วยศาสตราจารย์ ดร.ปนัดดา จีนประชา,60,60,False
10700310-12-THU-1700,2569,1,พฤหัสบดี,THU,3,17:00,19:00,10700310,ภาษาอังกฤษเบื้องต้นสำหรับธุรกิจและสตาร์ทอัพ,Basic English for Business and Startups,12,L,ปฏิบัติ,80-404,147,อาคารเรียนรวม 80 ปี,ผู้ช่วยศาสตราจารย์ ดร.ปนัดดา จีนประชา,60,60,False
10700310-13-TUE-1300,2569,1,อังคาร,TUE,1,13:00,15:00,10700310,ภาษาอังกฤษเบื้องต้นสำหรับธุรกิจและสตาร์ทอัพ,Basic English for Business and Startups,13,C,บรรยาย,ศร402,125,อาคารแม่โจ้ 70 ปี : สร้างปัญญาเพื่อแผ่นดิน,อาจารย์สิริกัญญา สงวนพงษ์,60,30,False
10700310-13-FRI-1300,2569,1,ศุกร์,FRI,4,13:00,15:00,10700310,ภาษาอังกฤษเบื้องต้นสำหรับธุรกิจและสตาร์ทอัพ,Basic English for Business and Startups,13,L,ปฏิบัติ,ศร402,125,อาคารแม่โจ้ 70 ปี : สร้างปัญญาเพื่อแผ่นดิน,อาจารย์สิริกัญญา สงวนพงษ์,60,30,False
10700310-14-TUE-1500,2569,1,อังคาร,TUE,1,15:00,17:00,10700310,ภาษาอังกฤษเบื้องต้นสำหรับธุรกิจและสตาร์ทอัพ,Basic English for Business and Startups,14,C,บรรยาย,80-408,147,อาคารเรียนรวม 80 ปี,อาจารย์ ดร.พิสิษฐ์ โรจน์คณรัชต์,63,61,False
10700310-14-FRI-1500,2569,1,ศุกร์,FRI,4,15:00,17:00,10700310,ภาษาอังกฤษเบื้องต้นสำหรับธุรกิจและสตาร์ทอัพ,Basic English for Business and Startups,14,L,ปฏิบัติ,80-408,147,อาคารเรียนรวม 80 ปี,อาจารย์ ดร.พิสิษฐ์ โรจน์คณรัชต์,63,61,False
10700310-15-TUE-0800,2569,1,อังคาร,TUE,1,08:00,10:00,10700310,ภาษาอังกฤษเบื้องต้นสำหรับธุรกิจและสตาร์ทอัพ,Basic English for Business and Startups,15,C,บรรยาย,80-505,147,อาคารเรียนรวม 80 ปี,อาจารย์ ดร.ศิริรัตน์ เขื่อนแก้ว,60,59,False
10700310-15-FRI-0800,2569,1,ศุกร์,FRI,4,08:00,10:00,10700310,ภาษาอังกฤษเบื้องต้นสำหรับธุรกิจและสตาร์ทอัพ,Basic English for Business and Startups,15,L,ปฏิบัติ,80-505,147,อาคารเรียนรวม 80 ปี,อาจารย์ ดร.ศิริรัตน์ เขื่อนแก้ว,60,59,False
10700310-16-TUE-1300,2569,1,อังคาร,TUE,1,13:00,15:00,10700310,ภาษาอังกฤษเบื้องต้นสำหรับธุรกิจและสตาร์ทอัพ,Basic English for Business and Startups,16,C,บรรยาย,80-503,147,อาคารเรียนรวม 80 ปี,,60,59,False
10700310-16-FRI-1300,2569,1,ศุกร์,FRI,4,13:00,15:00,10700310,ภาษาอังกฤษเบื้องต้นสำหรับธุรกิจและสตาร์ทอัพ,Basic English for Business and Startups,16,L,ปฏิบัติ,80-503,147,อาคารเรียนรวม 80 ปี,,60,59,False
10700310-18-WED-0800,2569,1,พุธ,WED,2,08:00,10:00,10700310,ภาษาอังกฤษเบื้องต้นสำหรับธุรกิจและสตาร์ทอัพ,Basic English for Business and Startups,18,C,บรรยาย,80-504,147,อาคารเรียนรวม 80 ปี,อาจารย์สิริกัญญา สงวนพงษ์,60,59,False
10700310-18-WED-1000,2569,1,พุธ,WED,2,10:00,12:00,10700310,ภาษาอังกฤษเบื้องต้นสำหรับธุรกิจและสตาร์ทอัพ,Basic English for Business and Startups,18,L,ปฏิบัติ,80-504,147,อาคารเรียนรวม 80 ปี,อาจารย์สิริกัญญา สงวนพงษ์,60,59,False
10700310-19-WED-0800,2569,1,พุธ,WED,2,08:00,10:00,10700310,ภาษาอังกฤษเบื้องต้นสำหรับธุรกิจและสตาร์ทอัพ,Basic English for Business and Startups,19,C,บรรยาย,80-503,147,อาคารเรียนรวม 80 ปี,อาจารย์อุมาวดี จันทร์ศรี,60,58,False
10700310-19-WED-1000,2569,1,พุธ,WED,2,10:00,12:00,10700310,ภาษาอังกฤษเบื้องต้นสำหรับธุรกิจและสตาร์ทอัพ,Basic English for Business and Startups,19,L,ปฏิบัติ,80-503,147,อาคารเรียนรวม 80 ปี,อาจารย์อุมาวดี จันทร์ศรี,60,58,False
10700310-20-MON-1300,2569,1,จันทร์,MON,0,13:00,15:00,10700310,ภาษาอังกฤษเบื้องต้นสำหรับธุรกิจและสตาร์ทอัพ,Basic English for Business and Startups,20,C,บรรยาย,สังคม 209,102,ประเสริฐ ณ นคร,อาจารย์รงรวง ภาษยะวรรณ,60,57,False
10700310-20-THU-1300,2569,1,พฤหัสบดี,THU,3,13:00,15:00,10700310,ภาษาอังกฤษเบื้องต้นสำหรับธุรกิจและสตาร์ทอัพ,Basic English for Business and Startups,20,L,ปฏิบัติ,สังคม 209,102,ประเสริฐ ณ นคร,อาจารย์รงรวง ภาษยะวรรณ,60,57,False
10700310-21-TUE-1000,2569,1,อังคาร,TUE,1,10:00,12:00,10700310,ภาษาอังกฤษเบื้องต้นสำหรับธุรกิจและสตาร์ทอัพ,Basic English for Business and Startups,21,C,บรรยาย,ศร305,125,อาคารแม่โจ้ 70 ปี : สร้างปัญญาเพื่อแผ่นดิน,อาจารย์ภัทธีรา อินใจ,60,60,False
10700310-21-FRI-1000,2569,1,ศุกร์,FRI,4,10:00,12:00,10700310,ภาษาอังกฤษเบื้องต้นสำหรับธุรกิจและสตาร์ทอัพ,Basic English for Business and Startups,21,L,ปฏิบัติ,ศร305,125,อาคารแม่โจ้ 70 ปี : สร้างปัญญาเพื่อแผ่นดิน,อาจารย์ภัทธีรา อินใจ,60,60,False
10700310-22-TUE-1300,2569,1,อังคาร,TUE,1,13:00,15:00,10700310,ภาษาอังกฤษเบื้องต้นสำหรับธุรกิจและสตาร์ทอัพ,Basic English for Business and Startups,22,C,บรรยาย,ศร306,125,อาคารแม่โจ้ 70 ปี : สร้างปัญญาเพื่อแผ่นดิน,อาจารย์ภัทธีรา อินใจ,60,59,False
10700310-22-FRI-1300,2569,1,ศุกร์,FRI,4,13:00,15:00,10700310,ภาษาอังกฤษเบื้องต้นสำหรับธุรกิจและสตาร์ทอัพ,Basic English for Business and Startups,22,L,ปฏิบัติ,ศร306,125,อาคารแม่โจ้ 70 ปี : สร้างปัญญาเพื่อแผ่นดิน,อาจารย์ภัทธีรา อินใจ,60,59,False
10700310-23-TUE-1000,2569,1,อังคาร,TUE,1,10:00,12:00,10700310,ภาษาอังกฤษเบื้องต้นสำหรับธุรกิจและสตาร์ทอัพ,Basic English for Business and Startups,23,C,บรรยาย,80-504,147,อาคารเรียนรวม 80 ปี,อาจารย์สิริกัญญา สงวนพงษ์,60,60,False
10700310-23-FRI-1000,2569,1,ศุกร์,FRI,4,10:00,12:00,10700310,ภาษาอังกฤษเบื้องต้นสำหรับธุรกิจและสตาร์ทอัพ,Basic English for Business and Startups,23,L,ปฏิบัติ,80-504,147,อาคารเรียนรวม 80 ปี,อาจารย์สิริกัญญา สงวนพงษ์,60,60,False
10700310-24-MON-1300,2569,1,จันทร์,MON,0,13:00,15:00,10700310,ภาษาอังกฤษเบื้องต้นสำหรับธุรกิจและสตาร์ทอัพ,Basic English for Business and Startups,24,C,บรรยาย,ศร305,125,อาคารแม่โจ้ 70 ปี : สร้างปัญญาเพื่อแผ่นดิน,อาจารย์ภัทธีรา อินใจ,60,58,False
10700310-24-THU-1300,2569,1,พฤหัสบดี,THU,3,13:00,15:00,10700310,ภาษาอังกฤษเบื้องต้นสำหรับธุรกิจและสตาร์ทอัพ,Basic English for Business and Startups,24,L,ปฏิบัติ,ศร305,125,อาคารแม่โจ้ 70 ปี : สร้างปัญญาเพื่อแผ่นดิน,อาจารย์ภัทธีรา อินใจ,60,58,False
10700310-25-TUE-0800,2569,1,อังคาร,TUE,1,08:00,10:00,10700310,ภาษาอังกฤษเบื้องต้นสำหรับธุรกิจและสตาร์ทอัพ,Basic English for Business and Startups,25,C,บรรยาย,80-503,147,อาคารเรียนรวม 80 ปี,อาจารย์สิริกัญญา สงวนพงษ์,60,54,False
10700310-25-FRI-0800,2569,1,ศุกร์,FRI,4,08:00,10:00,10700310,ภาษาอังกฤษเบื้องต้นสำหรับธุรกิจและสตาร์ทอัพ,Basic English for Business and Startups,25,L,ปฏิบัติ,80-503,147,อาคารเรียนรวม 80 ปี,อาจารย์สิริกัญญา สงวนพงษ์,60,54,False
10700311-01-TUE-0800,2569,1,อังคาร,TUE,1,08:00,10:00,10700311,ภาษาอังกฤษเพื่อการสมัครงาน,English for Job Seekers,1,C,บรรยาย,80-410,147,อาคารเรียนรวม 80 ปี,อาจารย์วาสิดา สาวงศ์ทะ,48,48,False
10700311-01-FRI-0800,2569,1,ศุกร์,FRI,4,08:00,10:00,10700311,ภาษาอังกฤษเพื่อการสมัครงาน,English for Job Seekers,1,L,ปฏิบัติ,80-410,147,อาคารเรียนรวม 80 ปี,อาจารย์วาสิดา สาวงศ์ทะ,48,48,False
10700311-02-MON-1000,2569,1,จันทร์,MON,0,10:00,12:00,10700311,ภาษาอังกฤษเพื่อการสมัครงาน,English for Job Seekers,2,C,บรรยาย,80-504,147,อาคารเรียนรวม 80 ปี,อาจารย์พรธีรนันท์ จันทร์ผา,48,47,False
10700311-02-THU-1000,2569,1,พฤหัสบดี,THU,3,10:00,12:00,10700311,ภาษาอังกฤษเพื่อการสมัครงาน,English for Job Seekers,2,L,ปฏิบัติ,80-504,147,อาคารเรียนรวม 80 ปี,อาจารย์พรธีรนันท์ จันทร์ผา,48,47,False
10700311-03-TUE-1300,2569,1,อังคาร,TUE,1,13:00,15:00,10700311,ภาษาอังกฤษเพื่อการสมัครงาน,English for Job Seekers,3,C,บรรยาย,สังคม 209,102,ประเสริฐ ณ นคร,อาจารย์วาสิดา สาวงศ์ทะ,48,46,False
10700311-03-FRI-1300,2569,1,ศุกร์,FRI,4,13:00,15:00,10700311,ภาษาอังกฤษเพื่อการสมัครงาน,English for Job Seekers,3,L,ปฏิบัติ,สังคม 209,102,ประเสริฐ ณ นคร,อาจารย์วาสิดา สาวงศ์ทะ,48,46,False
10700311-04-MON-0800,2569,1,จันทร์,MON,0,08:00,10:00,10700311,ภาษาอังกฤษเพื่อการสมัครงาน,English for Job Seekers,4,C,บรรยาย,ศร303,125,อาคารแม่โจ้ 70 ปี : สร้างปัญญาเพื่อแผ่นดิน,อาจารย์พรธีรนันท์ จันทร์ผา,48,38,False
10700311-04-THU-0800,2569,1,พฤหัสบดี,THU,3,08:00,10:00,10700311,ภาษาอังกฤษเพื่อการสมัครงาน,English for Job Seekers,4,L,ปฏิบัติ,ศร303,125,อาคารแม่โจ้ 70 ปี : สร้างปัญญาเพื่อแผ่นดิน,อาจารย์พรธีรนันท์ จันทร์ผา,48,38,False
10700311-05-MON-1300,2569,1,จันทร์,MON,0,13:00,15:00,10700311,ภาษาอังกฤษเพื่อการสมัครงาน,English for Job Seekers,5,C,บรรยาย,80-403,147,อาคารเรียนรวม 80 ปี,อาจารย์พรธีรนันท์ จันทร์ผา,48,48,False
10700311-05-THU-1300,2569,1,พฤหัสบดี,THU,3,13:00,15:00,10700311,ภาษาอังกฤษเพื่อการสมัครงาน,English for Job Seekers,5,L,ปฏิบัติ,80-403,147,อาคารเรียนรวม 80 ปี,อาจารย์พรธีรนันท์ จันทร์ผา,48,48,False
10700311-06-TUE-1300,2569,1,อังคาร,TUE,1,13:00,15:00,10700311,ภาษาอังกฤษเพื่อการสมัครงาน,English for Job Seekers,6,C,บรรยาย,80-303,147,อาคารเรียนรวม 80 ปี,อาจารย์พรธีรนันท์ จันทร์ผา,48,48,False
10700311-06-FRI-1300,2569,1,ศุกร์,FRI,4,13:00,15:00,10700311,ภาษาอังกฤษเพื่อการสมัครงาน,English for Job Seekers,6,L,ปฏิบัติ,80-303,147,อาคารเรียนรวม 80 ปี,อาจารย์พรธีรนันท์ จันทร์ผา,48,48,False
10700312-01-TUE-1000,2569,1,อังคาร,TUE,1,10:00,12:00,10700312,ภาษาอังกฤษเชิงวิชาการ,English for Academic Purposes,1,C,บรรยาย,ศร303,125,อาคารแม่โจ้ 70 ปี : สร้างปัญญาเพื่อแผ่นดิน,อาจารย์อัศนีย์ นันทชัยพันธ์,60,59,False
10700312-01-FRI-1000,2569,1,ศุกร์,FRI,4,10:00,12:00,10700312,ภาษาอังกฤษเชิงวิชาการ,English for Academic Purposes,1,L,ปฏิบัติ,ศร303,125,อาคารแม่โจ้ 70 ปี : สร้างปัญญาเพื่อแผ่นดิน,อาจารย์อัศนีย์ นันทชัยพันธ์,60,59,False
10700312-02-MON-1500,2569,1,จันทร์,MON,0,15:00,17:00,10700312,ภาษาอังกฤษเชิงวิชาการ,English for Academic Purposes,2,C,บรรยาย,80-305 (สำรอง),147,อาคารเรียนรวม 80 ปี,อาจารย์สิริน ไทยตรง,60,56,False
10700312-02-THU-1500,2569,1,พฤหัสบดี,THU,3,15:00,17:00,10700312,ภาษาอังกฤษเชิงวิชาการ,English for Academic Purposes,2,L,ปฏิบัติ,80-305 (สำรอง),147,อาคารเรียนรวม 80 ปี,อาจารย์สิริน ไทยตรง,60,56,False
10700312-03-WED-0800,2569,1,พุธ,WED,2,08:00,12:00,10700312,ภาษาอังกฤษเชิงวิชาการ,English for Academic Purposes,3,C,บรรยาย,80-305 (สำรอง),147,อาคารเรียนรวม 80 ปี,อาจารย์สิริน ไทยตรง,60,58,False
10700312-04-MON-1300,2569,1,จันทร์,MON,0,13:00,15:00,10700312,ภาษาอังกฤษเชิงวิชาการ,English for Academic Purposes,4,C,บรรยาย,80-305 (สำรอง),147,อาคารเรียนรวม 80 ปี,อาจารย์สิริน ไทยตรง,60,54,False
10700312-04-THU-1300,2569,1,พฤหัสบดี,THU,3,13:00,15:00,10700312,ภาษาอังกฤษเชิงวิชาการ,English for Academic Purposes,4,L,ปฏิบัติ,80-305 (สำรอง),147,อาคารเรียนรวม 80 ปี,อาจารย์สิริน ไทยตรง,60,54,False
10700313-01-MON-1500,2569,1,จันทร์,MON,0,15:00,17:00,10700313,ภาษาอังกฤษเชิงวิทยาศาสตร์และนวัตกรรม,English for Science and Innovation,1,C,บรรยาย,80-401,147,อาคารเรียนรวม 80 ปี,อาจารย์กนกวรรณ สัมพันธ์,60,53,False
10700313-01-THU-1500,2569,1,พฤหัสบดี,THU,3,15:00,17:00,10700313,ภาษาอังกฤษเชิงวิทยาศาสตร์และนวัตกรรม,English for Science and Innovation,1,C,บรรยาย,80-401,147,อาคารเรียนรวม 80 ปี,อาจารย์กนกวรรณ สัมพันธ์,60,53,False
10700313-02-TUE-1000,2569,1,อังคาร,TUE,1,10:00,12:00,10700313,ภาษาอังกฤษเชิงวิทยาศาสตร์และนวัตกรรม,English for Science and Innovation,2,C,บรรยาย,80-501,147,อาคารเรียนรวม 80 ปี,อาจารย์กนกวรรณ สัมพันธ์,68,68,False
10700313-02-FRI-1000,2569,1,ศุกร์,FRI,4,10:00,12:00,10700313,ภาษาอังกฤษเชิงวิทยาศาสตร์และนวัตกรรม,English for Science and Innovation,2,L,ปฏิบัติ,80-501,147,อาคารเรียนรวม 80 ปี,อาจารย์กนกวรรณ สัมพันธ์,68,68,False
10700313-03-TUE-0800,2569,1,อังคาร,TUE,1,08:00,10:00,10700313,ภาษาอังกฤษเชิงวิทยาศาสตร์และนวัตกรรม,English for Science and Innovation,3,C,บรรยาย,80-303,147,อาคารเรียนรวม 80 ปี,อาจารย์กนกวรรณ สัมพันธ์,60,58,False
10700313-03-FRI-0800,2569,1,ศุกร์,FRI,4,08:00,10:00,10700313,ภาษาอังกฤษเชิงวิทยาศาสตร์และนวัตกรรม,English for Science and Innovation,3,L,ปฏิบัติ,80-303,147,อาคารเรียนรวม 80 ปี,อาจารย์กนกวรรณ สัมพันธ์,60,58,False
10700313-04-MON-1000,2569,1,จันทร์,MON,0,10:00,12:00,10700313,ภาษาอังกฤษเชิงวิทยาศาสตร์และนวัตกรรม,English for Science and Innovation,4,C,บรรยาย,80-402,147,อาคารเรียนรวม 80 ปี,อาจารย์กนกวรรณ สัมพันธ์,60,59,False
10700313-04-THU-1000,2569,1,พฤหัสบดี,THU,3,10:00,12:00,10700313,ภาษาอังกฤษเชิงวิทยาศาสตร์และนวัตกรรม,English for Science and Innovation,4,L,ปฏิบัติ,80-402,147,อาคารเรียนรวม 80 ปี,อาจารย์กนกวรรณ สัมพันธ์,60,59,False
10700314-01-TUE-1000,2569,1,อังคาร,TUE,1,10:00,12:00,10700314,ภาษาอังกฤษสำหรับวิชาชีพเกษตร,English for Agricultural Profession,1,C,บรรยาย,ศกฬ เรียน2,110,ศูนย์กีฬาเฉลิมพระเกียรติ (โซน B),ผู้ช่วยศาสตราจารย์ ดร.ธาตรี รอดชำนาญ,20,13,False
10700314-01-WED-1500,2569,1,พุธ,WED,2,15:00,17:00,10700314,ภาษาอังกฤษสำหรับวิชาชีพเกษตร,English for Agricultural Profession,1,C,บรรยาย,S1.LAB : 801,801,,ผู้ช่วยศาสตราจารย์ ดร.กรรณิการ์ กาญจันดา,20,13,False
10700314-01-THU-0800,2569,1,พฤหัสบดี,THU,3,08:00,10:00,10700314,ภาษาอังกฤษสำหรับวิชาชีพเกษตร,English for Agricultural Profession,1,L,ปฏิบัติ,115 : 801,801,,ผู้ช่วยศาสตราจารย์ ดร.กรรณิการ์ กาญจันดา,20,13,False
10700314-01-FRI-1000,2569,1,ศุกร์,FRI,4,10:00,12:00,10700314,ภาษาอังกฤษสำหรับวิชาชีพเกษตร,English for Agricultural Profession,1,L,ปฏิบัติ,ศกฬ เรียน2,110,ศูนย์กีฬาเฉลิมพระเกียรติ (โซน B),ผู้ช่วยศาสตราจารย์ ดร.ธาตรี รอดชำนาญ,20,13,False
10700314-02-MON-0800,2569,1,จันทร์,MON,0,08:00,10:00,10700314,ภาษาอังกฤษสำหรับวิชาชีพเกษตร,English for Agricultural Profession,2,C,บรรยาย,80-408,147,อาคารเรียนรวม 80 ปี,ผู้ช่วยศาสตราจารย์ ดร.ธาตรี รอดชำนาญ,61,58,False
10700314-02-THU-0800,2569,1,พฤหัสบดี,THU,3,08:00,10:00,10700314,ภาษาอังกฤษสำหรับวิชาชีพเกษตร,English for Agricultural Profession,2,L,ปฏิบัติ,80-408,147,อาคารเรียนรวม 80 ปี,ผู้ช่วยศาสตราจารย์ ดร.ธาตรี รอดชำนาญ,61,58,False
10700314-03-TUE-1500,2569,1,อังคาร,TUE,1,15:00,17:00,10700314,ภาษาอังกฤษสำหรับวิชาชีพเกษตร,English for Agricultural Profession,3,C,บรรยาย,80-503,147,อาคารเรียนรวม 80 ปี,ผู้ช่วยศาสตราจารย์ ดร.ธาตรี รอดชำนาญ,60,59,False
10700314-03-FRI-1500,2569,1,ศุกร์,FRI,4,15:00,17:00,10700314,ภาษาอังกฤษสำหรับวิชาชีพเกษตร,English for Agricultural Profession,3,L,ปฏิบัติ,80-503,147,อาคารเรียนรวม 80 ปี,ผู้ช่วยศาสตราจารย์ ดร.ธาตรี รอดชำนาญ,60,59,False
10700314-04-MON-1500,2569,1,จันทร์,MON,0,15:00,17:00,10700314,ภาษาอังกฤษสำหรับวิชาชีพเกษตร,English for Agricultural Profession,4,C,บรรยาย,80-506,147,อาคารเรียนรวม 80 ปี,ผู้ช่วยศาสตราจารย์ ดร.ธาตรี รอดชำนาญ,60,55,False
10700314-04-THU-1500,2569,1,พฤหัสบดี,THU,3,15:00,17:00,10700314,ภาษาอังกฤษสำหรับวิชาชีพเกษตร,English for Agricultural Profession,4,L,ปฏิบัติ,80-506,147,อาคารเรียนรวม 80 ปี,ผู้ช่วยศาสตราจารย์ ดร.ธาตรี รอดชำนาญ,60,55,False
10700314-05-TUE-0800,2569,1,อังคาร,TUE,1,08:00,10:00,10700314,ภาษาอังกฤษสำหรับวิชาชีพเกษตร,English for Agricultural Profession,5,C,บรรยาย,80-504,147,อาคารเรียนรวม 80 ปี,ผู้ช่วยศาสตราจารย์ ดร.ธาตรี รอดชำนาญ,60,43,False
10700314-05-FRI-0800,2569,1,ศุกร์,FRI,4,08:00,10:00,10700314,ภาษาอังกฤษสำหรับวิชาชีพเกษตร,English for Agricultural Profession,5,L,ปฏิบัติ,80-504,147,อาคารเรียนรวม 80 ปี,ผู้ช่วยศาสตราจารย์ ดร.ธาตรี รอดชำนาญ,60,43,False
10700315-01-MON-0800,2569,1,จันทร์,MON,0,08:00,10:00,10700315,ภาษาอังกฤษเพื่อสังคมโลก,English for Global Society,1,C,บรรยาย,สังคม 604,102,ประเสริฐ ณ นคร,อาจารย์ ดร.นิทัศน์ บุญไพศาลสถิตย์,65,59,False
10700315-01-THU-0800,2569,1,พฤหัสบดี,THU,3,08:00,10:00,10700315,ภาษาอังกฤษเพื่อสังคมโลก,English for Global Society,1,L,ปฏิบัติ,สังคม 604,102,ประเสริฐ ณ นคร,อาจารย์ ดร.นิทัศน์ บุญไพศาลสถิตย์,65,59,False
10700315-02-MON-1000,2569,1,จันทร์,MON,0,10:00,12:00,10700315,ภาษาอังกฤษเพื่อสังคมโลก,English for Global Society,2,C,บรรยาย,สังคม 604,102,ประเสริฐ ณ นคร,อาจารย์ ดร.นิทัศน์ บุญไพศาลสถิตย์,69,68,False
10700315-02-THU-1000,2569,1,พฤหัสบดี,THU,3,10:00,12:00,10700315,ภาษาอังกฤษเพื่อสังคมโลก,English for Global Society,2,L,ปฏิบัติ,สังคม 604,102,ประเสริฐ ณ นคร,อาจารย์ ดร.นิทัศน์ บุญไพศาลสถิตย์,69,68,False
10700317-01-TUE-1300,2569,1,อังคาร,TUE,1,13:00,15:00,10700317,ภาษาอังกฤษเพื่อผู้ประกอบการทางการเกษตรสร้างสรรค์,English for Creative Agripreneurs,1,C,บรรยาย,EC402,140,อาคารเศรษฐศาสตร์,อาจารย์วันวิสา เสาร์ใจ,45,38,False
10700317-01-FRI-1300,2569,1,ศุกร์,FRI,4,13:00,15:00,10700317,ภาษาอังกฤษเพื่อผู้ประกอบการทางการเกษตรสร้างสรรค์,English for Creative Agripreneurs,1,L,ปฏิบัติ,EC402,140,อาคารเศรษฐศาสตร์,อาจารย์วันวิสา เสาร์ใจ,45,38,False
10700317-02-MON-1300,2569,1,จันทร์,MON,0,13:00,15:00,10700317,ภาษาอังกฤษเพื่อผู้ประกอบการทางการเกษตรสร้างสรรค์,English for Creative Agripreneurs,2,C,บรรยาย,EC402,140,อาคารเศรษฐศาสตร์,อาจารย์วันวิสา เสาร์ใจ,45,45,False
10700317-02-THU-1300,2569,1,พฤหัสบดี,THU,3,13:00,15:00,10700317,ภาษาอังกฤษเพื่อผู้ประกอบการทางการเกษตรสร้างสรรค์,English for Creative Agripreneurs,2,L,ปฏิบัติ,EC402,140,อาคารเศรษฐศาสตร์,อาจารย์วันวิสา เสาร์ใจ,45,45,False
10700318-01-TUE-1000,2569,1,อังคาร,TUE,1,10:00,12:00,10700318,ภาษาอังกฤษสำหรับการท่องเที่ยวสมัยใหม่,English for Tourism Business,1,C,บรรยาย,สังคม 209,102,ประเสริฐ ณ นคร,อาจารย์อนงค์กร เทรล,55,55,False
10700318-01-FRI-1000,2569,1,ศุกร์,FRI,4,10:00,12:00,10700318,ภาษาอังกฤษสำหรับการท่องเที่ยวสมัยใหม่,English for Tourism Business,1,L,ปฏิบัติ,สังคม 209,102,ประเสริฐ ณ นคร,อาจารย์อนงค์กร เทรล,55,55,False
10700318-02-MON-0800,2569,1,จันทร์,MON,0,08:00,10:00,10700318,ภาษาอังกฤษสำหรับการท่องเที่ยวสมัยใหม่,English for Tourism Business,2,C,บรรยาย,สังคม 609,102,ประเสริฐ ณ นคร,อาจารย์อนงค์กร เทรล,57,56,False
10700318-02-THU-0800,2569,1,พฤหัสบดี,THU,3,08:00,10:00,10700318,ภาษาอังกฤษสำหรับการท่องเที่ยวสมัยใหม่,English for Tourism Business,2,L,ปฏิบัติ,สังคม 609,102,ประเสริฐ ณ นคร,อาจารย์อนงค์กร เทรล,57,56,False
10700318-03-TUE-0800,2569,1,อังคาร,TUE,1,08:00,10:00,10700318,ภาษาอังกฤษสำหรับการท่องเที่ยวสมัยใหม่,English for Tourism Business,3,C,บรรยาย,สังคม 209,102,ประเสริฐ ณ นคร,อาจารย์อนงค์กร เทรล,53,51,False
10700318-03-FRI-0800,2569,1,ศุกร์,FRI,4,08:00,10:00,10700318,ภาษาอังกฤษสำหรับการท่องเที่ยวสมัยใหม่,English for Tourism Business,3,L,ปฏิบัติ,สังคม 209,102,ประเสริฐ ณ นคร,อาจารย์อนงค์กร เทรล,53,51,False
10700319-01-TUE-1000,2569,1,อังคาร,TUE,1,10:00,12:00,10700319,ภาษาอังกฤษสำหรับผู้ประกอบการและการค้าระหว่างประเทศ,English for Entrepreneur and International Business,1,C,บรรยาย,80-403,147,อาคารเรียนรวม 80 ปี,อาจารย์ ดร.มารียาดาร์ ธีดาอักษรสกุลส์,55,55,False
10700319-01-FRI-1000,2569,1,ศุกร์,FRI,4,10:00,12:00,10700319,ภาษาอังกฤษสำหรับผู้ประกอบการและการค้าระหว่างประเทศ,English for Entrepreneur and International Business,1,L,ปฏิบัติ,80-403,147,อาคารเรียนรวม 80 ปี,อาจารย์ ดร.มารียาดาร์ ธีดาอักษรสกุลส์,55,55,False
10700319-02-MON-1000,2569,1,จันทร์,MON,0,10:00,12:00,10700319,ภาษาอังกฤษสำหรับผู้ประกอบการและการค้าระหว่างประเทศ,English for Entrepreneur and International Business,2,C,บรรยาย,80-503,147,อาคารเรียนรวม 80 ปี,อาจารย์ ดร.มารียาดาร์ ธีดาอักษรสกุลส์,55,53,False
10700319-02-THU-1000,2569,1,พฤหัสบดี,THU,3,10:00,12:00,10700319,ภาษาอังกฤษสำหรับผู้ประกอบการและการค้าระหว่างประเทศ,English for Entrepreneur and International Business,2,L,ปฏิบัติ,80-503,147,อาคารเรียนรวม 80 ปี,อาจารย์ ดร.มารียาดาร์ ธีดาอักษรสกุลส์,55,53,False
10700319-03-MON-1000,2569,1,จันทร์,MON,0,10:00,12:00,10700319,ภาษาอังกฤษสำหรับผู้ประกอบการและการค้าระหว่างประเทศ,English for Entrepreneur and International Business,3,C,บรรยาย,80-502,147,อาคารเรียนรวม 80 ปี,อาจารย์จิราภรณ์ แม็คกลาเดอร์รี่,55,52,False
10700319-03-THU-1000,2569,1,พฤหัสบดี,THU,3,10:00,12:00,10700319,ภาษาอังกฤษสำหรับผู้ประกอบการและการค้าระหว่างประเทศ,English for Entrepreneur and International Business,3,L,ปฏิบัติ,80-502,147,อาคารเรียนรวม 80 ปี,อาจารย์จิราภรณ์ แม็คกลาเดอร์รี่,55,52,False
10700319-04-TUE-1000,2569,1,อังคาร,TUE,1,10:00,12:00,10700319,ภาษาอังกฤษสำหรับผู้ประกอบการและการค้าระหว่างประเทศ,English for Entrepreneur and International Business,4,C,บรรยาย,80-410,147,อาคารเรียนรวม 80 ปี,อาจารย์จิราภรณ์ แม็คกลาเดอร์รี่,56,56,False
10700319-04-FRI-1000,2569,1,ศุกร์,FRI,4,10:00,12:00,10700319,ภาษาอังกฤษสำหรับผู้ประกอบการและการค้าระหว่างประเทศ,English for Entrepreneur and International Business,4,L,ปฏิบัติ,80-410,147,อาคารเรียนรวม 80 ปี,อาจารย์จิราภรณ์ แม็คกลาเดอร์รี่,56,56,False
10700320-01-MON-1300,2569,1,จันทร์,MON,0,13:00,15:00,10700320,ภาษาอังกฤษเพื่อการศึกษาต่อและการประกอบอาชีพ,English for Further Studies and Future Careers,1,C,บรรยาย,S2.LAB : 801,801,,อาจารย์อโนชา สุภาวกุล,10,3,False
10700320-01-TUE-1500,2569,1,อังคาร,TUE,1,15:00,17:00,10700320,ภาษาอังกฤษเพื่อการศึกษาต่อและการประกอบอาชีพ,English for Further Studies and Future Careers,1,C,บรรยาย,80-504,147,อาคารเรียนรวม 80 ปี,อาจารย์ ดร.จันทนี กันโฑ,10,3,False
10700320-01-THU-1300,2569,1,พฤหัสบดี,THU,3,13:00,15:00,10700320,ภาษาอังกฤษเพื่อการศึกษาต่อและการประกอบอาชีพ,English for Further Studies and Future Careers,1,C,บรรยาย,S2.LAB : 801,801,,อาจารย์อโนชา สุภาวกุล,10,3,False
10700320-01-FRI-1500,2569,1,ศุกร์,FRI,4,15:00,17:00,10700320,ภาษาอังกฤษเพื่อการศึกษาต่อและการประกอบอาชีพ,English for Further Studies and Future Careers,1,L,ปฏิบัติ,80-504,147,อาคารเรียนรวม 80 ปี,อาจารย์ ดร.จันทนี กันโฑ,10,3,False
10700320-02-MON-1500,2569,1,จันทร์,MON,0,15:00,17:00,10700320,ภาษาอังกฤษเพื่อการศึกษาต่อและการประกอบอาชีพ,English for Further Studies and Future Careers,2,C,บรรยาย,80-501,147,อาคารเรียนรวม 80 ปี,อาจารย์ ดร.กุลยา ป้องพาล,59,58,False
10700320-02-THU-1500,2569,1,พฤหัสบดี,THU,3,15:00,17:00,10700320,ภาษาอังกฤษเพื่อการศึกษาต่อและการประกอบอาชีพ,English for Further Studies and Future Careers,2,L,ปฏิบัติ,80-501,147,อาคารเรียนรวม 80 ปี,อาจารย์ ดร.กุลยา ป้องพาล,59,58,False
10700321-01-TUE-1000,2569,1,อังคาร,TUE,1,10:00,12:00,10700321,ภาษาอังกฤษเพื่อการสื่อสารด้านการเกษตร,Communicative English for Agriculture,1,C,บรรยาย,113 : 801,801,,อาจารย์ ดร.วรรณอุบล สิงห์อยู่เจริญ,45,45,False
10700321-01-WED-0800,2569,1,พุธ,WED,2,08:00,10:00,10700321,ภาษาอังกฤษเพื่อการสื่อสารด้านการเกษตร,Communicative English for Agriculture,1,C,บรรยาย,สังคม 213,102,ประเสริฐ ณ นคร,อาจารย์วัชรียา บำรุงคีรี,45,45,False
10700321-01-WED-1000,2569,1,พุธ,WED,2,10:00,12:00,10700321,ภาษาอังกฤษเพื่อการสื่อสารด้านการเกษตร,Communicative English for Agriculture,1,C,บรรยาย,สังคม 213,102,ประเสริฐ ณ นคร,อาจารย์วัชรียา บำรุงคีรี,45,45,False
10700321-01-FRI-1000,2569,1,ศุกร์,FRI,4,10:00,12:00,10700321,ภาษาอังกฤษเพื่อการสื่อสารด้านการเกษตร,Communicative English for Agriculture,1,L,ปฏิบัติ,S1.LAB : 801,801,,อาจารย์ ดร.วรรณอุบล สิงห์อยู่เจริญ,45,45,False
10700321-02-TUE-0800,2569,1,อังคาร,TUE,1,08:00,10:00,10700321,ภาษาอังกฤษเพื่อการสื่อสารด้านการเกษตร,Communicative English for Agriculture,2,C,บรรยาย,S2.LAB : 801,801,,อาจารย์อโนชา สุภาวกุล,45,40,False
10700321-02-FRI-0800,2569,1,ศุกร์,FRI,4,08:00,10:00,10700321,ภาษาอังกฤษเพื่อการสื่อสารด้านการเกษตร,Communicative English for Agriculture,2,L,ปฏิบัติ,S2.LAB : 801,801,,อาจารย์อโนชา สุภาวกุล,45,40,False
10700361-01-MON-1000,2569,1,จันทร์,MON,0,10:00,12:00,10700361,ภาษาจีนเบื้องต้น 1,Basic Chinese Language 1,1,C,บรรยาย,EC406,140,อาคารเศรษฐศาสตร์,อาจารย์ธัญญารัตน์ มะลาศรี,50,50,False
10700361-01-THU-1000,2569,1,พฤหัสบดี,THU,3,10:00,12:00,10700361,ภาษาจีนเบื้องต้น 1,Basic Chinese Language 1,1,L,ปฏิบัติ,EC406,140,อาคารเศรษฐศาสตร์,อาจารย์ธัญญารัตน์ มะลาศรี,50,50,False
10700361-02-MON-1000,2569,1,จันทร์,MON,0,10:00,12:00,10700361,ภาษาจีนเบื้องต้น 1,Basic Chinese Language 1,2,C,บรรยาย,FT(ประมง) 1203,106,คณะเทคโนโลยีการประมงและทรัพยากรทางน้ำ,อาจารย์แพรวา รัตนทยา,50,50,False
10700361-02-THU-1000,2569,1,พฤหัสบดี,THU,3,10:00,12:00,10700361,ภาษาจีนเบื้องต้น 1,Basic Chinese Language 1,2,L,ปฏิบัติ,FT(ประมง) 1203,106,คณะเทคโนโลยีการประมงและทรัพยากรทางน้ำ,อาจารย์แพรวา รัตนทยา,50,50,False
10700361-03-MON-1000,2569,1,จันทร์,MON,0,10:00,12:00,10700361,ภาษาจีนเบื้องต้น 1,Basic Chinese Language 1,3,C,บรรยาย,คาวบอยเธียเตอร,101,อาคารพัฒนาวิศัยทัศน์,อาจารย์Xiaoxiao Wang,50,50,False
10700361-03-THU-1000,2569,1,พฤหัสบดี,THU,3,10:00,12:00,10700361,ภาษาจีนเบื้องต้น 1,Basic Chinese Language 1,3,L,ปฏิบัติ,เรียนรวม 429,124,อาคารสุวรรณวาจกกิสิกิจ,อาจารย์Xiaoxiao Wang,50,50,False
10700361-04-MON-1300,2569,1,จันทร์,MON,0,13:00,15:00,10700361,ภาษาจีนเบื้องต้น 1,Basic Chinese Language 1,4,C,บรรยาย,EC407,140,อาคารเศรษฐศาสตร์,อาจารย์วิชญ์สุดา ภูษณะวิวัฒน์,50,50,False
10700361-04-THU-1300,2569,1,พฤหัสบดี,THU,3,13:00,15:00,10700361,ภาษาจีนเบื้องต้น 1,Basic Chinese Language 1,4,L,ปฏิบัติ,EC407,140,อาคารเศรษฐศาสตร์,อาจารย์วิชญ์สุดา ภูษณะวิวัฒน์,50,50,False
10700361-05-TUE-0800,2569,1,อังคาร,TUE,1,08:00,10:00,10700361,ภาษาจีนเบื้องต้น 1,Basic Chinese Language 1,5,C,บรรยาย,สังคม 106,102,ประเสริฐ ณ นคร,อาจารย์แพรวา รัตนทยา,50,46,False
10700361-05-FRI-0800,2569,1,ศุกร์,FRI,4,08:00,10:00,10700361,ภาษาจีนเบื้องต้น 1,Basic Chinese Language 1,5,L,ปฏิบัติ,สังคม 106,102,ประเสริฐ ณ นคร,อาจารย์แพรวา รัตนทยา,50,46,False
10700361-06-TUE-1000,2569,1,อังคาร,TUE,1,10:00,12:00,10700361,ภาษาจีนเบื้องต้น 1,Basic Chinese Language 1,6,C,บรรยาย,สังคม 604,102,ประเสริฐ ณ นคร,อาจารย์ ดร.ปิยภรณ์ แดงตันกี,50,48,False
10700361-06-FRI-1000,2569,1,ศุกร์,FRI,4,10:00,12:00,10700361,ภาษาจีนเบื้องต้น 1,Basic Chinese Language 1,6,L,ปฏิบัติ,สังคม 604,102,ประเสริฐ ณ นคร,อาจารย์ ดร.ปิยภรณ์ แดงตันกี,50,48,False
10700361-07-TUE-1300,2569,1,อังคาร,TUE,1,13:00,15:00,10700361,ภาษาจีนเบื้องต้น 1,Basic Chinese Language 1,7,C,บรรยาย,ศร305,125,อาคารแม่โจ้ 70 ปี : สร้างปัญญาเพื่อแผ่นดิน,อาจารย์ชุติเดช ไชยวงค์,50,49,False
10700361-07-FRI-1300,2569,1,ศุกร์,FRI,4,13:00,15:00,10700361,ภาษาจีนเบื้องต้น 1,Basic Chinese Language 1,7,L,ปฏิบัติ,ศร305,125,อาคารแม่โจ้ 70 ปี : สร้างปัญญาเพื่อแผ่นดิน,อาจารย์ชุติเดช ไชยวงค์,50,49,False
10700401-01-MON-0800,2569,1,จันทร์,MON,0,08:00,10:00,10700401,การรู้สารสนเทศ,Information Literacy,1,C,บรรยาย,202 ห้อง Lab คอม,716,,อาจารย์ ดร.พิไลวรรณ พู่พัฒนศิลป์,45,30,False
10700401-01-MON-1000,2569,1,จันทร์,MON,0,10:00,12:00,10700401,การรู้สารสนเทศ,Information Literacy,1,C,บรรยาย,302/2 : 801,801,,ผู้ช่วยศาสตราจารย์ ดร.ขวัญจรัส เชิงปัญญา; อาจารย์ ดร.ถมรัตน์ ชัชวาลย์; อาจารย์ ดร.พัชรณัฐ ดาวดึงษ์,45,30,False
10700401-01-TUE-1500,2569,1,อังคาร,TUE,1,15:00,17:00,10700401,การรู้สารสนเทศ,Information Literacy,1,C,บรรยาย,80-402,147,อาคารเรียนรวม 80 ปี,อาจารย์วิไลวรรณ รัตนพันธ์,45,30,False
10700401-01-THU-0800,2569,1,พฤหัสบดี,THU,3,08:00,10:00,10700401,การรู้สารสนเทศ,Information Literacy,1,L,ปฏิบัติ,202 ห้อง Lab คอม,716,,อาจารย์ ดร.พิไลวรรณ พู่พัฒนศิลป์,45,30,False
10700401-01-THU-1000,2569,1,พฤหัสบดี,THU,3,10:00,12:00,10700401,การรู้สารสนเทศ,Information Literacy,1,L,ปฏิบัติ,302/2 : 801,801,,ผู้ช่วยศาสตราจารย์ ดร.ขวัญจรัส เชิงปัญญา; อาจารย์ ดร.ถมรัตน์ ชัชวาลย์; อาจารย์ ดร.พัชรณัฐ ดาวดึงษ์,45,30,False
10700401-01-FRI-1500,2569,1,ศุกร์,FRI,4,15:00,17:00,10700401,การรู้สารสนเทศ,Information Literacy,1,L,ปฏิบัติ,80-402,147,อาคารเรียนรวม 80 ปี,อาจารย์วิไลวรรณ รัตนพันธ์,45,30,False
10700401-02-MON-1300,2569,1,จันทร์,MON,0,13:00,15:00,10700401,การรู้สารสนเทศ,Information Literacy,2,C,บรรยาย,80-502,147,อาคารเรียนรวม 80 ปี,อาจารย์ ดร.จันทร์จิรา เหลาราช,165,159,False
10700401-02-MON-1300,2569,1,จันทร์,MON,0,13:00,15:00,10700401,การรู้สารสนเทศ,Information Literacy,2,C,บรรยาย,N104:811,811,,อาจารย์ ดร.พัชรณัฐ ดาวดึงษ์; ผู้ช่วยศาสตราจารย์ ดร.ขวัญจรัส เชิงปัญญา; อาจารย์ ดร.ถมรัตน์ ชัชวาลย์,165,159,False
10700401-02-THU-1300,2569,1,พฤหัสบดี,THU,3,13:00,15:00,10700401,การรู้สารสนเทศ,Information Literacy,2,L,ปฏิบัติ,80-502,147,อาคารเรียนรวม 80 ปี,อาจารย์ ดร.จันทร์จิรา เหลาราช,165,159,False
10700401-02-THU-1300,2569,1,พฤหัสบดี,THU,3,13:00,15:00,10700401,การรู้สารสนเทศ,Information Literacy,2,L,ปฏิบัติ,N104:811,811,,อาจารย์ ดร.พัชรณัฐ ดาวดึงษ์; ผู้ช่วยศาสตราจารย์ ดร.ขวัญจรัส เชิงปัญญา; อาจารย์ ดร.ถมรัตน์ ชัชวาลย์,165,159,False
10700401-03-TUE-1500,2569,1,อังคาร,TUE,1,15:00,17:00,10700401,การรู้สารสนเทศ,Information Literacy,3,C,บรรยาย,80-401,147,อาคารเรียนรวม 80 ปี,อาจารย์ ดร.จันทร์จิรา เหลาราช,80,62,False
10700401-03-FRI-1500,2569,1,ศุกร์,FRI,4,15:00,17:00,10700401,การรู้สารสนเทศ,Information Literacy,3,L,ปฏิบัติ,80-401,147,อาคารเรียนรวม 80 ปี,อาจารย์ ดร.จันทร์จิรา เหลาราช,80,62,False
10700401-04-TUE-1300,2569,1,อังคาร,TUE,1,13:00,15:00,10700401,การรู้สารสนเทศ,Information Literacy,4,C,บรรยาย,80-401,147,อาคารเรียนรวม 80 ปี,อาจารย์ ดร.จันทร์จิรา เหลาราช,80,63,False
10700401-04-FRI-1300,2569,1,ศุกร์,FRI,4,13:00,15:00,10700401,การรู้สารสนเทศ,Information Literacy,4,L,ปฏิบัติ,80-401,147,อาคารเรียนรวม 80 ปี,อาจารย์ ดร.จันทร์จิรา เหลาราช,80,63,False
10700401-05-TUE-0800,2569,1,อังคาร,TUE,1,08:00,10:00,10700401,การรู้สารสนเทศ,Information Literacy,5,C,บรรยาย,ศร302,125,อาคารแม่โจ้ 70 ปี : สร้างปัญญาเพื่อแผ่นดิน,อาจารย์ ดร.จันทร์จิรา เหลาราช,80,44,False
10700401-05-FRI-0800,2569,1,ศุกร์,FRI,4,08:00,10:00,10700401,การรู้สารสนเทศ,Information Literacy,5,L,ปฏิบัติ,ศร302,125,อาคารแม่โจ้ 70 ปี : สร้างปัญญาเพื่อแผ่นดิน,อาจารย์ ดร.จันทร์จิรา เหลาราช,80,44,False
10700401-06-TUE-1300,2569,1,อังคาร,TUE,1,13:00,15:00,10700401,การรู้สารสนเทศ,Information Literacy,6,C,บรรยาย,ศร403,125,อาคารแม่โจ้ 70 ปี : สร้างปัญญาเพื่อแผ่นดิน,อาจารย์วิไลวรรณ รัตนพันธ์,97,95,False
10700401-06-FRI-1300,2569,1,ศุกร์,FRI,4,13:00,15:00,10700401,การรู้สารสนเทศ,Information Literacy,6,L,ปฏิบัติ,ศร403,125,อาคารแม่โจ้ 70 ปี : สร้างปัญญาเพื่อแผ่นดิน,อาจารย์วิไลวรรณ รัตนพันธ์,97,95,False
10700401-07-MON-0800,2569,1,จันทร์,MON,0,08:00,10:00,10700401,การรู้สารสนเทศ,Information Literacy,7,C,บรรยาย,80-501,147,อาคารเรียนรวม 80 ปี,อาจารย์วิไลวรรณ รัตนพันธ์,80,78,False
10700401-07-THU-0800,2569,1,พฤหัสบดี,THU,3,08:00,10:00,10700401,การรู้สารสนเทศ,Information Literacy,7,L,ปฏิบัติ,80-501,147,อาคารเรียนรวม 80 ปี,อาจารย์วิไลวรรณ รัตนพันธ์,80,78,False
10700401-08-TUE-1000,2569,1,อังคาร,TUE,1,10:00,12:00,10700401,การรู้สารสนเทศ,Information Literacy,8,C,บรรยาย,80-402,147,อาคารเรียนรวม 80 ปี,อาจารย์วิไลวรรณ รัตนพันธ์,94,92,False
10700401-08-FRI-1000,2569,1,ศุกร์,FRI,4,10:00,12:00,10700401,การรู้สารสนเทศ,Information Literacy,8,L,ปฏิบัติ,80-402,147,อาคารเรียนรวม 80 ปี,อาจารย์วิไลวรรณ รัตนพันธ์,94,92,False
10800113-01-TUE-1500,2569,1,อังคาร,TUE,1,15:00,18:00,10800113,พลเมืองดิจิทัล,Digital Citizenship,1,C,บรรยาย,80-201,147,อาคารเรียนรวม 80 ปี,ผู้ช่วยศาสตราจารย์ ดร.ณภัทร เรืองนภากุล,450,447,False
10800113-02-TUE-0800,2569,1,อังคาร,TUE,1,08:00,09:30,10800113,พลเมืองดิจิทัล,Digital Citizenship,2,C,บรรยาย,80-201,147,อาคารเรียนรวม 80 ปี,ผู้ช่วยศาสตราจารย์ ดร.ณภัทร เรืองนภากุล,480,474,False
10800113-02-FRI-0800,2569,1,ศุกร์,FRI,4,08:00,09:30,10800113,พลเมืองดิจิทัล,Digital Citizenship,2,C,บรรยาย,80-201,147,อาคารเรียนรวม 80 ปี,ผู้ช่วยศาสตราจารย์ ดร.ณภัทร เรืองนภากุล,480,474,False
10800114-01-WED-1100,2569,1,พุธ,WED,2,11:00,14:00,10800114,ความฉลาดทางดิจิทัล,Digital Intelligence Quotient,1,C,บรรยาย,80-201,147,อาคารเรียนรวม 80 ปี,อาจารย์อติพร ขยัน,400,397,False
10800114-02-FRI-1500,2569,1,ศุกร์,FRI,4,15:00,18:00,10800114,ความฉลาดทางดิจิทัล,Digital Intelligence Quotient,2,C,บรรยาย,80-201,147,อาคารเรียนรวม 80 ปี,อาจารย์อติพร ขยัน,400,396,False
10800114-03-WED-0900,2569,1,พุธ,WED,2,09:00,12:00,10800114,ความฉลาดทางดิจิทัล,Digital Intelligence Quotient,3,C,บรรยาย,IC 307,143,อาคาร 75 ปี (คณะสารสนเทศแลการสื่อสาร),ผู้ช่วยศาสตราจารย์กริ่งกาญจน์ เจริญกุล; ดร.วัฒนาพงษ์ ใหม่เฟย,80,74,False
11400110-01-TUE-0800,2569,1,อังคาร,TUE,1,08:00,10:00,11400110,เศรษฐกิจพอเพียงและการพัฒนาที่ยั่งยืน,Sufficiency Economy and Sustainable Development,1,C,บรรยาย,สิงห์พลิน,142,อาคารเทพ พงษ์พานิช,อาจารย์กฤษตธี สุนันตา,70,62,False
11400110-01-TUE-1500,2569,1,อังคาร,TUE,1,15:00,17:00,11400110,เศรษฐกิจพอเพียงและการพัฒนาที่ยั่งยืน,Sufficiency Economy and Sustainable Development,1,C,บรรยาย,N104:811,811,,ผู้ช่วยศาสตราจารย์ ดร.กฤษดา พงษ์การัณยภาส; อาจารย์ ดร.วันวสา วิโรจนารมย์,70,62,False
11400110-01-THU-1600,2569,1,พฤหัสบดี,THU,3,16:00,18:00,11400110,เศรษฐกิจพอเพียงและการพัฒนาที่ยั่งยืน,Sufficiency Economy and Sustainable Development,1,L,ปฏิบัติ,FF ฟาร์มสาธิต,806,,ผู้ช่วยศาสตราจารย์ ดร.กฤษดา พงษ์การัณยภาส; อาจารย์ ดร.วันวสา วิโรจนารมย์,70,62,False
11400110-01-FRI-0800,2569,1,ศุกร์,FRI,4,08:00,11:00,11400110,เศรษฐกิจพอเพียงและการพัฒนาที่ยั่งยืน,Sufficiency Economy and Sustainable Development,1,L,ปฏิบัติ,สิงห์พลิน,142,อาคารเทพ พงษ์พานิช,อาจารย์กฤษตธี สุนันตา,70,62,False
11400110-02-TUE-1500,2569,1,อังคาร,TUE,1,15:00,17:00,11400110,เศรษฐกิจพอเพียงและการพัฒนาที่ยั่งยืน,Sufficiency Economy and Sustainable Development,2,C,บรรยาย,80-301,147,อาคารเรียนรวม 80 ปี,อาจารย์กฤษตธี สุนันตา,60,44,False
11400110-02-TUE-1500,2569,1,อังคาร,TUE,1,15:00,17:00,11400110,เศรษฐกิจพอเพียงและการพัฒนาที่ยั่งยืน,Sufficiency Economy and Sustainable Development,2,C,บรรยาย,N104:811,811,,ผู้ช่วยศาสตราจารย์ ดร.กฤษดา พงษ์การัณยภาส; อาจารย์ ดร.วันวสา วิโรจนารมย์,60,44,False
11400110-02-FRI-1500,2569,1,ศุกร์,FRI,4,15:00,18:00,11400110,เศรษฐกิจพอเพียงและการพัฒนาที่ยั่งยืน,Sufficiency Economy and Sustainable Development,2,L,ปฏิบัติ,80-301,147,อาคารเรียนรวม 80 ปี,อาจารย์กฤษตธี สุนันตา,60,44,False
11400110-02-FRI-1600,2569,1,ศุกร์,FRI,4,16:00,18:00,11400110,เศรษฐกิจพอเพียงและการพัฒนาที่ยั่งยืน,Sufficiency Economy and Sustainable Development,2,L,ปฏิบัติ,FF ฟาร์มสาธิต,806,,ผู้ช่วยศาสตราจารย์ ดร.กฤษดา พงษ์การัณยภาส; อาจารย์ ดร.วันวสา วิโรจนารมย์,60,44,False
11400110-03-MON-1500,2569,1,จันทร์,MON,0,15:00,17:00,11400110,เศรษฐกิจพอเพียงและการพัฒนาที่ยั่งยืน,Sufficiency Economy and Sustainable Development,3,C,บรรยาย,80-402,147,อาคารเรียนรวม 80 ปี,ผู้ช่วยศาสตราจารย์ ดร.สุดเขต สกุลทอง,20,13,False
11400110-03-TUE-1000,2569,1,อังคาร,TUE,1,10:00,12:00,11400110,เศรษฐกิจพอเพียงและการพัฒนาที่ยั่งยืน,Sufficiency Economy and Sustainable Development,3,C,บรรยาย,N208:811,811,,อาจารย์ ดร.ฐิระ ทองเหลือ,20,13,False
11400110-03-THU-1500,2569,1,พฤหัสบดี,THU,3,15:00,18:00,11400110,เศรษฐกิจพอเพียงและการพัฒนาที่ยั่งยืน,Sufficiency Economy and Sustainable Development,3,L,ปฏิบัติ,80-402,147,อาคารเรียนรวม 80 ปี,ผู้ช่วยศาสตราจารย์ ดร.สุดเขต สกุลทอง,20,13,False
11400110-03-FRI-1600,2569,1,ศุกร์,FRI,4,16:00,18:00,11400110,เศรษฐกิจพอเพียงและการพัฒนาที่ยั่งยืน,Sufficiency Economy and Sustainable Development,3,L,ปฏิบัติ,FF ฟาร์มสาธิต,806,,อาจารย์ ดร.ฐิระ ทองเหลือ,20,13,False
11400110-04-MON-1500,2569,1,จันทร์,MON,0,15:00,17:00,11400110,เศรษฐกิจพอเพียงและการพัฒนาที่ยั่งยืน,Sufficiency Economy and Sustainable Development,4,C,บรรยาย,80-502,147,อาคารเรียนรวม 80 ปี,อาจารย์กฤษตธี สุนันตา,120,112,False
11400110-04-THU-1500,2569,1,พฤหัสบดี,THU,3,15:00,18:00,11400110,เศรษฐกิจพอเพียงและการพัฒนาที่ยั่งยืน,Sufficiency Economy and Sustainable Development,4,L,ปฏิบัติ,80-502,147,อาคารเรียนรวม 80 ปี,อาจารย์กฤษตธี สุนันตา,120,112,False
11400111-01-MON-0800,2569,1,จันทร์,MON,0,08:00,10:00,11400111,อาเซียนศึกษา,ASEAN Studies,1,C,บรรยาย,สิงห์พลิน,142,อาคารเทพ พงษ์พานิช,อาจารย์จิระพงค์ ไชยซาววงค์,105,94,False
11400111-01-THU-0800,2569,1,พฤหัสบดี,THU,3,08:00,10:00,11400111,อาเซียนศึกษา,ASEAN Studies,1,L,ปฏิบัติ,สิงห์พลิน,142,อาคารเทพ พงษ์พานิช,อาจารย์จิระพงค์ ไชยซาววงค์,105,94,False
11400112-01-TUE-1300,2569,1,อังคาร,TUE,1,13:00,15:00,11400112,การต่อต้านการทุจริต,Anti-corruption,1,C,บรรยาย,208 : 801,801,,ผู้ช่วยศาสตราจารย์ ดร.ปัญจพร คำโย,45,35,False
11400112-01-TUE-1500,2569,1,อังคาร,TUE,1,15:00,17:00,11400112,การต่อต้านการทุจริต,Anti-corruption,1,C,บรรยาย,สิงห์พลิน,142,อาคารเทพ พงษ์พานิช,อาจารย์ ดร.รุจาดล นันทชารักษ์; อาจารย์นารีวรรณ กลิ่นรัตน์,45,35,False
11400112-01-FRI-1300,2569,1,ศุกร์,FRI,4,13:00,15:00,11400112,การต่อต้านการทุจริต,Anti-corruption,1,L,ปฏิบัติ,208 : 801,801,,ผู้ช่วยศาสตราจารย์ ดร.ปัญจพร คำโย,45,35,False
11400112-01-FRI-1500,2569,1,ศุกร์,FRI,4,15:00,17:00,11400112,การต่อต้านการทุจริต,Anti-corruption,1,L,ปฏิบัติ,สิงห์พลิน,142,อาคารเทพ พงษ์พานิช,อาจารย์ ดร.รุจาดล นันทชารักษ์; อาจารย์นารีวรรณ กลิ่นรัตน์,45,35,False
11400112-02-TUE-0800,2569,1,อังคาร,TUE,1,08:00,10:00,11400112,การต่อต้านการทุจริต,Anti-corruption,2,C,บรรยาย,สิงห์ปราชญ์,142,อาคารเทพ พงษ์พานิช,อาจารย์นารีวรรณ กลิ่นรัตน์; อาจารย์ ดร.รุจาดล นันทชารักษ์,150,94,False
11400112-02-FRI-0800,2569,1,ศุกร์,FRI,4,08:00,10:00,11400112,การต่อต้านการทุจริต,Anti-corruption,2,L,ปฏิบัติ,สิงห์ปราชญ์,142,อาคารเทพ พงษ์พานิช,อาจารย์นารีวรรณ กลิ่นรัตน์; อาจารย์ ดร.รุจาดล นันทชารักษ์,150,94,False
คพ392-01-TUE-1700,2569,1,อังคาร,TUE,1,17:00,19:00,คพ392,การเป็นผู้ประกอบการทางด้านคอมพิวเตอร์และนวัตกรรม,Innovation and Computer-Based Entrepreneurship,1,C,บรรยาย,บรรยาย คอม 8,105,คณะวิทยาศาสตร์,อาจารย์ ดร.กิตติกร หาญตระกูล,1,1,True
คพ392-01-WED-1700,2569,1,พุธ,WED,2,17:00,20:00,คพ392,การเป็นผู้ประกอบการทางด้านคอมพิวเตอร์และนวัตกรรม,Innovation and Computer-Based Entrepreneurship,1,L,ปฏิบัติ,บรรยาย คอม 6,105,คณะวิทยาศาสตร์,อาจารย์ ดร.กิตติกร หาญตระกูล,1,1,True
