section_id,section,group_id,group,title,url,file_type
1,เอกสารฝ่ายหลักสูตร,4,ข้อบังคับ/ระเบียบ/ประกาศ มหาวิทยาลัยแม่โจ้,ข้อบังคับมหาวิทยาลัยแม่โจ้ ว่าด้วยการศึกษาขั้นปริญญาตรี พ.ศ. 2569,https://edu.mju.ac.th/fileDownload/906.pdf,pdf
1,เอกสารฝ่ายหลักสูตร,4,ข้อบังคับ/ระเบียบ/ประกาศ มหาวิทยาลัยแม่โจ้,ข้อบังคับมหาวิทยาลัยแม่โจ้ ว่าด้วยการศึกษาระดับบัณฑิตศึกษา พ.ศ. 2569,https://edu.mju.ac.th/fileDownload/907.pdf,pdf
1,เอกสารฝ่ายหลักสูตร,4,ข้อบังคับ/ระเบียบ/ประกาศ มหาวิทยาลัยแม่โจ้,ข้อบังคับมหาวิทยาลัยแม่โจ้ ว่าด้วยการศึกษาขั้นปริญญาตรี พ.ศ. 2562,https://edu.mju.ac.th/fileDownload/520.pdf,pdf
1,เอกสารฝ่ายหลักสูตร,4,ข้อบังคับ/ระเบียบ/ประกาศ มหาวิทยาลัยแม่โจ้,ข้อบังคับมหาวิทยาลัยแม่โ่จ้ ว่าด้วยการจัดการศึกษาระบบคลังหน่วยกิต พ.ศ. 2568,https://edu.mju.ac.th/fileDownload/769.pdf,pdf
1,เอกสารฝ่ายหลักสูตร,4,ข้อบังคับ/ระเบียบ/ประกาศ มหาวิทยาลัยแม่โจ้,ข้อบังคับมหาวิทยาลัยแม่โจ้ ว่าด้วยการศึกษาระดับบัณฑิตศึกษา พ.ศ. 2560,https://edu.mju.ac.th/fileDownload/359.pdf,pdf
1,เอกสารฝ่ายหลักสูตร,4,ข้อบังคับ/ระเบียบ/ประกาศ มหาวิทยาลัยแม่โจ้,ข้อบังคับมหาวิทยาลัยแม่โจ้ ว่าด้วยการศึกษาขั้นปริญญาตรี พ.ศ. 2556,https://edu.mju.ac.th/fileDownload/studentRule2556.pdf,pdf
1,เอกสารฝ่ายหลักสูตร,4,ข้อบังคับ/ระเบียบ/ประกาศ มหาวิทยาลัยแม่โจ้,ข้อบังคับมหาวิทยาลัยแม่โจ้ ว่าด้วยการศึกษาขั้นปริญญาตรี พ.ศ. 2553,https://edu.mju.ac.th/fileDownload/studentRule2553.pdf,pdf
1,เอกสารฝ่ายหลักสูตร,4,ข้อบังคับ/ระเบียบ/ประกาศ มหาวิทยาลัยแม่โจ้,ข้อบังคับมหาวิทยาลัยแม่โจ้ ว่าด้วยการศึกษาขั้นปริญญาตรี พ.ศ. 2540,https://edu.mju.ac.th/fileDownload/studentRule2540.pdf,pdf
1,เอกสารฝ่ายหลักสูตร,4,ข้อบังคับ/ระเบียบ/ประกาศ มหาวิทยาลัยแม่โจ้,ข้อบังคับมหาวิทยาลัยแม่โจ้ ว่าด้วยการศึกษาหลักสูตรประกาศนียบัตรผู้ช่วยพยาบาล พ.ศ. 2569,https://edu.mju.ac.th/fileDownload/921.pdf,pdf
1,เอกสารฝ่ายหลักสูตร,4,ข้อบังคับ/ระเบียบ/ประกาศ มหาวิทยาลัยแม่โจ้,ระเบียบมหาวิทยาลัยแม่โจ้ ว่าด้วยการศึกษากลุ่มวิชาสหกิจศึกษา พ.ศ. 2567,https://edu.mju.ac.th/fileDownload/909.pdf,pdf
1,เอกสารฝ่ายหลักสูตร,4,ข้อบังคับ/ระเบียบ/ประกาศ มหาวิทยาลัยแม่โจ้,ระเบียบมหาวิทยาลัยแม่โจ้ ว่าด้วยการจัดการศึกษาโครงการเรียนล่วงหน้า พ.ศ.2565,https://edu.mju.ac.th/fileDownload/643.pdf,pdf
1,เอกสารฝ่ายหลักสูตร,4,ข้อบังคับ/ระเบียบ/ประกาศ มหาวิทยาลัยแม่โจ้,ระเบียบมหาวิทยาลัยแม่โจ้ ว่าด้วย การศึกษาตลอดชีวิต พ.ศ.2563,https://edu.mju.ac.th/fileDownload/534.pdf,pdf
1,เอกสารฝ่ายหลักสูตร,4,ข้อบังคับ/ระเบียบ/ประกาศ มหาวิทยาลัยแม่โจ้,ระเบียบมหาวิทยาลัยแม่โจ้ ว่าด้วยการศึกษาและการจ่ายเงินรายได้จากภาคการศึกษาฤดูร้อน พศ. 2565,https://edu.mju.ac.th/fileDownload/644.pdf,pdf
1,เอกสารฝ่ายหลักสูตร,4,ข้อบังคับ/ระเบียบ/ประกาศ มหาวิทยาลัยแม่โจ้,ระเบียบมหาวิทยาลัยแม่โจ้ ว่าด้วยหลักเกณฑ์ วิธีการวัดผลและประเมินผลการศึกษา พ.ศ. 2562,https://edu.mju.ac.th/fileDownload/711.pdf,pdf
1,เอกสารฝ่ายหลักสูตร,4,ข้อบังคับ/ระเบียบ/ประกาศ มหาวิทยาลัยแม่โจ้,ระเบียบมหาวิทยาลัยแม่โจ้ เรื่อง หลักเกณฑ์การเข้าร่วมกิจกรรมเสริมหลักสูตรเพื่อพัฒนานักศึกษา ระดับปริญญาตรี พ.ศ. 2557,https://edu.mju.ac.th/fileDownload/364.pdf,pdf
1,เอกสารฝ่ายหลักสูตร,4,ข้อบังคับ/ระเบียบ/ประกาศ มหาวิทยาลัยแม่โจ้,ระเบียบมหาวิทยาลัยแม่โจ้ ว่าด้วยหลักเกณฑ์การเข้าร่วมกิจกรรมเสริมหลักสูตรฯ พ.ศ.2557,https://edu.mju.ac.th/fileDownload/288.pdf,pdf
1,เอกสารฝ่ายหลักสูตร,4,ข้อบังคับ/ระเบียบ/ประกาศ มหาวิทยาลัยแม่โจ้,ระเบียบมหาวิทยาลัยแม่โจ้ ว่าด้วยอัตราค่าธรรมเนียมการศึกษาสำหรับนักศึกษาระดับปริญญาตรี พ.ศ.2555,https://edu.mju.ac.th/fileDownload/594.pdf,pdf
1,เอกสารฝ่ายหลักสูตร,4,ข้อบังคับ/ระเบียบ/ประกาศ มหาวิทยาลัยแม่โจ้,ระเบียบมหาวิทยาลัยแม่โจ้ ว่าด้วยการเทียบโอนรายวิชาเพื่อปริญญาที่สอง พ.ศ. 2541,https://edu.mju.ac.th/fileDownload/735.pdf,pdf
1,เอกสารฝ่ายหลักสูตร,4,ข้อบังคับ/ระเบียบ/ประกาศ มหาวิทยาลัยแม่โจ้,ประกาศมหาวิทยาลัยแม่โจ้ เรื่อง หลักเกณฑ์การแต่งตั้งและหน้าที่ความรับผิดชอบของอาจารย์ผู้รับผิดชอบหลักสูตร พ.ศ. 2569,https://edu.mju.ac.th/fileDownload/910.pdf,pdf
1,เอกสารฝ่ายหลักสูตร,4,ข้อบังคับ/ระเบียบ/ประกาศ มหาวิทยาลัยแม่โจ้,ประกาศมหาวิทยาลัยแม่โจ้ เรื่อง หลักเกณฑ์การแต่งตั้งและหน้าที่ความรับผิดชอบของอาจารย์ประจำหลักสูตร พ.ศ. 2569,https://edu.mju.ac.th/fileDownload/911.pdf,pdf
1,เอกสารฝ่ายหลักสูตร,4,ข้อบังคับ/ระเบียบ/ประกาศ มหาวิทยาลัยแม่โจ้,ประกาศมหาวิทยาลัยแม่โจ้ เรื่อง ระบบและกลไกการทวนสอบผลลัพธ์การเรียนรู้ระดับรายวิชาของนักศึกษา พ.ศ. 2568,https://edu.mju.ac.th/fileDownload/888.pdf,pdf
1,เอกสารฝ่ายหลักสูตร,4,ข้อบังคับ/ระเบียบ/ประกาศ มหาวิทยาลัยแม่โจ้,กำหนดประเภทรายจ่าย รายการ และเงื่อนไขการจ่ายเงินรายได้ฯ และค่าตอบแทน อ.ประจำหลักสูตร พ.ศ. 2556,https://edu.mju.ac.th/fileDownload/67.pdf,pdf
1,เอกสารฝ่ายหลักสูตร,4,ข้อบังคับ/ระเบียบ/ประกาศ มหาวิทยาลัยแม่โจ้,กำหนดประเภทรายจ่ายจากเงินรายได้ ค่าตอบแทนคณะกรรมการพัฒนาหลักสูตร และปรับปรุงหลักสูตร พ.ศ. 2554,https://edu.mju.ac.th/fileDownload/68.pdf,pdf
1,เอกสารฝ่ายหลักสูตร,4,ข้อบังคับ/ระเบียบ/ประกาศ มหาวิทยาลัยแม่โจ้,ประกาศมหาวิทยาลัยแม่โจ้ เรื่อง ปริญญาในสาขาวิชา อักษรย่อสำหรับสาขาวิชา ครุยประจำตำแหน่ง ครุยวิทยฐานะและเข็มวิทยฐานะของมหาวิทยาลัยแม่โจ้ (ฉบับที่ 2) พ.ศ.2568,https://edu.mju.ac.th/fileDownload/890.pdf,pdf
1,เอกสารฝ่ายหลักสูตร,4,ข้อบังคับ/ระเบียบ/ประกาศ มหาวิทยาลัยแม่โจ้,ประกาศมหาวิทยาลัยแม่โจ้ เรื่องกำหนดหลักเกณฑ์และวิธีรับเงินค่าธรรมเนียมการศึกษาล่วงหน้า,https://edu.mju.ac.th/fileDownload/758.pdf,pdf
1,เอกสารฝ่ายหลักสูตร,4,ข้อบังคับ/ระเบียบ/ประกาศ มหาวิทยาลัยแม่โจ้,ประกาศมหาวิทยาลัยแม่โจ้ เรื่อง แนวปฏิบัติการชำระค่าธรรมเนียมการศึกษาและค่าธรรมเนียมต่างๆ ของนักศึกษาระดับปริญญาตรี,https://edu.mju.ac.th/fileDownload/759.pdf,pdf
1,เอกสารฝ่ายหลักสูตร,4,ข้อบังคับ/ระเบียบ/ประกาศ มหาวิทยาลัยแม่โจ้,Maejo University; Announcement on Guidelines for Payment of Tuition Fees and Various Fees for Uncergraduate Students,https://edu.mju.ac.th/fileDownload/760.pdf,pdf
1,เอกสารฝ่ายหลักสูตร,4,ข้อบังคับ/ระเบียบ/ประกาศ มหาวิทยาลัยแม่โจ้,Maejo University; Announcement on Guidelines for Payment of Tuition Fees and Various Fees for Uncergraduate Students (China),https://edu.mju.ac.th/fileDownload/761.pdf,pdf
1,เอกสารฝ่ายหลักสูตร,4,ข้อบังคับ/ระเบียบ/ประกาศ มหาวิทยาลัยแม่โจ้,ประกาศมหาวิทยาลัยแม่โจ้ เรื่อง ค่าธรรมเนียมการศึกษาของนักศึกษาระดับปริญญาตรี หลักสูตรวิศวกรรมศาสตรบัณฑิต สาขาวิชาการอนุรักษ์พลังงาน(ต่อเนื่อง) วิทยาลัยพลังงานทดแทน,https://edu.mju.ac.th/fileDownload/763.pdf,pdf
1,เอกสารฝ่ายหลักสูตร,4,ข้อบังคับ/ระเบียบ/ประกาศ มหาวิทยาลัยแม่โจ้,ประกาศมหาวิทยาลัยแม่โจ้ เรื่อง กำหนดอัตราและหลักเกณฑ์การเรียกเก็บค่าธรรมเนียมการศึกษาประเภทเหมาจ่ายของนักศึกษาระดับปริญญาตรี,https://edu.mju.ac.th/fileDownload/810.pdf,pdf
1,เอกสารฝ่ายหลักสูตร,4,ข้อบังคับ/ระเบียบ/ประกาศ มหาวิทยาลัยแม่โจ้,ประกาศมหาวิทยาลัยแม่โจ้ เรื่อง ค่าธรรมเนียมการศึกษาประเภทเหมาจ่ายของนักศึกษาระดับปริญญาตรี คณะสถาปัตยกรรมศาสตร์และการออกแบบสิ่งแวดล้อม,https://edu.mju.ac.th/fileDownload/883.pdf,pdf
1,เอกสารฝ่ายหลักสูตร,4,ข้อบังคับ/ระเบียบ/ประกาศ มหาวิทยาลัยแม่โจ้,ประกาศมหาวิทยาลัยแม่โจ้ เรื่อง อัตราค่าธรรมเนียมประเภทอื่นๆ สำหรับนักศึกษาระดับปริญญาตรี,https://edu.mju.ac.th/fileDownload/333.pdf,pdf
1,เอกสารฝ่ายหลักสูตร,4,ข้อบังคับ/ระเบียบ/ประกาศ มหาวิทยาลัยแม่โจ้,ประกาศมหาวิทยาลัยแม่โจ้ เรื่อง ค่าธรรมเนียมการศึกษาประเภทเหมาจ่ายของนักศึกษาระดับปริญญาตรี หลักสูตรพยาบาลศาสตรบัณฑิต,https://edu.mju.ac.th/fileDownload/666.pdf,pdf
1,เอกสารฝ่ายหลักสูตร,4,ข้อบังคับ/ระเบียบ/ประกาศ มหาวิทยาลัยแม่โจ้,ประกาศมหาวิทยาลัยแม่โจ้ เรื่อง ค่าธรรมเนียมการศึกษานักศึกษาระดับปริญญาตรี สาขาวิชาวิศวกรรมฟาร์มอัจฉริยะและนวัตกรรมเกษตรฯ,https://edu.mju.ac.th/fileDownload/667.pdf,pdf
1,เอกสารฝ่ายหลักสูตร,4,ข้อบังคับ/ระเบียบ/ประกาศ มหาวิทยาลัยแม่โจ้,ประกาศมหาวิทยาลัยแม่โจ้ เรื่อง ค่าธรรมเนียมการศึกษาประเภทเหมาจ่ายของนักศึกษาระดับ ป.ตรี หลักสูตรวิทยาศาสตรบัณฑิต สาขาวิชาการประมงและนวัตกรรมการผลิตสัตว์น้ำ (4ปีเทียบเรียนภาคพิเศษ),https://edu.mju.ac.th/fileDownload/686.pdf,pdf
1,เอกสารฝ่ายหลักสูตร,4,ข้อบังคับ/ระเบียบ/ประกาศ มหาวิทยาลัยแม่โจ้,ประกาศมหาวิทยาลัยแม่โจ้ เรื่อง การเทียบโอนหน่วยกิตและผลการเรียนกรณีจากสถาบันอุดมศึกษาอื่น ภายในมหาวิทยาลัยและสำหรับนักศึกษาพ้นสภาพที่เข้าศึกษาใหม่,https://edu.mju.ac.th/fileDownload/745.pdf,pdf
1,เอกสารฝ่ายหลักสูตร,4,ข้อบังคับ/ระเบียบ/ประกาศ มหาวิทยาลัยแม่โจ้,ประกาศมหาวิทยาลัยแม่โจ้ เรื่อง กำหนดอัตราและหลักเกณฑ์เรียกเก็บค่าธรรมเนียมการศึกษาประเภทเหมาจ่ายของนักศึกษาระดับปริญญาตรี,https://edu.mju.ac.th/fileDownload/750.pdf,pdf
1,เอกสารฝ่ายหลักสูตร,4,ข้อบังคับ/ระเบียบ/ประกาศ มหาวิทยาลัยแม่โจ้,ประกาศมหาวิทยาลัยแม่โจ้ เรื่อง กำหนดหลักเกณฑ์และอัตราการใช้จ่าย ค่าใช้จ่ายจากเงินรายได้เป็นค่ารับรองเหมาจ่าย และค่าตอบแทนอาจารย์ผู้รับผิดชอบหลักสูตร,https://edu.mju.ac.th/fileDownload/908.pdf,pdf
1,เอกสารฝ่ายหลักสูตร,4,ข้อบังคับ/ระเบียบ/ประกาศ มหาวิทยาลัยแม่โจ้,ประกาศมหาวิทยาลัยแม่โจ้ เรื่อง หลักเกณฑ์และวิธีการขอคืนสภาพนักศึกษาระดับปริญญาตรี,https://edu.mju.ac.th/fileDownload/751.pdf,pdf
1,เอกสารฝ่ายหลักสูตร,4,ข้อบังคับ/ระเบียบ/ประกาศ มหาวิทยาลัยแม่โจ้,ประกาศมหาวิทยาลัยแม่โจ้ เรื่อง หลักเกณฑ์การสอบวัดผลความรู้และทักษะทางเทคโนโลยีสารสนเทศ การสื่อสาร และดิจิทัล (ICT and Digital Skills),https://edu.mju.ac.th/fileDownload/755.pdf,pdf
1,เอกสารฝ่ายหลักสูตร,4,ข้อบังคับ/ระเบียบ/ประกาศ มหาวิทยาลัยแม่โจ้,ประกาศมหาวิทยาลัยแม่โจ้ เรื่อง การยืนยันสิทธิเข้ารับพระราชทานปริญญาบัตรของผู้สำเร็จการศึกษาประจำปี,https://edu.mju.ac.th/fileDownload/905.pdf,pdf
1,เอกสารฝ่ายหลักสูตร,4,ข้อบังคับ/ระเบียบ/ประกาศ มหาวิทยาลัยแม่โจ้,กฎกระทรวง มาตรฐานการจัดการศึกษาระดับอุดมศึกษา พ.ศ. 2565,https://edu.mju.ac.th/fileDownload/823.pdf,pdf
1,เอกสารฝ่ายหลักสูตร,4,ข้อบังคับ/ระเบียบ/ประกาศ มหาวิทยาลัยแม่โจ้,กฎกระทรวง มาตรฐานหลักสูตรการศึกษาระดับอุดมศึกษา พ.ศ. 2565,https://edu.mju.ac.th/fileDownload/824.pdf,pdf
1,เอกสารฝ่ายหลักสูตร,4,ข้อบังคับ/ระเบียบ/ประกาศ มหาวิทยาลัยแม่โจ้,กฎกระทรวง มาตรฐานคุณวุฒิระดับอุดมศึกษา พ.ศ. 2565,https://edu.mju.ac.th/fileDownload/825.pdf,pdf
1,เอกสารฝ่ายหลักสูตร,4,ข้อบังคับ/ระเบียบ/ประกาศ มหาวิทยาลัยแม่โจ้,กฎกระทรวง กำหนดมาตรฐานการอุดมศึกษา พ.ศ. 2565,https://edu.mju.ac.th/fileDownload/826.pdf,pdf
1,เอกสารฝ่ายหลักสูตร,4,ข้อบังคับ/ระเบียบ/ประกาศ มหาวิทยาลัยแม่โจ้,กฎกระทรวง มาตรฐานการขอตำแหน่งทางวิชาการในสถาบันอุดมศึกษา พ.ศ. 2565,https://edu.mju.ac.th/fileDownload/828.pdf,pdf
1,เอกสารฝ่ายหลักสูตร,4,ข้อบังคับ/ระเบียบ/ประกาศ มหาวิทยาลัยแม่โจ้,กฎกระทรวง ความร่วมมือระหว่างสถาบันอุดมศึกษา พ.ศ. 2567,https://edu.mju.ac.th/fileDownload/829.pdf,pdf
1,เอกสารฝ่ายหลักสูตร,4,ข้อบังคับ/ระเบียบ/ประกาศ มหาวิทยาลัยแม่โจ้,ประกาศกระทรวงการอุดมศึกษา วิทยาศาสตร์ วิจัยและนวัตกรรม เรื่อง หลักเกณฑ์ วิธีการ และเงื่อนไขการจัดการศึกษาผ่านระบบเทคโนโลยีสารสนเทศ พ.ศ. 2565,https://edu.mju.ac.th/fileDownload/830.pdf,pdf
1,เอกสารฝ่ายหลักสูตร,4,ข้อบังคับ/ระเบียบ/ประกาศ มหาวิทยาลัยแม่โจ้,ประกาศกระทรวงการอุดมศึกษา วิทยาศาสตร์ วิจัยและนวัตกรรม เรื่อง ทักษะที่พึงประสงค์ของกาลังคนในสาขาเกษตรสมัยใหม่ การตลาดดิจิทัล และท่องเที่ยวรูปแบบใหม่ ปี พ.ศ. 2565,https://edu.mju.ac.th/fileDownload/831.pdf,pdf
1,เอกสารฝ่ายหลักสูตร,4,ข้อบังคับ/ระเบียบ/ประกาศ มหาวิทยาลัยแม่โจ้,ประกาศกระทรวงการอุดมศึกษา วิทยาศาสตร์ วิจัยและนวัตกรรม เรื่อง ทักษะที่พึงประสงค์ของกำลังคนในสาขานักวิทยาศาสตร์ข้อมูล และสาขายานยนต์ไฟฟ้า พ.ศ. 2566,https://edu.mju.ac.th/fileDownload/832.pdf,pdf
1,เอกสารฝ่ายหลักสูตร,4,ข้อบังคับ/ระเบียบ/ประกาศ มหาวิทยาลัยแม่โจ้,ประกาศคณะกรรมการมาตรฐานการอุดมศึกษา เรื่อง รายละเอียดผลลัพธ์การเรียนรู้ตามมาตรฐานคุณวุฒิระดับอุดมศึกษา พ.ศ. 2565,https://edu.mju.ac.th/fileDownload/833.pdf,pdf
1,เอกสารฝ่ายหลักสูตร,4,ข้อบังคับ/ระเบียบ/ประกาศ มหาวิทยาลัยแม่โจ้,ประกาศคณะกรรมการมาตรฐานการอุดมศึกษา เรื่อง เกณฑ์มาตรฐานหลักสูตรระดับอนุปริญญา พ.ศ. 2565,https://edu.mju.ac.th/fileDownload/834.pdf,pdf
1,เอกสารฝ่ายหลักสูตร,4,ข้อบังคับ/ระเบียบ/ประกาศ มหาวิทยาลัยแม่โจ้,ประกาศคณะกรรมการมาตรฐานการอุดมศึกษา เรื่อง เกณฑ์มาตรฐานหลักสูตรระดับปริญญาตรี พ.ศ. 2565,https://edu.mju.ac.th/fileDownload/835.pdf,pdf
1,เอกสารฝ่ายหลักสูตร,4,ข้อบังคับ/ระเบียบ/ประกาศ มหาวิทยาลัยแม่โจ้,ประกาศคณะกรรมการมาตรฐานการอุดมศึกษา เรื่อง เกณฑ์มาตรฐานหลักสูตรระดับบัณฑิตศึกษา พ.ศ. 2565,https://edu.mju.ac.th/fileDownload/836.pdf,pdf
1,เอกสารฝ่ายหลักสูตร,4,ข้อบังคับ/ระเบียบ/ประกาศ มหาวิทยาลัยแม่โจ้,ประกาศคณะกรรมการมาตรฐานการอุดมศึกษา เรื่อง หลักเกณฑ์และวิธีการเทียบโอนหน่วยกิตและผลการศึกษาในระดับอุดมศึกษา พ.ศ. 2565,https://edu.mju.ac.th/fileDownload/837.pdf,pdf
1,เอกสารฝ่ายหลักสูตร,4,ข้อบังคับ/ระเบียบ/ประกาศ มหาวิทยาลัยแม่โจ้,ประกาศคณะกรรมการมาตรฐานการอุดมศึกษา เรื่อง แนวทางการดำเนินงานคลังหน่วยกิตระดับอุดมศึกษา พ.ศ. 2565,https://edu.mju.ac.th/fileDownload/838.pdf,pdf
1,เอกสารฝ่ายหลักสูตร,4,ข้อบังคับ/ระเบียบ/ประกาศ มหาวิทยาลัยแม่โจ้,ประกาศคณะกรรมการมาตรฐานการอุดมศึกษา เรื่อง มาตรฐานหลักสูตรควบระดับปริญญาตรีและปริญญาโท หรือหลักสูตรควบระดับปริญญาโทและปริญญาเอก ในสถาบันอุดมศึกษา พ.ศ. 2565,https://edu.mju.ac.th/fileDownload/839.pdf,pdf
1,เอกสารฝ่ายหลักสูตร,4,ข้อบังคับ/ระเบียบ/ประกาศ มหาวิทยาลัยแม่โจ้,ประกาศคณะกรรมการมาตรฐานการอุดมศึกษา เรื่อง มาตรฐานหลักสูตรควบระดับปริญญาตรีสองปริญญา หรือหลักสูตรควบระดับปริญญาโทสองปริญญา ในสาขาวิชาที่ต่างกัน พ.ศ. 2565,https://edu.mju.ac.th/fileDownload/840.pdf,pdf
1,เอกสารฝ่ายหลักสูตร,4,ข้อบังคับ/ระเบียบ/ประกาศ มหาวิทยาลัยแม่โจ้,ประกาศคณะกรรมการมาตรฐานการอุดมศึกษา เรื่อง หลักเกณฑ์การกำหนดชื่อปริญญา พ.ศ. 2565,https://edu.mju.ac.th/fileDownload/841.pdf,pdf
1,เอกสารฝ่ายหลักสูตร,4,ข้อบังคับ/ระเบียบ/ประกาศ มหาวิทยาลัยแม่โจ้,ประกาศคณะกรรมการมาตรฐานการอุดมศึกษา เรื่อง แนวทางการพิจารณาเทียบคุณวุฒิผู้สำเร็จการศึกษาระดับอุดมศึกษาจากต่างประเทศกับมาตรฐานคุณวุฒิระดับอุดมศึกษา พ.ศ. 2565,https://edu.mju.ac.th/fileDownload/842.pdf,pdf
1,เอกสารฝ่ายหลักสูตร,4,ข้อบังคับ/ระเบียบ/ประกาศ มหาวิทยาลัยแม่โจ้,ประกาศคณะกรรมการมาตรฐานการอุดมศึกษา เรื่อง แนวทางการพิจารณาเทียบหลักสูตรการศึกษาในประเทศกับมาตรฐานคุณวุฒิระดับอุดมศึกษา พ.ศ. 2565,https://edu.mju.ac.th/fileDownload/843.pdf,pdf
1,เอกสารฝ่ายหลักสูตร,4,ข้อบังคับ/ระเบียบ/ประกาศ มหาวิทยาลัยแม่โจ้,ประกาศคณะกรรมการมาตรฐานการอุดมศึกษา เรื่อง แนวทางการพัฒนาคุณภาพอาจารย์เพื่อส่งเสริมการบรรลุผลลัพธ์การเรียนรู้ตามมาตรฐานคุณวุฒิระดับอุดมศึกษา พ.ศ. 2566,https://edu.mju.ac.th/fileDownload/845.pdf,pdf
1,เอกสารฝ่ายหลักสูตร,4,ข้อบังคับ/ระเบียบ/ประกาศ มหาวิทยาลัยแม่โจ้,ประกาศคณะกรรมการมาตรฐานการอุดมศึกษา เรื่อง นโยบายการยกระดับมาตรฐานภาษาอังกฤษในสถาบันอุดมศึกษา พ.ศ. 2567,https://edu.mju.ac.th/fileDownload/846.pdf,pdf
1,เอกสารฝ่ายหลักสูตร,4,ข้อบังคับ/ระเบียบ/ประกาศ มหาวิทยาลัยแม่โจ้,ประกาศคณะกรรมการมาตรฐานการอุดมศึกษา เรื่อง มาตรฐานการอุดมศึกษาที่สอดคล้องกับการจัดกลุ่มสถาบันอุดมศึกษา พ.ศ. 2567,https://edu.mju.ac.th/fileDownload/847.pdf,pdf
1,เอกสารฝ่ายหลักสูตร,4,ข้อบังคับ/ระเบียบ/ประกาศ มหาวิทยาลัยแม่โจ้,ประกาศคณะกรรมการมาตรฐานการอุดมศึกษา เรื่อง มาตรฐานคุณวุฒิในสาขาวิชาการแพทย์แผนไทยประยุกต์ ระดับปริญญาตรี พ.ศ. 2567,https://edu.mju.ac.th/fileDownload/848.pdf,pdf
1,เอกสารฝ่ายหลักสูตร,4,ข้อบังคับ/ระเบียบ/ประกาศ มหาวิทยาลัยแม่โจ้,ประกาศคณะกรรมการมาตรฐานการอุดมศึกษา เรื่อง มาตรฐานคุณวุฒิในสาขาวิชากายภาพบำบัด ระดับปริญญาตรี พ.ศ. 2567,https://edu.mju.ac.th/fileDownload/849.pdf,pdf
1,เอกสารฝ่ายหลักสูตร,4,ข้อบังคับ/ระเบียบ/ประกาศ มหาวิทยาลัยแม่โจ้,ประกาศคณะกรรมการมาตรฐานการอุดมศึกษา เรื่อง มาตรฐานคุณวุฒิในสาขาวิชาเทคนิคการแพทย์ ระดับปริญญาตรี พ.ศ. 2567,https://edu.mju.ac.th/fileDownload/850.pdf,pdf
1,เอกสารฝ่ายหลักสูตร,4,ข้อบังคับ/ระเบียบ/ประกาศ มหาวิทยาลัยแม่โจ้,ประกาศคณะกรรมการมาตรฐานการอุดมศึกษา เรื่อง มาตรฐานคุณวุฒิในสาขาวิชาเภสัชศาสตร์ ระดับปริญญาตรี พ.ศ. 2567,https://edu.mju.ac.th/fileDownload/851.pdf,pdf
1,เอกสารฝ่ายหลักสูตร,4,ข้อบังคับ/ระเบียบ/ประกาศ มหาวิทยาลัยแม่โจ้,พระราชกฤษฏีกาว่าด้วยปริญญาในสาขาวิชา อักษรย่อสำหรับสาขาวิชา คุรยประจำตำแหน่ง ฯ ของมหาวิทยาลัยแม่โจ้,https://edu.mju.ac.th/fileDownload/83.pdf,pdf
1,เอกสารฝ่ายหลักสูตร,4,ข้อบังคับ/ระเบียบ/ประกาศ มหาวิทยาลัยแม่โจ้,หลักการและแนวคิดการตรวจสอบและการรับรองมาตรฐานอุดมศึกษาในหลักสูตรการศึกษา และวิธีการแจ้งหลักสูตรการศึกษา,https://edu.mju.ac.th/fileDownload/852.pdf,pdf
1,เอกสารฝ่ายหลักสูตร,4,ข้อบังคับ/ระเบียบ/ประกาศ มหาวิทยาลัยแม่โจ้,คู่มือการตรวจสอบหลักสูตรการศึกษาและการตรวจสอบการดำเนินการจัดการศึกษา เพื่อการรับรองมาตรฐานการอุดมศึกษาในหลักสูตรการศึกษา,https://edu.mju.ac.th/fileDownload/853.pdf,pdf
1,เอกสารฝ่ายหลักสูตร,4,ข้อบังคับ/ระเบียบ/ประกาศ มหาวิทยาลัยแม่โจ้,ประเด็นคำถามเกี่ยวกับการดำเนินการตามประกาศคณะกรรมการมาตรฐานการอุดมศึกษาในการประชุมครั้งที่ 1/2566 เมื่อวันที่ 11 มกราคม 2566,https://edu.mju.ac.th/fileDownload/854.pdf,pdf
1,เอกสารฝ่ายหลักสูตร,4,ข้อบังคับ/ระเบียบ/ประกาศ มหาวิทยาลัยแม่โจ้,หนังสือ อว 0204.2/ว2520 เรื่อง แนวทางการกำหนดผลลัพธ์การเรียนรู้ของหลักสูตรในสถาบันอุดมศึกษา ลงวันที่ 2 กุมภาพันธ์ 2567,https://edu.mju.ac.th/fileDownload/855.pdf,pdf
1,เอกสารฝ่ายหลักสูตร,4,ข้อบังคับ/ระเบียบ/ประกาศ มหาวิทยาลัยแม่โจ้,การตรวจสอบและรับรองมาตรฐานการอุดมศึกษาในหลักสูตรการศึกษา (กองยกระดับคุณภาพการจัดการศึกษาระดับอุดมศึกษา),https://edu.mju.ac.th/fileDownload/856.pdf,pdf
1,เอกสารฝ่ายหลักสูตร,4,ข้อบังคับ/ระเบียบ/ประกาศ มหาวิทยาลัยแม่โจ้,ข้อเสนอแนะที่พบบ่อยจากผลการตรวจสอบหลักสูตรการศึกษาของคณะอนุกรรมการตรวจสอบหลักสูตรการศึกษา (กองยกระดับคุณภาพการจัดการศึกษาระดับอุดมศึกษา),https://edu.mju.ac.th/fileDownload/857.pdf,pdf
1,เอกสารฝ่ายหลักสูตร,4,ข้อบังคับ/ระเบียบ/ประกาศ มหาวิทยาลัยแม่โจ้,เกณฑ์ในการตรวจสอบคัดกรองหลักสูตรที่เลือกใช้เกณฑ์ 65 (กองยกระดับคุณภาพการจัดการศึกษาระดับอุดมศึกษา),https://edu.mju.ac.th/fileDownload/858.pdf,pdf
1,เอกสารฝ่ายหลักสูตร,4,ข้อบังคับ/ระเบียบ/ประกาศ มหาวิทยาลัยแม่โจ้,การพัฒนาหลักสูตรตามเกณฑ์มาตรฐานหลักสูตรระดับอุดมศึกษา พ.ศ. 2565 และการกำหนดผลลัพธ์การเรียนรู้ตามมาตรฐานคุณวุฒิ (ผู้อำนวยการกองยกระดับคุณภาพการจัดการศึกษาระดับอุดมศึกษา),https://edu.mju.ac.th/fileDownload/859.pdf,pdf
1,เอกสารฝ่ายหลักสูตร,4,ข้อบังคับ/ระเบียบ/ประกาศ มหาวิทยาลัยแม่โจ้,แนวทางการจัดทำมาตรฐานคุณวุฒิในสาขาหรือสาขาวิชา (กมอ. ในการประชุมครั้งที่ 7/2567 เมื่อวันที่ 10 กรกฎาคม 2567 / หนังสือ อว 0204.2/ว16158 ลงวันที่ 15 สิงหาคม 2567),https://edu.mju.ac.th/fileDownload/860.pdf,pdf
1,เอกสารฝ่ายหลักสูตร,4,ข้อบังคับ/ระเบียบ/ประกาศ มหาวิทยาลัยแม่โจ้,หนังสือ อว 0204.3/ว 10432 เรื่อง แนวปฏิบัติในการพิจารณาผลงานทางวิชาการของอาจารย์ผู้รับผิดชอบหลักสูตรและอาจารย์ประจำหลักสูตรระดับอุดมศึกษา ลงวันที่ 19 สิงหาคม 2564,https://edu.mju.ac.th/fileDownload/861.pdf,pdf
1,เอกสารฝ่ายหลักสูตร,42,เอกสารสำหรับจัดทำรายวิชาหมวดศึกษาทั่วไป ฉบับ 2570,เล่มหมวดวิชาศึกษาทั่วไป ฉบับปรับปรุง 2570 24-02-69,https://edu.mju.ac.th/fileDownload/912.pdf,pdf
1,เอกสารฝ่ายหลักสูตร,42,เอกสารสำหรับจัดทำรายวิชาหมวดศึกษาทั่วไป ฉบับ 2570,OBE 3 แบบเสนอรายวิชาศึกษาทั่วไป 2570,https://edu.mju.ac.th/fileDownload/876.pdf,pdf
1,เอกสารฝ่ายหลักสูตร,42,เอกสารสำหรับจัดทำรายวิชาหมวดศึกษาทั่วไป ฉบับ 2570,OBE 3 แบบเสนอรายวิชาศึกษาทั่วไป 2570 (ไฟล์ .doc),https://edu.mju.ac.th/fileDownload/877.doc,doc
1,เอกสารฝ่ายหลักสูตร,42,เอกสารสำหรับจัดทำรายวิชาหมวดศึกษาทั่วไป ฉบับ 2570,แบบฟอร์มบทสรุปภาพรวมของรายวิชาหมวดศึกษาทั่วไป 2570 (ไฟล์ .doc),https://edu.mju.ac.th/fileDownload/881.doc,doc
1,เอกสารฝ่ายหลักสูตร,42,เอกสารสำหรับจัดทำรายวิชาหมวดศึกษาทั่วไป ฉบับ 2570,แบบฟอร์มบทสรุปภาพรวมของรายวิชาหมวดศึกษาทั่วไป 2570 (ไฟล์ .pdf),https://edu.mju.ac.th/fileDownload/882.pdf,pdf
1,เอกสารฝ่ายหลักสูตร,42,เอกสารสำหรับจัดทำรายวิชาหมวดศึกษาทั่วไป ฉบับ 2570,ผลลัพธ์การเรียนรู้และระดับผลลัพธ์การเรียนรู้สำหรับการพัฒนารายวิชาหมวดศึกษาทั่วไป,https://edu.mju.ac.th/fileDownload/878.pdf,pdf
1,เอกสารฝ่ายหลักสูตร,42,เอกสารสำหรับจัดทำรายวิชาหมวดศึกษาทั่วไป ฉบับ 2570,ผลลัพธ์การเรียนรู้และระดับผลลัพธ์การเรียนรู้สำหรับการพัฒนารายวิชาหมวดศึกษาทั่วไป (ไฟล์ .doc),https://edu.mju.ac.th/fileDownload/879.docx,docx
1,เอกสารฝ่ายหลักสูตร,42,เอกสารสำหรับจัดทำรายวิชาหมวดศึกษาทั่วไป ฉบับ 2570,บันทึกการชี้แจ้ง การจัดทำรายวิชาหมวดศึกษาทั่วไป ตามแบบเสนอรายวิชาใหม่,https://maejo.link/Oe4L,
1,เอกสารฝ่ายหลักสูตร,43,ระบบเพื่อการรับรองมาตรฐานการอุดมศึกษา (CISA),ประกาศ กมอ. เรื่อง การรับรองมาตรฐานการอุดมศึกษาของหลักสูตรการศึกษาในสถาบันอุดมศึกษา พ.ศ. 2568,https://edu.mju.ac.th/fileDownload/884.pdf,pdf
1,เอกสารฝ่ายหลักสูตร,43,ระบบเพื่อการรับรองมาตรฐานการอุดมศึกษา (CISA),คู่มือการใช้งานระบบ CISA,https://edu.mju.ac.th/fileDownload/885.pdf,pdf
1,เอกสารฝ่ายหลักสูตร,43,ระบบเพื่อการรับรองมาตรฐานการอุดมศึกษา (CISA),CISA Work Flow ของสถาบันอุดมศึกษา,https://edu.mju.ac.th/fileDownload/886.pdf,pdf
1,เอกสารฝ่ายหลักสูตร,43,ระบบเพื่อการรับรองมาตรฐานการอุดมศึกษา (CISA),Presentation อบรมการใช้งานระบบ CISA,https://edu.mju.ac.th/fileDownload/887.pdf,pdf
1,เอกสารฝ่ายหลักสูตร,44,Template การจัดทำหลักสูตร OBE 2 MJU ฉบับปรับปรุง 2570,OBE 2 MJU ระดับปริญญาตรี ฉบับปรับปรุง 24 ธันวาคม 2568 (Word),https://edu.mju.ac.th/fileDownload/897.doc,doc
1,เอกสารฝ่ายหลักสูตร,44,Template การจัดทำหลักสูตร OBE 2 MJU ฉบับปรับปรุง 2570,OBE 2 MJU ระดับปริญญาตรี ฉบับปรับปรุง 24 ธันวาคม 2568 (PDF),https://edu.mju.ac.th/fileDownload/898.pdf,pdf
1,เอกสารฝ่ายหลักสูตร,44,Template การจัดทำหลักสูตร OBE 2 MJU ฉบับปรับปรุง 2570,OBE 2 MJU ระดับปริญญาโท ฉบับปรับปรุง 24 ธันวาคม 2568 (Word),https://edu.mju.ac.th/fileDownload/899.doc,doc
1,เอกสารฝ่ายหลักสูตร,44,Template การจัดทำหลักสูตร OBE 2 MJU ฉบับปรับปรุง 2570,OBE 2 MJU ระดับปริญญาโท ฉบับปรับปรุง 24 ธันวาคม 2568 (PDF),https://edu.mju.ac.th/fileDownload/900.pdf,pdf
1,เอกสารฝ่ายหลักสูตร,44,Template การจัดทำหลักสูตร OBE 2 MJU ฉบับปรับปรุง 2570,OBE 2 MJU ระดับปริญญาเอก ฉบับปรับปรุง 24 ธันวาคม 2568 (Word),https://edu.mju.ac.th/fileDownload/901.doc,doc
1,เอกสารฝ่ายหลักสูตร,44,Template การจัดทำหลักสูตร OBE 2 MJU ฉบับปรับปรุง 2570,OBE 2 MJU ระดับปริญญาเอก ฉบับปรับปรุง 24 ธันวาคม 2568 (PDF),https://edu.mju.ac.th/fileDownload/902.pdf,pdf
1,เอกสารฝ่ายหลักสูตร,28,ประกาศ/แนวปฏิบัติเอกสารเกี่ยวกับหลักสูตร,แนวปฏิบัติในการเสนอหลักสูตรใหม่และหลักสูตรปรับปรุง ระดับปริญญาตรีและระดับบัณฑิตศึกษา,https://edu.mju.ac.th/fileDownload/29.pdf,pdf
1,เอกสารฝ่ายหลักสูตร,28,ประกาศ/แนวปฏิบัติเอกสารเกี่ยวกับหลักสูตร,แนวปฏิบัติในการเขียนจำนวนหน่วยกิตรายวิชา,https://edu.mju.ac.th/fileDownload/30.pdf,pdf
1,เอกสารฝ่ายหลักสูตร,28,ประกาศ/แนวปฏิบัติเอกสารเกี่ยวกับหลักสูตร,แนวปฏิบัติในการเทียบโอนผลการเรียนระดับปริญญาเข้าสู่การเรียนในระบบ พ.ศ.2549,https://edu.mju.ac.th/fileDownload/31.pdf,pdf
1,เอกสารฝ่ายหลักสูตร,28,ประกาศ/แนวปฏิบัติเอกสารเกี่ยวกับหลักสูตร,หลักเกณฑ์การเทียบโอนผลการเรียนระดับปริญญาเข้าสู่การศึกษาในระบบ พ.ศ.2545,https://edu.mju.ac.th/fileDownload/32.pdf,pdf
1,เอกสารฝ่ายหลักสูตร,28,ประกาศ/แนวปฏิบัติเอกสารเกี่ยวกับหลักสูตร,ข้อบังคับว่าด้วยการศึกษาระดับบัณฑิตศึกษา พ.ศ.2555,https://edu.mju.ac.th/fileDownload/64.pdf,pdf
1,เอกสารฝ่ายหลักสูตร,28,ประกาศ/แนวปฏิบัติเอกสารเกี่ยวกับหลักสูตร,แนวปฏิบัติในการเผยแพร่ผลงานวิจัยตามเงื่อนไขเพื่อการสำเร็จการศึกษาของนักศึกษาระดับบัณฑิตศึกษา,https://edu.mju.ac.th/fileDownload/65.pdf,pdf
1,เอกสารฝ่ายหลักสูตร,28,ประกาศ/แนวปฏิบัติเอกสารเกี่ยวกับหลักสูตร,แนวปฏิบัติการแต่งตั้งคณะกรรมการพัฒนา/ปรับปรุงหลักสูตรและคณะกรรมการวิพากษ์หลักสูตร,https://edu.mju.ac.th/fileDownload/66.pdf,pdf
1,เอกสารฝ่ายหลักสูตร,28,ประกาศ/แนวปฏิบัติเอกสารเกี่ยวกับหลักสูตร,แนวปฏิบัติการแต่งตั้งคณะกรรมการพัฒนา-ปรับปรุงหลักสูตร และคณะกรรมการวิพากษ์หลักสูตร ฉบับปี พ.ศ.2558,https://edu.mju.ac.th/fileDownload/323.pdf,pdf
1,เอกสารฝ่ายหลักสูตร,28,ประกาศ/แนวปฏิบัติเอกสารเกี่ยวกับหลักสูตร,มาตรฐานการอุดมศึกษาและเกณฑ์มาตรฐานที่เกี่ยวข้อง,https://edu.mju.ac.th/fileDownload/151020151129253.pdf,pdf
1,เอกสารฝ่ายหลักสูตร,28,ประกาศ/แนวปฏิบัติเอกสารเกี่ยวกับหลักสูตร,เอกสารเกี่ยวกับเกณฑ์มาตรฐานหลักสูตร พ.ศ. 2558,https://edu.mju.ac.th/fileDownload/11220161610944.pdf,pdf
1,เอกสารฝ่ายหลักสูตร,28,ประกาศ/แนวปฏิบัติเอกสารเกี่ยวกับหลักสูตร,หลักเกณฑ์การแต่งตั้งอาจารย์ประจำหลักสูตร พ.ศ. 2548,https://edu.mju.ac.th/fileDownload/69.pdf,pdf
1,เอกสารฝ่ายหลักสูตร,28,ประกาศ/แนวปฏิบัติเอกสารเกี่ยวกับหลักสูตร,หลักเกณฑ์การแต่งตั้งอาจารย์ผู้รับผิดชอบหลักสูตร พ.ศ. 2558,https://edu.mju.ac.th/fileDownload/310.pdf,pdf
1,เอกสารฝ่ายหลักสูตร,28,ประกาศ/แนวปฏิบัติเอกสารเกี่ยวกับหลักสูตร,กำหนดประเภทรายจ่ายฯ คณะกรรมการพัฒนาหลักสูตรฯ,https://edu.mju.ac.th/fileDownload/325.pdf,pdf
1,เอกสารฝ่ายหลักสูตร,28,ประกาศ/แนวปฏิบัติเอกสารเกี่ยวกับหลักสูตร,กำหนดประเภทรายจ่ายฯ อาจารย์ผู้รับผิดชอบหลักสูตร,https://edu.mju.ac.th/fileDownload/326.pdf,pdf
1,เอกสารฝ่ายหลักสูตร,28,ประกาศ/แนวปฏิบัติเอกสารเกี่ยวกับหลักสูตร,แนวปฏิบัติในการพิจารณาหลักสูตรระดับ ป.ตรี ที่มีแขนง-กลุ่มวิชา,https://edu.mju.ac.th/fileDownload/327.pdf,pdf
1,เอกสารฝ่ายหลักสูตร,28,ประกาศ/แนวปฏิบัติเอกสารเกี่ยวกับหลักสูตร,การแต่งตั้งคณะกรรมการพัฒนา-ปรับปรุงหลักสูตร-และคณะกรรมการวิพากษ์หลักสูตร,https://edu.mju.ac.th/fileDownload/256.pdf,pdf
1,เอกสารฝ่ายหลักสูตร,28,ประกาศ/แนวปฏิบัติเอกสารเกี่ยวกับหลักสูตร,ตัวอย่างแบบตอบรับการเป็นคณะกรรมการพัฒนา-ปรับปรุง-และวิพากษ์หลักสูตร,https://edu.mju.ac.th/fileDownload/258.pdf,pdf
1,เอกสารฝ่ายหลักสูตร,28,ประกาศ/แนวปฏิบัติเอกสารเกี่ยวกับหลักสูตร,แบบตอบรับการเป็นคณะกรรมการพัฒนา_ปรับปรุงหลักสูตร-และคณะกรรมการวิพากษ์หลักสูตร,https://edu.mju.ac.th/fileDownload/259.doc,doc
1,เอกสารฝ่ายหลักสูตร,28,ประกาศ/แนวปฏิบัติเอกสารเกี่ยวกับหลักสูตร,หลักเกณฑ์การกำหนดรหัสวิชาของหลักสูตร,https://edu.mju.ac.th/fileDownload/605.pdf,pdf
1,เอกสารฝ่ายหลักสูตร,28,ประกาศ/แนวปฏิบัติเอกสารเกี่ยวกับหลักสูตร,บทสรุปภาพรวมของหลักสูตรระดับปริญญาเอก,https://edu.mju.ac.th/fileDownload/139.doc,doc
1,เอกสารฝ่ายหลักสูตร,28,ประกาศ/แนวปฏิบัติเอกสารเกี่ยวกับหลักสูตร,บทสรุปภาพรวมของหลักสูตรระดับปริญญาโท,https://edu.mju.ac.th/fileDownload/140.doc,doc
1,เอกสารฝ่ายหลักสูตร,28,ประกาศ/แนวปฏิบัติเอกสารเกี่ยวกับหลักสูตร,บทสรุปภาพรวมของหลักสูตรระดับปริญญาตรี,https://edu.mju.ac.th/fileDownload/141.doc,doc
1,เอกสารฝ่ายหลักสูตร,28,ประกาศ/แนวปฏิบัติเอกสารเกี่ยวกับหลักสูตร,ไฟล์รายชื่ออาจารย์ผู้รับผิดชอบหลักสูตร (อัพเดทวันที่ 3 ส.ค. 2561),https://edu.mju.ac.th/fileDownload/454.xls,xls
1,เอกสารฝ่ายหลักสูตร,28,ประกาศ/แนวปฏิบัติเอกสารเกี่ยวกับหลักสูตร,แนวปฏิบัติการทวนสอบผลสัมฤทธิ์ผลการเรียนรู้ (ไฟล์ pdf),https://edu.mju.ac.th/fileDownload/1122015115194.pdf,pdf
1,เอกสารฝ่ายหลักสูตร,28,ประกาศ/แนวปฏิบัติเอกสารเกี่ยวกับหลักสูตร,แนวปฏิบัติการทวนสอบผลสัมฤทธิ์ผลการเรียนรู้ (ไฟล์ .doc),https://edu.mju.ac.th/fileDownload/11220151152954.doc,doc
1,เอกสารฝ่ายหลักสูตร,22,ปฏิทินการเสนอหลักสูตร,กำหนดการประชุมคณะกรรมการด้านวิชาการ และกำหนดการจัดส่งเอกสารเพื่อพิจารณาในที่ประชุม ปี 2569,https://edu.mju.ac.th/fileDownload/893.pdf,pdf
1,เอกสารฝ่ายหลักสูตร,22,ปฏิทินการเสนอหลักสูตร,กำหนดการประชุมสภาวิชาการ และกำหนดการจัดส่งเอกสารเพื่อพิจารณาในที่ประชุม ประจำปี 2569,https://edu.mju.ac.th/fileDownload/807.docx,docx
1,เอกสารฝ่ายหลักสูตร,22,ปฏิทินการเสนอหลักสูตร,กำหนดการประชุมคณะกรรมการด้านวิชาการ และกำหนดการจัดส่งเอกสารเพื่อพิจารณาในที่ประชุม,https://edu.mju.ac.th/fileDownload/808.pdf,pdf
1,เอกสารฝ่ายหลักสูตร,22,ปฏิทินการเสนอหลักสูตร,ปฏิทินการประชุมคณะกรรมการชุดต่างๆ ประจำปี 2569,https://edu.mju.ac.th/fileDownload/903.pdf,pdf
1,เอกสารฝ่ายหลักสูตร,22,ปฏิทินการเสนอหลักสูตร,ปฏิทินการประชุมคณะกรรมการชุดต่างๆ ประจำปี 2568,https://edu.mju.ac.th/fileDownload/766.pdf,pdf
1,เอกสารฝ่ายหลักสูตร,22,ปฏิทินการเสนอหลักสูตร,ปฏิทินการประชุมคณะกรรมการชุดต่างๆ ประจำปี 2567,https://edu.mju.ac.th/fileDownload/744.pdf,pdf
1,เอกสารฝ่ายหลักสูตร,22,ปฏิทินการเสนอหลักสูตร,ปฏิทินการประชุมคณะกรรมการชุดต่างๆ ประจำปี 2566,https://edu.mju.ac.th/fileDownload/690.pdf,pdf
1,เอกสารฝ่ายหลักสูตร,22,ปฏิทินการเสนอหลักสูตร,ปฏิทินการประชุมคณะกรรมการชุดต่างๆ ประจำปี 2565,https://edu.mju.ac.th/fileDownload/615.pdf,pdf
1,เอกสารฝ่ายหลักสูตร,22,ปฏิทินการเสนอหลักสูตร,ปฏิทินการเสนอหลักสูตร ปี 2566,https://edu.mju.ac.th/fileDownload/ps2566.pdf,pdf
1,เอกสารฝ่ายหลักสูตร,3,เอกสาร กรอบมาตรฐานคุณวุฒิระดับอุดมศึกษาแห่งชาติ (มคอ.),Template รายละเอียดรายวิชา (OBE-3),https://edu.mju.ac.th/fileDownload/739.doc,doc
1,เอกสารฝ่ายหลักสูตร,3,เอกสาร กรอบมาตรฐานคุณวุฒิระดับอุดมศึกษาแห่งชาติ (มคอ.),Template รายละเอียดของประสบการณ์ภาคสนาม (OBE-4),https://edu.mju.ac.th/fileDownload/740.doc,doc
1,เอกสารฝ่ายหลักสูตร,3,เอกสาร กรอบมาตรฐานคุณวุฒิระดับอุดมศึกษาแห่งชาติ (มคอ.),Template รายงานการดำเนินงานของรายวิชา (OBE-5),https://edu.mju.ac.th/fileDownload/741.doc,doc
1,เอกสารฝ่ายหลักสูตร,3,เอกสาร กรอบมาตรฐานคุณวุฒิระดับอุดมศึกษาแห่งชาติ (มคอ.),Template รายงานผลการดำเนินการของประสบการณ์ภาคสนาม (OBE-6),https://edu.mju.ac.th/fileDownload/742.doc,doc
1,เอกสารฝ่ายหลักสูตร,3,เอกสาร กรอบมาตรฐานคุณวุฒิระดับอุดมศึกษาแห่งชาติ (มคอ.),แบบฟอร์ม มคอ. รายละเอียดรายวิชา (OBE-3) แก้ไขวันที่ 29 มิ.ย. 2566,https://edu.mju.ac.th/fileDownload/727.doc,doc
1,เอกสารฝ่ายหลักสูตร,3,เอกสาร กรอบมาตรฐานคุณวุฒิระดับอุดมศึกษาแห่งชาติ (มคอ.),แบบฟอร์ม มคอ. รายละเอียดของประสบการณ์ภาคสนาม (OBE-4) แก้ไขวันที่ 29 มิ.ย. 2566,https://edu.mju.ac.th/fileDownload/726.doc,doc
1,เอกสารฝ่ายหลักสูตร,3,เอกสาร กรอบมาตรฐานคุณวุฒิระดับอุดมศึกษาแห่งชาติ (มคอ.),แบบฟอร์ม มคอ.3 AUNQA (ไทย) (ผ่านสภามหาวิทยาลัย 14/6/63),https://edu.mju.ac.th/fileDownload/537.doc,doc
1,เอกสารฝ่ายหลักสูตร,3,เอกสาร กรอบมาตรฐานคุณวุฒิระดับอุดมศึกษาแห่งชาติ (มคอ.),แบบฟอร์ม มคอ.4 AUNQA (ไทย) (ผ่านสภามหาวิทยาลัย 14/6/63),https://edu.mju.ac.th/fileDownload/538.doc,doc
1,เอกสารฝ่ายหลักสูตร,3,เอกสาร กรอบมาตรฐานคุณวุฒิระดับอุดมศึกษาแห่งชาติ (มคอ.),แบบฟอร์ม มคอ.5 AUNQA (ไทย) (ผ่านสภามหาวิทยาลัย 14/6/63),https://edu.mju.ac.th/fileDownload/539.doc,doc
1,เอกสารฝ่ายหลักสูตร,3,เอกสาร กรอบมาตรฐานคุณวุฒิระดับอุดมศึกษาแห่งชาติ (มคอ.),แบบฟอร์ม มคอ.6 AUNQA (ไทย) (ผ่านสภามหาวิทยาลัย 14/6/63),https://edu.mju.ac.th/fileDownload/540.doc,doc
1,เอกสารฝ่ายหลักสูตร,3,เอกสาร กรอบมาตรฐานคุณวุฒิระดับอุดมศึกษาแห่งชาติ (มคอ.),แบบฟอร์ม มคอ.3 AUNQA (ENG) (ผ่านสภามหาวิทยาลัย 14/6/63),https://edu.mju.ac.th/fileDownload/541.doc,doc
1,เอกสารฝ่ายหลักสูตร,3,เอกสาร กรอบมาตรฐานคุณวุฒิระดับอุดมศึกษาแห่งชาติ (มคอ.),แบบฟอร์ม มคอ.7 รายงานผลการดำเนินงานหลักสูตร ระดับปริญญาตรี,https://edu.mju.ac.th/fileDownload/141020151511941.doc,doc
1,เอกสารฝ่ายหลักสูตร,3,เอกสาร กรอบมาตรฐานคุณวุฒิระดับอุดมศึกษาแห่งชาติ (มคอ.),แบบฟอร์ม มคอ.7 รายงานผลการดำเนินงานหลักสูตร ระดับบัณฑิตศึกษา,https://edu.mju.ac.th/fileDownload/141020151511566.doc,doc
1,เอกสารฝ่ายหลักสูตร,3,เอกสาร กรอบมาตรฐานคุณวุฒิระดับอุดมศึกษาแห่งชาติ (มคอ.),แบบฟอร์ม มคอ.4 AUNQA (ENG) (ผ่านสภามหาวิทยาลัย 14/6/63),https://edu.mju.ac.th/fileDownload/542.doc,doc
1,เอกสารฝ่ายหลักสูตร,3,เอกสาร กรอบมาตรฐานคุณวุฒิระดับอุดมศึกษาแห่งชาติ (มคอ.),แบบฟอร์ม มคอ.5 AUNQA (ENG) (ผ่านสภามหาวิทยาลัย 14/6/63),https://edu.mju.ac.th/fileDownload/543.doc,doc
1,เอกสารฝ่ายหลักสูตร,3,เอกสาร กรอบมาตรฐานคุณวุฒิระดับอุดมศึกษาแห่งชาติ (มคอ.),แบบฟอร์ม มคอ.6 AUNQA (ENG) (ผ่านสภามหาวิทยาลัย 14/6/63),https://edu.mju.ac.th/fileDownload/544.doc,doc
1,เอกสารฝ่ายหลักสูตร,3,เอกสาร กรอบมาตรฐานคุณวุฒิระดับอุดมศึกษาแห่งชาติ (มคอ.),คู่มือการเขียน มคอ.3 รายวิชาศึกษาทั่วไปและรายวิชาหมวดวิชาเลือกเสรี,https://edu.mju.ac.th/fileDownload/545.doc,doc
1,เอกสารฝ่ายหลักสูตร,3,เอกสาร กรอบมาตรฐานคุณวุฒิระดับอุดมศึกษาแห่งชาติ (มคอ.),ประกาศกระทรวงศึกษาธิการ มคอ.1 สาขาวิชาคอมพิวเตอร์ พ.ศ.2552,https://edu.mju.ac.th/fileDownload/141020151358378.pdf,pdf
1,เอกสารฝ่ายหลักสูตร,3,เอกสาร กรอบมาตรฐานคุณวุฒิระดับอุดมศึกษาแห่งชาติ (มคอ.),ประกาศกระทรวงศึกษาธิการ เรื่อง มาตรฐานคุณวุฒิระดับปริญญาตรี สาขาวิชาภาษาอังกฤษ พ.ศ. 2560,https://edu.mju.ac.th/fileDownload/522.pdf,pdf
1,เอกสารฝ่ายหลักสูตร,3,เอกสาร กรอบมาตรฐานคุณวุฒิระดับอุดมศึกษาแห่งชาติ (มคอ.),ราชกิจจานุเบกษา มคอ.1 สาขาวิชาภาษาอังกฤษ พ.ศ.2560,https://edu.mju.ac.th/fileDownload/523.pdf,pdf
1,เอกสารฝ่ายหลักสูตร,3,เอกสาร กรอบมาตรฐานคุณวุฒิระดับอุดมศึกษาแห่งชาติ (มคอ.),ประกาศกระทรวงศึกษาธิการ เรื่อง มาตรฐานคุณวุฒิระดับปริญญาตรี สาขาเทคโนโลยี พ.ศ. 2560,https://edu.mju.ac.th/fileDownload/524.pdf,pdf
1,เอกสารฝ่ายหลักสูตร,3,เอกสาร กรอบมาตรฐานคุณวุฒิระดับอุดมศึกษาแห่งชาติ (มคอ.),ราชกิจจานุเบกษา มคอ.1 สาขาวิชาภาษาไทย พ.ศ.2554,https://edu.mju.ac.th/fileDownload/525.pdf,pdf
1,เอกสารฝ่ายหลักสูตร,3,เอกสาร กรอบมาตรฐานคุณวุฒิระดับอุดมศึกษาแห่งชาติ (มคอ.),ประกาศกระทรวงศึกษาธิการ เรื่อง มาตรฐานคุณวุฒิระดับปริญญาตรี สาขาวิชาภาษาไทย พ.ศ. 2554,https://edu.mju.ac.th/fileDownload/526.pdf,pdf
1,เอกสารฝ่ายหลักสูตร,3,เอกสาร กรอบมาตรฐานคุณวุฒิระดับอุดมศึกษาแห่งชาติ (มคอ.),ราชกิจจานุเบกษา มคอ.1 สาขาวิชาเทคโนโลยี พ.ศ.2560,https://edu.mju.ac.th/fileDownload/527.pdf,pdf
1,เอกสารฝ่ายหลักสูตร,3,เอกสาร กรอบมาตรฐานคุณวุฒิระดับอุดมศึกษาแห่งชาติ (มคอ.),Mapping สาขาวิชาภาษาอังกฤษ,https://edu.mju.ac.th/fileDownload/528.doc,doc
1,เอกสารฝ่ายหลักสูตร,3,เอกสาร กรอบมาตรฐานคุณวุฒิระดับอุดมศึกษาแห่งชาติ (มคอ.),Mapping สาขาวิชาเทคโนโลยี 2560,https://edu.mju.ac.th/fileDownload/529.doc,doc
1,เอกสารฝ่ายหลักสูตร,3,เอกสาร กรอบมาตรฐานคุณวุฒิระดับอุดมศึกษาแห่งชาติ (มคอ.),Mapping สาขาวิชาภาษาไทย,https://edu.mju.ac.th/fileDownload/530.doc,doc
1,เอกสารฝ่ายหลักสูตร,3,เอกสาร กรอบมาตรฐานคุณวุฒิระดับอุดมศึกษาแห่งชาติ (มคอ.),ประกาศกระทรวงศึกษาธิการ มคอ.1 สาขาวิชาการท่องเที่ยวและการโรงแรม พ.ศ.2553,https://edu.mju.ac.th/fileDownload/14102015140347.pdf,pdf
1,เอกสารฝ่ายหลักสูตร,3,เอกสาร กรอบมาตรฐานคุณวุฒิระดับอุดมศึกษาแห่งชาติ (มคอ.),ประกาศกระทรวงศึกษาธิการ มคอ.1 สาขาวิชาวิศวกรรมศาสตร์ พ.ศ.2553,https://edu.mju.ac.th/fileDownload/1410201514181.pdf,pdf
1,เอกสารฝ่ายหลักสูตร,3,เอกสาร กรอบมาตรฐานคุณวุฒิระดับอุดมศึกษาแห่งชาติ (มคอ.),ประกาศกระทรวงศึกษาธิการ มคอ.1 สาขาวิชาการบัญชี พ.ศ.2553,https://edu.mju.ac.th/fileDownload/14102015144253.pdf,pdf
1,เอกสารฝ่ายหลักสูตร,3,เอกสาร กรอบมาตรฐานคุณวุฒิระดับอุดมศึกษาแห่งชาติ (มคอ.),ประกาศกระทรวงศึกษาธิการ มคอ.1 สาขาวิทยาศาสตร์และคณิตศาสตร์ พ.ศ.2554,https://edu.mju.ac.th/fileDownload/14102015146144.pdf,pdf
1,เอกสารฝ่ายหลักสูตร,3,เอกสาร กรอบมาตรฐานคุณวุฒิระดับอุดมศึกษาแห่งชาติ (มคอ.),ประกาศกระทรวงศึกษาธิการ มคอ.1 สาขาวิชารัฐประศาสนศาสตร์ พ.ศ.2558,https://edu.mju.ac.th/fileDownload/141020151416816.pdf,pdf
1,เอกสารฝ่ายหลักสูตร,3,เอกสาร กรอบมาตรฐานคุณวุฒิระดับอุดมศึกษาแห่งชาติ (มคอ.),ราชกิจจานุเบกษา มคอ.1 สาขาวิชาคอมพิวเตอร์ พ.ศ.2552,https://edu.mju.ac.th/fileDownload/141020151419175.pdf,pdf
1,เอกสารฝ่ายหลักสูตร,3,เอกสาร กรอบมาตรฐานคุณวุฒิระดับอุดมศึกษาแห่งชาติ (มคอ.),ราชกิจจานุเบกษา มคอ.1 สาขาวิชาการท่องเที่ยวและการโรงแรม พ.ศ.2553,https://edu.mju.ac.th/fileDownload/141020151429347.pdf,pdf
1,เอกสารฝ่ายหลักสูตร,3,เอกสาร กรอบมาตรฐานคุณวุฒิระดับอุดมศึกษาแห่งชาติ (มคอ.),ราชกิจจานุเบกษา มคอ.1 สาขาวิชาวิศวกรรมศาสตร์ พ.ศ.2553,https://edu.mju.ac.th/fileDownload/141020151433472.pdf,pdf
1,เอกสารฝ่ายหลักสูตร,3,เอกสาร กรอบมาตรฐานคุณวุฒิระดับอุดมศึกษาแห่งชาติ (มคอ.),ราชกิจจานุเบกษา มคอ.1 สาขาวิชาการบัญชี พ.ศ.2553,https://edu.mju.ac.th/fileDownload/141020151443300.pdf,pdf
1,เอกสารฝ่ายหลักสูตร,3,เอกสาร กรอบมาตรฐานคุณวุฒิระดับอุดมศึกษาแห่งชาติ (มคอ.),ราชกิจจานุเบกษา มคอ.1 สาขาวิชาวิทยาศาสตร์และคณิตศาสตร์ พ.ศ.2554,https://edu.mju.ac.th/fileDownload/1410201514443.pdf,pdf
1,เอกสารฝ่ายหลักสูตร,3,เอกสาร กรอบมาตรฐานคุณวุฒิระดับอุดมศึกษาแห่งชาติ (มคอ.),ราชกิจจานุเบกษา มคอ.1 สาขาวิชารัฐประศาสนศาสตร์ พ.ศ.2558,https://edu.mju.ac.th/fileDownload/141020151445363.pdf,pdf
1,เอกสารฝ่ายหลักสูตร,3,เอกสาร กรอบมาตรฐานคุณวุฒิระดับอุดมศึกษาแห่งชาติ (มคอ.),Mapping สาขาวิชาคอมพิวเตอร์,https://edu.mju.ac.th/fileDownload/141020151446644.doc,doc
1,เอกสารฝ่ายหลักสูตร,3,เอกสาร กรอบมาตรฐานคุณวุฒิระดับอุดมศึกษาแห่งชาติ (มคอ.),Mapping สาขาวิชาการท่องเที่ยวและการโรงแรม,https://edu.mju.ac.th/fileDownload/141020151447128.doc,doc
1,เอกสารฝ่ายหลักสูตร,3,เอกสาร กรอบมาตรฐานคุณวุฒิระดับอุดมศึกษาแห่งชาติ (มคอ.),Mapping สาขาวิชาวิศวกรรมศาสตร์,https://edu.mju.ac.th/fileDownload/141020151447909.doc,doc
1,เอกสารฝ่ายหลักสูตร,3,เอกสาร กรอบมาตรฐานคุณวุฒิระดับอุดมศึกษาแห่งชาติ (มคอ.),Mapping สาขาวิชาการบัญชี,https://edu.mju.ac.th/fileDownload/141020151448613.doc,doc
1,เอกสารฝ่ายหลักสูตร,3,เอกสาร กรอบมาตรฐานคุณวุฒิระดับอุดมศึกษาแห่งชาติ (มคอ.),Mapping สาขาวิชาวิทยาศาสตร์และคณิตศาสตร์,https://edu.mju.ac.th/fileDownload/14102015153675.doc,doc
1,เอกสารฝ่ายหลักสูตร,3,เอกสาร กรอบมาตรฐานคุณวุฒิระดับอุดมศึกษาแห่งชาติ (มคอ.),Mapping สาขาวิชารัฐประศาสนศาสตร์,https://edu.mju.ac.th/fileDownload/1410201515434.doc,doc
1,เอกสารฝ่ายหลักสูตร,3,เอกสาร กรอบมาตรฐานคุณวุฒิระดับอุดมศึกษาแห่งชาติ (มคอ.),มคอ.1 สาขาวิชารัฐประศาสนศาสตร์ พ.ศ.2558,https://edu.mju.ac.th/fileDownload/14102015156472.pdf,pdf
1,เอกสารฝ่ายหลักสูตร,3,เอกสาร กรอบมาตรฐานคุณวุฒิระดับอุดมศึกษาแห่งชาติ (มคอ.),ราชกิจจานุเบกษา มคอ.1 สาขาวิชารัฐประศาสนศาสตร์ พ.ศ.2558,https://edu.mju.ac.th/fileDownload/14102015157128.pdf,pdf
1,เอกสารฝ่ายหลักสูตร,3,เอกสาร กรอบมาตรฐานคุณวุฒิระดับอุดมศึกษาแห่งชาติ (มคอ.),ตัวบ่งชี้ผลการดำเนินงาน TQF หมวดที่ 7,https://edu.mju.ac.th/fileDownload/37.doc,doc
1,เอกสารฝ่ายหลักสูตร,3,เอกสาร กรอบมาตรฐานคุณวุฒิระดับอุดมศึกษาแห่งชาติ (มคอ.),ผลการเรียนรู้ในแต่ละด้าน,https://edu.mju.ac.th/fileDownload/38.doc,doc
1,เอกสารฝ่ายหลักสูตร,3,เอกสาร กรอบมาตรฐานคุณวุฒิระดับอุดมศึกษาแห่งชาติ (มคอ.),ความสัมพันธ์ระหว่าง มคอ.2 - มคอ.7 กับระบบประกันคุณภาพการศึกษา,https://edu.mju.ac.th/fileDownload/39.doc,doc
1,เอกสารฝ่ายหลักสูตร,3,เอกสาร กรอบมาตรฐานคุณวุฒิระดับอุดมศึกษาแห่งชาติ (มคอ.),Power Point บรรยายการพัฒนาหลักสูตรตามกรอบ TQF,https://edu.mju.ac.th/fileDownload/40.ppt,ppt
1,เอกสารฝ่ายหลักสูตร,3,เอกสาร กรอบมาตรฐานคุณวุฒิระดับอุดมศึกษาแห่งชาติ (มคอ.),การขอกำหนดตำแหน่งทางวิชาการ,https://edu.mju.ac.th/fileDownload/41.ppt,ppt
1,เอกสารฝ่ายหลักสูตร,3,เอกสาร กรอบมาตรฐานคุณวุฒิระดับอุดมศึกษาแห่งชาติ (มคอ.),Power Point บรรยายการจัดทำ มคอ.3 และ มคอ.5,https://edu.mju.ac.th/fileDownload/42.ppt,ppt
1,เอกสารฝ่ายหลักสูตร,3,เอกสาร กรอบมาตรฐานคุณวุฒิระดับอุดมศึกษาแห่งชาติ (มคอ.),เอกสาร มคอ.3 และ มคอ.5 ประจำปีการศึกษา 2557,https://edu.mju.ac.th/fileDownload/TQF3and5ACAD2557.doc,doc
1,เอกสารฝ่ายหลักสูตร,3,เอกสาร กรอบมาตรฐานคุณวุฒิระดับอุดมศึกษาแห่งชาติ (มคอ.),ตารางสรุปการกำหนดคุณสมบัติอาจารย์ประจำหลักสูตรที่กำหนดใน มคอ.1,https://edu.mju.ac.th/fileDownload/14102015159425.pdf,pdf
1,เอกสารฝ่ายหลักสูตร,3,เอกสาร กรอบมาตรฐานคุณวุฒิระดับอุดมศึกษาแห่งชาติ (มคอ.),ตารางสรุปการกำหนดสัดส่วนอาจารย์ต่อนักศึกษาที่กำหนดใน มคอ.1,https://edu.mju.ac.th/fileDownload/141020151510644.pdf,pdf
1,เอกสารฝ่ายหลักสูตร,17,ประกาศที่เกี่ยวข้องกับ TQF,แนวทางการปฏิบัติตามกรอบมาตรฐานคุณวุฒิระดับอุดมศึกษาแห่งชาติ (ฉบับที่ 3) พ.ศ.2558,https://edu.mju.ac.th/fileDownload/220.pdf,pdf
1,เอกสารฝ่ายหลักสูตร,17,ประกาศที่เกี่ยวข้องกับ TQF,แนวทางการปฏิบัติตามกรอบมาตรฐานคุณวุฒิระดับอุดมศึกษาแห่งชาติ (ฉบับที่ 2) พ.ศ.2554,https://edu.mju.ac.th/fileDownload/221.pdf,pdf
1,เอกสารฝ่ายหลักสูตร,17,ประกาศที่เกี่ยวข้องกับ TQF,แนวทางการปฏิบัติตามกรอบมาตรฐานคุณวุฒิระดับอุดมศึกษาแห่งชาติ พ.ศ.2552,https://edu.mju.ac.th/fileDownload/222.pdf,pdf
1,เอกสารฝ่ายหลักสูตร,17,ประกาศที่เกี่ยวข้องกับ TQF,ประกาศราชกิจจานุเบกษา เรื่อง กรอบมาตรฐานคุณวุฒิระดับอุดมศึกษาแห่งชาติ พ.ศ.2552,https://edu.mju.ac.th/fileDownload/223.pdf,pdf
1,เอกสารฝ่ายหลักสูตร,17,ประกาศที่เกี่ยวข้องกับ TQF,ประกาศกระทรวงศึกษาธิการ เรื่อง กรอบมาตรฐานคุณวุฒิระดับอุดมศึกษาแห่งชาติ พ.ศ.2552,https://edu.mju.ac.th/fileDownload/224.pdf,pdf
1,เอกสารฝ่ายหลักสูตร,24,เอกสาร / Template การจัดทำหลักสูตร,ปรัชญาการศึกษา มหาวิทยาลัยแม่โจ้,https://edu.mju.ac.th/fileDownload/557.pdf,pdf
1,เอกสารฝ่ายหลักสูตร,24,เอกสาร / Template การจัดทำหลักสูตร,แบบเสนอเชิงหลักการ Concept Paper เพื่อขอปรับปรุงหลักสูตร,https://edu.mju.ac.th/fileDownload/640.doc,doc
1,เอกสารฝ่ายหลักสูตร,24,เอกสาร / Template การจัดทำหลักสูตร,แบบเสนอหลักสูตรประกาศนียบัตร-Non-Degreeฯ-กก.ด้านวิชาการ-11-2563-16-กย-63 (ไฟล์ pdf),https://edu.mju.ac.th/fileDownload/559.pdf,pdf
1,เอกสารฝ่ายหลักสูตร,24,เอกสาร / Template การจัดทำหลักสูตร,แบบเสนอหลักสูตรประกาศนียบัตร-Non-Degreeฯ-กก.ด้านวิชาการ-11-2563-16-กย-63 (ไฟล์ word),https://edu.mju.ac.th/fileDownload/560.docx,docx
1,เอกสารฝ่ายหลักสูตร,24,เอกสาร / Template การจัดทำหลักสูตร,มคอ.2 รายละเอียดหลักสูตร,https://edu.mju.ac.th/fileDownload/345.pdf,pdf
1,เอกสารฝ่ายหลักสูตร,24,เอกสาร / Template การจัดทำหลักสูตร,แบบรายงานข้อมูลการพิจารณารายละเอียดหลักสูตรตามกรอบมาตรฐานคุณวุฒิระดับปริญญาตรี,https://edu.mju.ac.th/fileDownload/346.doc,doc
1,เอกสารฝ่ายหลักสูตร,24,เอกสาร / Template การจัดทำหลักสูตร,แบบรายงานข้อมูลการพิจารณารายละเอียดหลักสูตรตามกรอบมาตรฐานคุณวุฒิระดับปริญญาโท,https://edu.mju.ac.th/fileDownload/347.doc,doc
1,เอกสารฝ่ายหลักสูตร,24,เอกสาร / Template การจัดทำหลักสูตร,แบบรายงานข้อมูลการพิจารณารายละเอียดหลักสูตรตามกรอบมาตรฐานคุณวุฒิระดับปริญญาเอก,https://edu.mju.ac.th/fileDownload/348.doc,doc
1,เอกสารฝ่ายหลักสูตร,24,เอกสาร / Template การจัดทำหลักสูตร,แบบรายงานข้อมูลจำนวนหนังสือใช้สำหรับปีการศึกษา 2563,https://edu.mju.ac.th/fileDownload/561.doc,doc
1,เอกสารฝ่ายหลักสูตร,24,เอกสาร / Template การจัดทำหลักสูตร,แบบรายงานข้อมูลจำนวนหนังสือใช้สำหรับปีการศึกษา 2560,https://edu.mju.ac.th/fileDownload/352.doc,doc
1,เอกสารฝ่ายหลักสูตร,24,เอกสาร / Template การจัดทำหลักสูตร,มาตรฐานผลการเรียนรู้ 5 ด้าน ระดับปริญญาตรี (ผ่านสภาฯ 13 พ.ย. 59),https://edu.mju.ac.th/fileDownload/349.doc,doc
1,เอกสารฝ่ายหลักสูตร,24,เอกสาร / Template การจัดทำหลักสูตร,มาตรฐานผลการเรียนรู้ 5 ด้าน ระดับปริญญาโท (ผ่านสภาฯ 5 ก.พ. 60),https://edu.mju.ac.th/fileDownload/350.doc,doc
1,เอกสารฝ่ายหลักสูตร,24,เอกสาร / Template การจัดทำหลักสูตร,มาตรฐานผลการเรียนรู้ 5 ด้าน ระดับปริญญาเอก (ผ่านสภาฯ 5 ก.พ. 60),https://edu.mju.ac.th/fileDownload/351.doc,doc
1,เอกสารฝ่ายหลักสูตร,24,เอกสาร / Template การจัดทำหลักสูตร,แบบรายงานข้อมูลจำนวนหนังสือ สำหรับปีการศึกษา 2564,https://edu.mju.ac.th/fileDownload/641.doc,doc
1,เอกสารฝ่ายหลักสูตร,24,เอกสาร / Template การจัดทำหลักสูตร,Template มคอ.2 ตามเกณฑ์ 2565 ระดับปริญญาตรี,https://edu.mju.ac.th/fileDownload/732.doc,doc
1,เอกสารฝ่ายหลักสูตร,24,เอกสาร / Template การจัดทำหลักสูตร,Template มคอ.2 ตามเกณฑ์ 2565 ระดับปริญญาโท,https://edu.mju.ac.th/fileDownload/733.doc,doc
1,เอกสารฝ่ายหลักสูตร,24,เอกสาร / Template การจัดทำหลักสูตร,Template มคอ.2 ตามเกณฑ์ 2565 ระดับปริญญาเอก,https://edu.mju.ac.th/fileDownload/734.doc,doc
1,เอกสารฝ่ายหลักสูตร,24,เอกสาร / Template การจัดทำหลักสูตร,Template บทสรุปภาพรวมของหลักสูตร ระดับปริญญาเอก,https://edu.mju.ac.th/fileDownload/736.doc,doc
1,เอกสารฝ่ายหลักสูตร,24,เอกสาร / Template การจัดทำหลักสูตร,Template บทสรุปภาพรวมของหลักสูตร ระดับปริญญาโท,https://edu.mju.ac.th/fileDownload/737.doc,doc
1,เอกสารฝ่ายหลักสูตร,24,เอกสาร / Template การจัดทำหลักสูตร,Template บทสรุปภาพรวมของหลักสูตร ระดับปริญญาตรี,https://edu.mju.ac.th/fileDownload/738.doc,doc
1,เอกสารฝ่ายหลักสูตร,19,ปฏิทินการดำเนินงาน มคอ.,ปฏิทินการดําเนินงานตามกรอบมาตรฐานคุณวุฒิ เพื่อการประกันคุณภาพหลักสูตรฯ OBE 3 ถึง OBE 6 ปีการศึกษา 2569,https://edu.mju.ac.th/fileDownload/892.pdf,pdf
1,เอกสารฝ่ายหลักสูตร,19,ปฏิทินการดำเนินงาน มคอ.,ปฏิทินการดำเนินงานตามกรอบมาตรฐานคุณวุฒิ เพื่อการประกันคุณภาพหลักสูตรฯ (มคอ. 3 (OBE 3) ถึง มคอ. 6 (OBE 6)) ปีการศึกษา 2568,https://edu.mju.ac.th/fileDownload/765.pdf,pdf
1,เอกสารฝ่ายหลักสูตร,19,ปฏิทินการดำเนินงาน มคอ.,ปฏิทินการดำเนินงานตามกรอบมาตรฐานคุณวุฒิ เพื่อการประกันคุณภาพหลักสูตรฯ (มคอ. 3 ถึง มคอ. 6) ปีการศึกษา 2567,https://edu.mju.ac.th/fileDownload/762.pdf,pdf
1,เอกสารฝ่ายหลักสูตร,19,ปฏิทินการดำเนินงาน มคอ.,ปฏิทินการดำเนินงานตามกรอบมาตรฐานคุณวุฒิ เพื่อการประกันคุณภาพหลักสูตรฯ (มคอ. 3 ถึง มคอ. 7) ปีการศึกษา 2566,https://edu.mju.ac.th/fileDownload/725.pdf,pdf
1,เอกสารฝ่ายหลักสูตร,19,ปฏิทินการดำเนินงาน มคอ.,ปฏิทินการดำเนินงานตามกรอบมาตรฐานคุณวุฒิ เพื่อการประกันคุณภาพหลักสูตรฯ (มคอ. 3 ถึง มคอ. 7) ปีการศึกษา 2565,https://edu.mju.ac.th/fileDownload/565.pdf,pdf
1,เอกสารฝ่ายหลักสูตร,25,เอกสารการพัฒนาสมรรถนะและประสิทธิภาพขอวิชาชีพอาจารย์,แนวทางส่งเสริมคุณภาพการจัดการเรียนการสอน,https://edu.mju.ac.th/fileDownload/387.pdf,pdf
1,เอกสารฝ่ายหลักสูตร,25,เอกสารการพัฒนาสมรรถนะและประสิทธิภาพขอวิชาชีพอาจารย์,กรอบมาตรฐานสมรรถนะอาจารย์ มอ. (โดย รศ.ดร.จุฑามาส ศตสุข),https://edu.mju.ac.th/fileDownload/388.pptx,pptx
1,เอกสารฝ่ายหลักสูตร,25,เอกสารการพัฒนาสมรรถนะและประสิทธิภาพขอวิชาชีพอาจารย์,KMUTT 3.0 - Because great things take time,https://edu.mju.ac.th/fileDownload/389.pdf,pdf
1,เอกสารฝ่ายหลักสูตร,25,เอกสารการพัฒนาสมรรถนะและประสิทธิภาพขอวิชาชีพอาจารย์,Professional KMUTT STANDARDS FRAMEWORK for FACULTY,https://edu.mju.ac.th/fileDownload/390.pdf,pdf
1,เอกสารฝ่ายหลักสูตร,25,เอกสารการพัฒนาสมรรถนะและประสิทธิภาพขอวิชาชีพอาจารย์,แนวทางการส่งเสริมคุณภาพการจัดการ,https://edu.mju.ac.th/fileDownload/391.pdf,pdf
1,เอกสารฝ่ายหลักสูตร,37,เอกสารที่ใช้ในการวางแผนพัฒนาหลักสูตร (สถานการณ์ภายนอก),รายการเอกสารเผยแพร่,https://edu.mju.ac.th/fileDownload/mainbcg.docx,docx
1,เอกสารฝ่ายหลักสูตร,37,เอกสารที่ใช้ในการวางแผนพัฒนาหลักสูตร (สถานการณ์ภายนอก),BCG Booklet,https://edu.mju.ac.th/fileDownload/BCGbooklet.pdf,pdf
1,เอกสารฝ่ายหลักสูตร,37,เอกสารที่ใช้ในการวางแผนพัฒนาหลักสูตร (สถานการณ์ภายนอก),BCG WhitePaper,https://edu.mju.ac.th/fileDownload/mjuBCG_WhitePaper.pdf,pdf
1,เอกสารฝ่ายหลักสูตร,37,เอกสารที่ใช้ในการวางแผนพัฒนาหลักสูตร (สถานการณ์ภายนอก),BCG in Action,https://edu.mju.ac.th/fileDownload/mjuBCG-in-action_Final.pdf,pdf
1,เอกสารฝ่ายหลักสูตร,37,เอกสารที่ใช้ในการวางแผนพัฒนาหลักสูตร (สถานการณ์ภายนอก),10 อุตสาหกรรมแห่งอนาคต,https://edu.mju.ac.th/fileDownload/mjuS-CURVE.pdf,pdf
1,เอกสารฝ่ายหลักสูตร,37,เอกสารที่ใช้ในการวางแผนพัฒนาหลักสูตร (สถานการณ์ภายนอก),แผนด้านการอุดมศึกษาเพื่อผลิตและพัฒนากำลังคนของประเทศ 2564 - 2570,https://edu.mju.ac.th/fileDownload/bcgMasterPlan.pdf,pdf
1,เอกสารฝ่ายหลักสูตร,37,เอกสารที่ใช้ในการวางแผนพัฒนาหลักสูตร (สถานการณ์ภายนอก),แผนพัฒนาการศึกษามหาวิทยาลัยแม่โจ้ ฉบับที่ 13 (พ.ศ.2565-2569),https://edu.mju.ac.th/fileDownload/bcgmjuPlan.pdf,pdf
1,เอกสารฝ่ายหลักสูตร,37,เอกสารที่ใช้ในการวางแผนพัฒนาหลักสูตร (สถานการณ์ภายนอก),แผนพัฒนาความเป็นเลิศมหาวิทยาลัยแม่โจ้ พ.ศ.2566-2570,https://edu.mju.ac.th/fileDownload/bcgMJUPlan6670.pdf,pdf
1,เอกสารฝ่ายหลักสูตร,37,เอกสารที่ใช้ในการวางแผนพัฒนาหลักสูตร (สถานการณ์ภายนอก),แผนพัฒนาเศรษฐกิจและสังคมแห่งชาติ ฉบับที่ 12,https://edu.mju.ac.th/fileDownload/bcgTHso_ecoplan.pdf,pdf
1,เอกสารฝ่ายหลักสูตร,37,เอกสารที่ใช้ในการวางแผนพัฒนาหลักสูตร (สถานการณ์ภายนอก),แผนพัฒนาเศรษฐกิจและสังคมแห่งชาติ ฉบับที่ 13(ราชกิจจานุเบกษา),https://edu.mju.ac.th/fileDownload/bcgGazettePlan13.pdf,pdf
1,เอกสารฝ่ายหลักสูตร,37,เอกสารที่ใช้ในการวางแผนพัฒนาหลักสูตร (สถานการณ์ภายนอก),แผนพัฒนาเศรษฐกิจและสังคมแห่งชาติ ฉบับที่ 13,https://edu.mju.ac.th/fileDownload/bcgTHPlan13.pdf,pdf
1,เอกสารฝ่ายหลักสูตร,37,เอกสารที่ใช้ในการวางแผนพัฒนาหลักสูตร (สถานการณ์ภายนอก),แผนยุทธศาสตร์ชาติ พ.ศ.2561 - 2580,https://edu.mju.ac.th/fileDownload/bcgTHstrategy6180.pdf,pdf
1,เอกสารฝ่ายหลักสูตร,37,เอกสารที่ใช้ในการวางแผนพัฒนาหลักสูตร (สถานการณ์ภายนอก),แผนยุทธศาสตร์ชาติ พ.ศ. 2561 - 2580(ฉบับย่อ),https://edu.mju.ac.th/fileDownload/bcgTHstrategy6180sh.pdf,pdf
1,เอกสารฝ่ายหลักสูตร,37,เอกสารที่ใช้ในการวางแผนพัฒนาหลักสูตร (สถานการณ์ภายนอก),สรุปสาระสำคัญแผนแม่บทภายใต้ยุทธศาสตร์ชาติ(2561-2580),https://edu.mju.ac.th/fileDownload/bcgStrategySummary.pdf,pdf
1,เอกสารฝ่ายหลักสูตร,27,ข้อมูลสำหรับระบบ CHECO,คู่มือการใช้งานระบบสารสนเทศการรับทราบหลักสูตรของสถาบันอุดมศึกษา,https://edu.mju.ac.th/fileDownload/432.pdf,pdf
1,เอกสารฝ่ายหลักสูตร,27,ข้อมูลสำหรับระบบ CHECO,สำเนารายงานการประชุมสภาฯ 7/2562 วันที่ 6 ตุลาคม 62 เปลี่ยนแปลงอาจารย์ผู้รับผิดชอบหลักสูตร 8 หลักสูตร,https://edu.mju.ac.th/fileDownload/519.pdf,pdf
1,เอกสารฝ่ายหลักสูตร,27,ข้อมูลสำหรับระบบ CHECO,สำเนารายงานการประชุมสภาฯ 2/2565 วันที่ 5 มีนาคม 2565 หลักสูตรพยาบาลศาสตรบัณฑิต พ.ศ.2565,https://edu.mju.ac.th/fileDownload/645.pdf,pdf
1,เอกสารฝ่ายหลักสูตร,27,ข้อมูลสำหรับระบบ CHECO,สำเนารายงานการประชุมสภาฯ 2/2565 วันที่ 5 มีนาคม 2565 หลักสูตร ป.ตรี เกษตรศาสตร์ พ.ศ.2565,https://edu.mju.ac.th/fileDownload/647.pdf,pdf
1,เอกสารฝ่ายหลักสูตร,27,ข้อมูลสำหรับระบบ CHECO,สำเนารายงานการประชุมสภาฯ 2/2565 วันที่ 5 มีนาคม 2565 หลักสูตร ป.ตรี วิทยาการคอมพิวเตอร์ พ.ศ.2565,https://edu.mju.ac.th/fileDownload/648.pdf,pdf
1,เอกสารฝ่ายหลักสูตร,27,ข้อมูลสำหรับระบบ CHECO,สำเนารายงานการประชุมสภาฯ 2/2565 วันที่ 5 มีนาคม 2565 หลักสูตร ป.ตรี ฟิสิกส์ประยุกต์ พ.ศ.2565,https://edu.mju.ac.th/fileDownload/649.pdf,pdf
1,เอกสารฝ่ายหลักสูตร,27,ข้อมูลสำหรับระบบ CHECO,สำเนารายงานการประชุมสภาฯ 2/2565 วันที่ 5 มีนาคม 2565 หลักสูตร ป.โท เศรษฐศาสตร์ประยุกต์ พ.ศ.2565,https://edu.mju.ac.th/fileDownload/650.pdf,pdf
1,เอกสารฝ่ายหลักสูตร,27,ข้อมูลสำหรับระบบ CHECO,สำเนารายงานการประชุมสภาฯ 2/2565 วันที่ 5 มีนาคม 2565 หลักสูตร ป.เอก เศรษฐศาสตร์ประยุกต์ พ.ศ.2565,https://edu.mju.ac.th/fileDownload/651.pdf,pdf
1,เอกสารฝ่ายหลักสูตร,27,ข้อมูลสำหรับระบบ CHECO,สำเนารายงานการประชุมสภาฯ 2/2565 วันที่ 5 มีนาคม 2565 หลักสูตร ป.โท พัฒนาการท่องเที่ยว พ.ศ.2565,https://edu.mju.ac.th/fileDownload/652.pdf,pdf
1,เอกสารฝ่ายหลักสูตร,27,ข้อมูลสำหรับระบบ CHECO,สำเนารายงานการประชุมสภาฯ 2/2565 วันที่ 5 มีนาคม 2565 หลักสูตร ป.เอก พัฒนาการท่องเที่ยว พ.ศ.2565,https://edu.mju.ac.th/fileDownload/653.pdf,pdf
1,เอกสารฝ่ายหลักสูตร,27,ข้อมูลสำหรับระบบ CHECO,สำเนารายงานการประชุมสภาฯ 2/2565 วันที่ 5 มีนาคม 2565 หลักสูตร ป.โท วิทยาศาสตร์และเทคโนโลยีนาโน พ.ศ.2565,https://edu.mju.ac.th/fileDownload/654.pdf,pdf
1,เอกสารฝ่ายหลักสูตร,27,ข้อมูลสำหรับระบบ CHECO,สำเนารายงานการประชุมสภาฯ 2/2565 วันที่ 5 มีนาคม 2565 หลักสูตร ป.โท เทคโนโลยีชีวภาพ พ.ศ.2565,https://edu.mju.ac.th/fileDownload/655.pdf,pdf
1,เอกสารฝ่ายหลักสูตร,27,ข้อมูลสำหรับระบบ CHECO,สำเนารายงานการประชุมสภาฯ 2/2565 วันที่ 5 มีนาคม 2565 หลักสูตร ป.โท เทคโนโลยีสิ่งแวดล้อม พ.ศ.2565,https://edu.mju.ac.th/fileDownload/656.pdf,pdf
1,เอกสารฝ่ายหลักสูตร,27,ข้อมูลสำหรับระบบ CHECO,สำเนารายงานการประชุมสภาฯ 2/2565 วันที่ 5 มีนาคม 2565 หลักสูตร ป.โท เคมีประยุกต์ พ.ศ.2565,https://edu.mju.ac.th/fileDownload/657.pdf,pdf
1,เอกสารฝ่ายหลักสูตร,27,ข้อมูลสำหรับระบบ CHECO,สำเนารายงานการประชุมสภาฯ 2/2565 วันที่ 5 มีนาคม 2565 หลักสูตร ป.เอก เคมีประยุกต์ พ.ศ.2565,https://edu.mju.ac.th/fileDownload/658.pdf,pdf
1,เอกสารฝ่ายหลักสูตร,27,ข้อมูลสำหรับระบบ CHECO,สำเนารายงานการประชุมสภาฯ 1/2565 วันที่ 22 มกราคม 2565 หลักสูตร ป.ตรี สาขาวิชาคณิตศาสตร์ พ.ศ.2565,https://edu.mju.ac.th/fileDownload/659.pdf,pdf
1,เอกสารฝ่ายหลักสูตร,27,ข้อมูลสำหรับระบบ CHECO,สำเนารายงานการประชุมสภาฯ 1/2565 วันที่ 22 มกราคม 2565 หลักสูตร ป.ตรี สาขาวิชาเคมี พ.ศ.2565,https://edu.mju.ac.th/fileDownload/660.pdf,pdf
1,เอกสารฝ่ายหลักสูตร,27,ข้อมูลสำหรับระบบ CHECO,สำเนารายงานการประชุมสภาฯ 1/2565 วันที่ 22 มกราคม 2565 หลักสูตร ป.ตรี สาขาวิชาเทคโนโลยีชีวภาพ พ.ศ.2565,https://edu.mju.ac.th/fileDownload/661.pdf,pdf
1,เอกสารฝ่ายหลักสูตร,27,ข้อมูลสำหรับระบบ CHECO,สำเนารายงานการประชุมสภาฯ 1/2565 วันที่ 22 มกราคม 2565 หลักสูตร ป.ตรี สาขาวิชาเทคโนโลยีชีวภาพทางอุตสาหกรรมเกษตร พ.ศ.2565,https://edu.mju.ac.th/fileDownload/662.pdf,pdf
1,เอกสารฝ่ายหลักสูตร,27,ข้อมูลสำหรับระบบ CHECO,สำเนารายงานการประชุมสภาฯ 1/2565 วันที่ 22 มกราคม 2565 หลักสูตรบัญชีบัณฑิต (หลักสูตรปรับปรุง พ.ศ.2565) แม่โจ้-แพร่,https://edu.mju.ac.th/fileDownload/663.pdf,pdf
1,เอกสารฝ่ายหลักสูตร,27,ข้อมูลสำหรับระบบ CHECO,สำเนารายงานการประชุมสภาฯ 1/2565 วันที่ 22 มกราคม 2565 หลักสูตร ป.ตรี สาขาวิชาสถิติและการจัดการสารสนเทศ พ.ศ.2565,https://edu.mju.ac.th/fileDownload/664.pdf,pdf
1,เอกสารฝ่ายหลักสูตร,27,ข้อมูลสำหรับระบบ CHECO,สำเนารายงานการประชุมสภาฯ 3/2565 วันที่ 23 เมษายน 2565 หลักสูตรวิทยาศาสตรบัณฑิต สาขาวิชาพืชสวน (หลักสูตรปรับปรุง พ.ศ. 2565),https://edu.mju.ac.th/fileDownload/671.pdf,pdf
1,เอกสารฝ่ายหลักสูตร,27,ข้อมูลสำหรับระบบ CHECO,สำเนารายงานการประชุมสภาฯ 3/2565 วันที่ 23 เมษายน 2565 หลักสูตรวิทยาศาสตรบัณฑิต สาขาวิชาการประมงและนวัตกรรมการผลิตสัตว์น้ำ (หลักสูตรปรับปรุง พ.ศ.2565),https://edu.mju.ac.th/fileDownload/672.pdf,pdf
1,เอกสารฝ่ายหลักสูตร,27,ข้อมูลสำหรับระบบ CHECO,สำเนารายงานการประชุมสภาฯ 3/2565 วันที่ 23 เมษายน 2565 หลักสูตรวิทยาศาสตรบัณฑิต สาขาวิชานวัตกรรมการจัดการธุรกิจประมง (หลักสูตรปรับปรุง พ.ศ. 2565),https://edu.mju.ac.th/fileDownload/673.pdf,pdf
1,เอกสารฝ่ายหลักสูตร,27,ข้อมูลสำหรับระบบ CHECO,สำเนารายงานการประชุมสภาฯ 3/2565 วันที่ 23 เมษายน 2565 หลักสูตรวิทยาศาสตรบัณฑิต สาขาวิชาเกษตรอัจฉริยะ (ต่อเนื่อง) (หลักสูตรใหม่ พ.ศ. 2565),https://edu.mju.ac.th/fileDownload/674.pdf,pdf
1,เอกสารฝ่ายหลักสูตร,27,ข้อมูลสำหรับระบบ CHECO,สำเนารายงานการประชุมสภาฯ 3/2565 วันที่ 23 เมษายน 2565 หลักสูตรวิทยาศาสตรบัณฑิต สาขาวิชาวิทยาศาสตร์และเทคโนโลยีการอาหาร (หลักสูตรปรับปรุง พ.ศ. 2565),https://edu.mju.ac.th/fileDownload/675.pdf,pdf
1,เอกสารฝ่ายหลักสูตร,27,ข้อมูลสำหรับระบบ CHECO,สำเนารายงานการประชุมสภาฯ 3/2565 วันที่ 23 เมษายน 2565 หลักสูตรวิทยาศาสตรบัณฑิต สาขาวิชาเทคโนโลยีหลังการเก็บเกี่ยว (หลักสูตรปรับปรุง พ.ศ. 2565),https://edu.mju.ac.th/fileDownload/676.pdf,pdf
1,เอกสารฝ่ายหลักสูตร,27,ข้อมูลสำหรับระบบ CHECO,สำเนารายงานการประชุมสภาฯ 3/2565 วันที่ 23 เมษายน 2565 หลักสูตรวิทยาศาสตรบัณฑิต สาขาวิชาเทคโนโลยีสารสนเทศ (หลักสูตรปรับปรุง พ.ศ. 2565),https://edu.mju.ac.th/fileDownload/677.pdf,pdf
1,เอกสารฝ่ายหลักสูตร,27,ข้อมูลสำหรับระบบ CHECO,สำเนารายงานการประชุมสภาฯ 3/2565 วันที่ 23 เมษายน 2565 หลักสูตรวิทยาศาสตรบัณฑิต สาขาวิชานวัตกรรมวัสดุ (หลักสูตรปรับปรุง พ.ศ. 2565),https://edu.mju.ac.th/fileDownload/678.pdf,pdf
1,เอกสารฝ่ายหลักสูตร,27,ข้อมูลสำหรับระบบ CHECO,สำเนารายงานการประชุมสภาฯ 3/2565 วันที่ 23 เมษายน 2565 หลักสูตรบริหารธุรกิจบัณฑิต สาขาวิชานวัตกรรมธุรกิจดิจิทัล (หลักสูตรปรับปรุง พ.ศ. 2565),https://edu.mju.ac.th/fileDownload/679.pdf,pdf
1,เอกสารฝ่ายหลักสูตร,27,ข้อมูลสำหรับระบบ CHECO,สำเนารายงานการประชุมสภาฯ 3/2565 วันที่ 23 เมษายน 2565 หลักสูตรวิทยาศาสตรมหาบัณฑิต สาขาวิชาพืชสวน (หลักสูตรปรับปรุง พ.ศ. 2565),https://edu.mju.ac.th/fileDownload/680.pdf,pdf
1,เอกสารฝ่ายหลักสูตร,27,ข้อมูลสำหรับระบบ CHECO,สำเนารายงานการประชุมสภาฯ 3/2565 วันที่ 23 เมษายน 2565 หลักสูตรวิทยาศาสตรมหาบัณฑิต สาขาวิชาสัตวศาสตร์ (หลักสูตรปรับปรุง พ.ศ. 2565),https://edu.mju.ac.th/fileDownload/681.pdf,pdf
1,เอกสารฝ่ายหลักสูตร,27,ข้อมูลสำหรับระบบ CHECO,สำเนารายงานการประชุมสภาฯ 3/2565 วันที่ 23 เมษายน 2565 หลักสูตรปรัชญาดุษฎีบัณฑิต สาขาวิชาสัตวศาสตร์ (หลักสูตรปรับปรุง พ.ศ. 2565),https://edu.mju.ac.th/fileDownload/682.pdf,pdf
1,เอกสารฝ่ายหลักสูตร,27,ข้อมูลสำหรับระบบ CHECO,สำเนารายงานการประชุมสภาฯ 3/2565 วันที่ 23 เมษายน 2565 หลักสูตรวิศวกรรมศาสตรดุษฎีบัณฑิต สาขาวิชาวิศวกรรมพลังงานทดแทน (หลักสูตรปรับปรุง พ.ศ. 2565),https://edu.mju.ac.th/fileDownload/683.pdf,pdf
1,เอกสารฝ่ายหลักสูตร,27,ข้อมูลสำหรับระบบ CHECO,สำเนารายงานการประชุมสภาฯ 3/2565 วันที่ 23 เมษายน 2565 หลักสูตรวิทยาศาสตรมหาบัณฑิต สาขาวิชาพันธุศาสตร์ (หลักสูตรปรับปรุง พ.ศ. 2565),https://edu.mju.ac.th/fileDownload/684.pdf,pdf
1,เอกสารฝ่ายหลักสูตร,27,ข้อมูลสำหรับระบบ CHECO,สำเนารายงานการประชุมสภาฯ 3/2565 วันที่ 23 เมษายน 2565 หลักสูตรปรัชญาดุษฎีบัณฑิต สาขาวิชาพันธุศาสตร์ (หลักสูตรปรับปรุง พ.ศ. 2565),https://edu.mju.ac.th/fileDownload/685.pdf,pdf
1,เอกสารฝ่ายหลักสูตร,27,ข้อมูลสำหรับระบบ CHECO,ป.ตรี สาขาวิชาวิศวกรรมฟาร์มอัจฉริยะและนวัตกรรมเกษตร (ต่อเนื่อง) หลักสูตรใหม่ พ.ศ. 2564,https://edu.mju.ac.th/fileDownload/617.pdf,pdf
1,เอกสารฝ่ายหลักสูตร,27,ข้อมูลสำหรับระบบ CHECO,การเสนอขอแก้ไขปี พ.ศ. มคอ.2 หลักสูตร ป.ตรี เทคโนโลยีอุตสาหกรรมป่าไม้ แพร่,https://edu.mju.ac.th/fileDownload/618.pdf,pdf
1,เอกสารฝ่ายหลักสูตร,27,ข้อมูลสำหรับระบบ CHECO,หลักสูตร ป.ตรี สาขาวิชาเศรษฐศาสตร์ดิจิทัลและการสหกรณ์ (หลักสูตรปรับปรุง พ.ศ. 2565),https://edu.mju.ac.th/fileDownload/619.pdf,pdf
1,เอกสารฝ่ายหลักสูตร,27,ข้อมูลสำหรับระบบ CHECO,ป.โท การจัดการและพัฒนาทรัพยากร (หลักสูตรใหม่ พ.ศ. 2564),https://edu.mju.ac.th/fileDownload/620.pdf,pdf
1,เอกสารฝ่ายหลักสูตร,27,ข้อมูลสำหรับระบบ CHECO,ป.เอก การจัดการและพัฒนาทรัพยากร (หลักสูตรใหม่ พ.ศ. 2564),https://edu.mju.ac.th/fileDownload/621.pdf,pdf
1,เอกสารฝ่ายหลักสูตร,27,ข้อมูลสำหรับระบบ CHECO,หลักสูตรนวัตกรรมเคมีอุตสาหกรรม พ.ศ. 2565,https://edu.mju.ac.th/fileDownload/622.pdf,pdf
1,เอกสารฝ่ายหลักสูตร,27,ข้อมูลสำหรับระบบ CHECO,หลักสูตรเศรษฐศาสตร์ (หลักสูตรปรับปรุง พ.ศ. 2565),https://edu.mju.ac.th/fileDownload/623.pdf,pdf
1,เอกสารฝ่ายหลักสูตร,27,ข้อมูลสำหรับระบบ CHECO,หลักสูตรเศรษฐศาสตร์เกษตรและสิ่งแวดล้อม (หลักสูตรปรับปรุง พ.ศ. 2565),https://edu.mju.ac.th/fileDownload/624.pdf,pdf
1,เอกสารฝ่ายหลักสูตร,27,ข้อมูลสำหรับระบบ CHECO,หลักสูตรบริหารธุรกิจบัณฑิต หลักสูตรปรับปรุง พ.ศ. 2565,https://edu.mju.ac.th/fileDownload/625.pdf,pdf
1,เอกสารฝ่ายหลักสูตร,27,ข้อมูลสำหรับระบบ CHECO,ป.ตรี พัฒนาการท่องเที่ยว (หลักสูตรปรับปรุง พ.ศ. 2565),https://edu.mju.ac.th/fileDownload/626.pdf,pdf
1,เอกสารฝ่ายหลักสูตร,27,ข้อมูลสำหรับระบบ CHECO,ป.เอก เศรษฐศาสตร์ดิจิทัลและนวัตกรรมการจัดการ (หลักสูตรใหม่ พ.ศ. 2564),https://edu.mju.ac.th/fileDownload/627.pdf,pdf
1,เอกสารฝ่ายหลักสูตร,27,ข้อมูลสำหรับระบบ CHECO,ป.ตรี การจัดการธุรกิจท่องเที่ยวและบริการ (หลักสูตรปรับปรุง พ.ศ. 2564),https://edu.mju.ac.th/fileDownload/628.pdf,pdf
1,เอกสารฝ่ายหลักสูตร,27,ข้อมูลสำหรับระบบ CHECO,การปิดหลักสูตรวิทยาศาสตรบัณฑิต สาขาวิชาวิทยาศาสตร์และเทคโนโลยีคอมพิวเตอร์ (หลักสูตรปรับปรุง พ.ศ. 2561) แม่โจ้ แพร่,https://edu.mju.ac.th/fileDownload/629.pdf,pdf
1,เอกสารฝ่ายหลักสูตร,27,ข้อมูลสำหรับระบบ CHECO,ป.เอก ส่งเสริมการเกษตรเเละการพัฒนาชนบท (หลักสูตรปรับปรุง พ.ศ. 2564),https://edu.mju.ac.th/fileDownload/630.pdf,pdf
1,เอกสารฝ่ายหลักสูตร,27,ข้อมูลสำหรับระบบ CHECO,หลักสูตรบัญชีบัณฑิต (หลักสูตรปรับปรุง พ.ศ.2564),https://edu.mju.ac.th/fileDownload/631.pdf,pdf
1,เอกสารฝ่ายหลักสูตร,27,ข้อมูลสำหรับระบบ CHECO,หลักสูตรบัญชีมหาบัณฑิต (หลักสูตรปรับปรุง พ.ศ. 2564),https://edu.mju.ac.th/fileDownload/632.pdf,pdf
1,เอกสารฝ่ายหลักสูตร,27,ข้อมูลสำหรับระบบ CHECO,หลักสูตรบริหารธุรกิจมหาบัณฑิต สาขาวิชาเศรษฐศาสตร์ดิจิทัลและนวัตกรรมการจัดการ (หลักสูตรนานาชาติ พ.ศ. 2564),https://edu.mju.ac.th/fileDownload/633.pdf,pdf
1,เอกสารฝ่ายหลักสูตร,27,ข้อมูลสำหรับระบบ CHECO,หลักสูตรวิศวกรรมศาสตรบัณฑิต สาขาวิชาวิศวกรรมเกษตร พ.ศ. 2564,https://edu.mju.ac.th/fileDownload/634.pdf,pdf
1,เอกสารฝ่ายหลักสูตร,27,ข้อมูลสำหรับระบบ CHECO,หลักสูตรวิศวกรรมศาสตรบัณฑิต สาขาวิชาวิศวกรรมอาหาร พ.ศ. 2564,https://edu.mju.ac.th/fileDownload/635.pdf,pdf
1,เอกสารฝ่ายหลักสูตร,27,ข้อมูลสำหรับระบบ CHECO,หลักสูตรวิศวกรรมศาสตรมหาบัณฑิต สาขาวิชาวิศวกรรมเกษตร พ.ศ. 2564,https://edu.mju.ac.th/fileDownload/636.pdf,pdf
1,เอกสารฝ่ายหลักสูตร,27,ข้อมูลสำหรับระบบ CHECO,หลักสูตรวิศวกรรมศาสตรมหาบัณฑิต สาขาวิชาวิศวกรรมอาหาร พ.ศ. 2564,https://edu.mju.ac.th/fileDownload/637.pdf,pdf
1,เอกสารฝ่ายหลักสูตร,27,ข้อมูลสำหรับระบบ CHECO,มคอ.2 หมวดวิชาศึกษาทั่วไป พ.ศ. 2564,https://edu.mju.ac.th/fileDownload/638.pdf,pdf
1,เอกสารฝ่ายหลักสูตร,27,ข้อมูลสำหรับระบบ CHECO,หลักสูตรวิทยาศาสตรบัณฑิต สาขาวิชาเทคโนโลยียางและพอลิเมอร์ พ.ศ. 2564,https://edu.mju.ac.th/fileDownload/639.pdf,pdf
1,เอกสารฝ่ายหลักสูตร,27,ข้อมูลสำหรับระบบ CHECO,สำเนารายงานการประชุมสภาฯ 1/2562 วันที่ 20 มกราคม 2562 หลักสูตร ป.โท สาขาวิชาพืชไร่,https://edu.mju.ac.th/fileDownload/493.pdf,pdf
1,เอกสารฝ่ายหลักสูตร,27,ข้อมูลสำหรับระบบ CHECO,สำเนารายงานการประชุมสภาฯ 1/2562 วันที่ 20 มกราคม 2562 หลักสูตร ป.ตรี สาขาวิชาสถาปัตยกรรม,https://edu.mju.ac.th/fileDownload/494.pdf,pdf
1,เอกสารฝ่ายหลักสูตร,27,ข้อมูลสำหรับระบบ CHECO,สำเนารายงานการประชุมสภาฯ 1/2562 วันที่ 20 มกราคม 2562 หลักสูตร ป.เอก สาขาวิชาพืชไร่,https://edu.mju.ac.th/fileDownload/495.pdf,pdf
1,เอกสารฝ่ายหลักสูตร,27,ข้อมูลสำหรับระบบ CHECO,สำเนารายงานการประชุมสภาฯ 1/2562 วันที่ 20 ม.ค. 62 เปลี่ยนแปลงอาจารย์ผู้รับผิดชอบหลักสูตร 7 หลักสูตร,https://edu.mju.ac.th/fileDownload/496.pdf,pdf
1,เอกสารฝ่ายหลักสูตร,27,ข้อมูลสำหรับระบบ CHECO,สำเนารายงานการประชุมสภาฯ 1/2562 วันที่ 20 ม.ค. 62 แนวปฏิบัติการรับรองหลักสูตรสหวิทยาการฯ,https://edu.mju.ac.th/fileDownload/497.pdf,pdf
1,เอกสารฝ่ายหลักสูตร,27,ข้อมูลสำหรับระบบ CHECO,สำเนารายงานการประชุมสภาฯ 1/2562 วันที่ 20 ม.ค.62 การแก้ไขเอกสารสมอ.08 แม่โจ้-ชุมพร 5 หลักสูตร,https://edu.mju.ac.th/fileDownload/498.pdf,pdf
1,เอกสารฝ่ายหลักสูตร,27,ข้อมูลสำหรับระบบ CHECO,สำเนารายงานการประชุมสภาฯ 1/2562 วันที่ 20 มกราคม 62 หลักสูตร ป.โท สาขาวิชาวิศวกรรมพลังงานทดแทน,https://edu.mju.ac.th/fileDownload/499.pdf,pdf
1,เอกสารฝ่ายหลักสูตร,27,ข้อมูลสำหรับระบบ CHECO,สำเนารายงานการประชุมสภาฯ 1/2562 วันที่ 20 ม.ค. 62 เปลี่ยนแปลง พ.ศ. สาขาการจัดการฯ วิทยาชุมพร,https://edu.mju.ac.th/fileDownload/500.pdf,pdf
1,เอกสารฝ่ายหลักสูตร,27,ข้อมูลสำหรับระบบ CHECO,สำเนารายงานการประชุมสภาฯ 1/2562 วันที่ 20 มกราคม 2562 หลักสูตร ป.โท สาขาวิชาการพัฒนาสุขภาพชุมชน,https://edu.mju.ac.th/fileDownload/501.pdf,pdf
1,เอกสารฝ่ายหลักสูตร,27,ข้อมูลสำหรับระบบ CHECO,สำเนารายงานการประชุมสภาฯ 1/2562 วันที่ 20 ม.ค.62 ป.โท ส่งเสริมการเกษตรและการพัฒนาชนบท,https://edu.mju.ac.th/fileDownload/502.pdf,pdf
1,เอกสารฝ่ายหลักสูตร,27,ข้อมูลสำหรับระบบ CHECO,สำเนารายงานการประชุมสภาฯ 1/2562 วันที่ 20 ม.ค. 62 การขอปิดหลักสูตร ป.โท ภาษาเพื่อการพัฒนา,https://edu.mju.ac.th/fileDownload/503.pdf,pdf
1,เอกสารฝ่ายหลักสูตร,27,ข้อมูลสำหรับระบบ CHECO,สำเนารายงานการประชุมสภาฯ 1/2562 วันที่ 20 ม.ค. 62 การขอเปิดรายวิชาใหม่ 4 รายวิชา ศป022 ศป023 มพ201และมพ202,https://edu.mju.ac.th/fileDownload/504.pdf,pdf
1,เอกสารฝ่ายหลักสูตร,27,ข้อมูลสำหรับระบบ CHECO,มติสภาฯ NO 1-61 วันที่ 7 มกราคม 2561 หลักสูตร ป.โท เคมีประยุกต์ 2560,https://edu.mju.ac.th/fileDownload/433.pdf,pdf
1,เอกสารฝ่ายหลักสูตร,27,ข้อมูลสำหรับระบบ CHECO,มติสภาฯ NO 1-61 วันที่ 7 มกราคม 2561 หลักสูตร ป.เอก เคมีประยุกต์ 2560,https://edu.mju.ac.th/fileDownload/434.pdf,pdf
1,เอกสารฝ่ายหลักสูตร,27,ข้อมูลสำหรับระบบ CHECO,มติสภาฯ NO 2-61 วันที่ 11 กุมภาพันธ์ 2561 หลักสูตร ป.โท การจัดการเทคโนโลยีหลังการเก็บเกี่ยว 2561,https://edu.mju.ac.th/fileDownload/435.pdf,pdf
1,เอกสารฝ่ายหลักสูตร,27,ข้อมูลสำหรับระบบ CHECO,มติสภาฯ NO 3-61 วันที่ 25 มีนาคม 2561 การขอปิดหลักสูตร ป.โท พัฒนาสังคมและมนุษย์,https://edu.mju.ac.th/fileDownload/436.pdf,pdf
1,เอกสารฝ่ายหลักสูตร,27,ข้อมูลสำหรับระบบ CHECO,มติสภาฯ NO 3-61 วันที่ 25 มีนาคม 2561 หลักสูตร ป.โท เทคโนโลยีการประมงและทรัพยากรทางน้ำ 2561,https://edu.mju.ac.th/fileDownload/437.pdf,pdf
1,เอกสารฝ่ายหลักสูตร,27,ข้อมูลสำหรับระบบ CHECO,มติสภาฯ NO 3-61 วันที่ 25 มีนาคม 2561 หลักสูตร ป.โท พันธุศาสตร์ 2560,https://edu.mju.ac.th/fileDownload/438.pdf,pdf
1,เอกสารฝ่ายหลักสูตร,27,ข้อมูลสำหรับระบบ CHECO,มติสภาฯ NO 3-61 วันที่ 25 มีนาคม 2561 หลักสูตร ป.เอก พันธุศาสตร์ 2560,https://edu.mju.ac.th/fileDownload/439.pdf,pdf
1,เอกสารฝ่ายหลักสูตร,27,ข้อมูลสำหรับระบบ CHECO,มติสภาฯ NO 4-61 วันที่ 6 พฤษภาคม 2561 หลักสูตร ป.ตรี การจัดการชุมชน แพร่ 2561,https://edu.mju.ac.th/fileDownload/440.pdf,pdf
1,เอกสารฝ่ายหลักสูตร,27,ข้อมูลสำหรับระบบ CHECO,มติสภาฯ NO 4-61 วันที่ 6 พฤษภาคม 2561 หลักสูตร ป.ตรี การสื่อสารดิจิทัล 2561,https://edu.mju.ac.th/fileDownload/441.pdf,pdf
1,เอกสารฝ่ายหลักสูตร,27,ข้อมูลสำหรับระบบ CHECO,มติสภาฯ NO 4-61 วันที่ 6 พฤษภาคม 2561 หลักสูตร ป.ตรี วศ.บ. พลังงานทดแทน 2561,https://edu.mju.ac.th/fileDownload/442.pdf,pdf
1,เอกสารฝ่ายหลักสูตร,27,ข้อมูลสำหรับระบบ CHECO,มติสภาฯ NO 3-61 วันที่ 25 มีนาคม 2561 หลักสูตร ป.ตรี แพร่ พัฒนาการท่องเที่ยว (หลักสูตรใหม่ 2561),https://edu.mju.ac.th/fileDownload/443.pdf,pdf
1,เอกสารฝ่ายหลักสูตร,27,ข้อมูลสำหรับระบบ CHECO,มติสภาฯ NO 3-61 วันที่ 25 มีนาคม 2561 หลักสูตร ป.ตรี แพร่ รัฐศาสตร์ (หลักสูตรใหม่ 2561),https://edu.mju.ac.th/fileDownload/444.pdf,pdf
1,เอกสารฝ่ายหลักสูตร,27,ข้อมูลสำหรับระบบ CHECO,มติสภาฯ NO 3-61 วันที่ 25 มีนาคม 2561 หลักสูตร ป.ตรี แพร่ วิทยาศาสตร์และเทคโนโลยีคอมพิวเตอร์ (หลักสูตรใหม่ 2561),https://edu.mju.ac.th/fileDownload/445.pdf,pdf
1,เอกสารฝ่ายหลักสูตร,27,ข้อมูลสำหรับระบบ CHECO,มติสภาฯ NO 3-61 วันที่ 25 มีนาคม 2561 หลักสูตร ป.ตรี แพร่ เทคโนโลยีการผลิตสัตว์ (หลักสูตรปรับปรุง 2561),https://edu.mju.ac.th/fileDownload/446.pdf,pdf
1,เอกสารฝ่ายหลักสูตร,27,ข้อมูลสำหรับระบบ CHECO,มติสภาฯ NO 3-61 วันที่ 25 มีนาคม 2561 หลักสูตร ป.ตรี ชุมพร การท่องเที่ยวเชิงบูรณาการ (หลักสูตรใหม่ 2561),https://edu.mju.ac.th/fileDownload/447.pdf,pdf
1,เอกสารฝ่ายหลักสูตร,27,ข้อมูลสำหรับระบบ CHECO,มติสภา 5-61 - 17 มิถุนายน 61 หลักสูตร ป.ตรี สาขาวิชานิเทศศาสตร์บูรณาการ 2561,https://edu.mju.ac.th/fileDownload/455.pdf,pdf
1,เอกสารฝ่ายหลักสูตร,27,ข้อมูลสำหรับระบบ CHECO,มติสภา 5-61 - 17 มิถุนายน 61 หลักสูตร ป.ตรี สาขาวิชาปฐพีศาสตร์ 2561,https://edu.mju.ac.th/fileDownload/456.pdf,pdf
1,เอกสารฝ่ายหลักสูตร,27,ข้อมูลสำหรับระบบ CHECO,มติสภา 5-61 - 17 มิถุนายน 61 หลักสูตร ป.ตรี สาขาวิชาสัตวศาสตร์ 2561,https://edu.mju.ac.th/fileDownload/457.pdf,pdf
1,เอกสารฝ่ายหลักสูตร,27,ข้อมูลสำหรับระบบ CHECO,มติสภา 5-61 - 17 มิถุนายน 61 หลักสูตร ป.โท สาขาวิชาบริหารธุรกิจ 2561,https://edu.mju.ac.th/fileDownload/458.pdf,pdf
1,เอกสารฝ่ายหลักสูตร,27,ข้อมูลสำหรับระบบ CHECO,มติสภา 5-61 - 17 มิถุนายน 61 หลักสูตร ป.โท สาขาวิชาปฐพีศาสตร์ 2561,https://edu.mju.ac.th/fileDownload/459.pdf,pdf
1,เอกสารฝ่ายหลักสูตร,27,ข้อมูลสำหรับระบบ CHECO,มติสภา 5-61 - 17 มิถุนายน 61 หลักสูตร ป.เอก สาขาวิชาบริหารธุรกิจ 2561,https://edu.mju.ac.th/fileDownload/460.pdf,pdf
1,เอกสารฝ่ายหลักสูตร,27,ข้อมูลสำหรับระบบ CHECO,มติสภา 6-61 - 5 สิงหาคม 61 หลักสูตร ป.ตรี สาขาวิชาการจัดการสำหรับผู้ประกอบการ ชุมพร 2561,https://edu.mju.ac.th/fileDownload/461.pdf,pdf
1,เอกสารฝ่ายหลักสูตร,27,ข้อมูลสำหรับระบบ CHECO,มติสภา 6-61 - 5 สิงหาคม 61 หลักสูตร ป.ตรี สาขาวิชาเทคโนโลยีภูมิทัศน์ 2561,https://edu.mju.ac.th/fileDownload/462.pdf,pdf
1,เอกสารฝ่ายหลักสูตร,27,ข้อมูลสำหรับระบบ CHECO,มติสภา 6-61 - 5 สิงหาคม 61 หลักสูตร ป.โท สาขาวิชาการออกแบบและวางแผนสิ่งแวดล้อม 2561,https://edu.mju.ac.th/fileDownload/463.pdf,pdf
1,เอกสารฝ่ายหลักสูตร,27,ข้อมูลสำหรับระบบ CHECO,มติสภา 6-61 - 5 สิงหาคม 61 หลักสูตร ป.เอก สาขาวิชาการพัฒนาทรัพยากรและส่งเสริมการเกษตร 2558,https://edu.mju.ac.th/fileDownload/464.pdf,pdf
1,เอกสารฝ่ายหลักสูตร,27,ข้อมูลสำหรับระบบ CHECO,มติสภา 7-61 -13 กันยายน 61 หลักสูตร ป.โท สาขาวิชาวิทยาศาสตร์และเทคโนโลยีการอาหาร 2560,https://edu.mju.ac.th/fileDownload/466.pdf,pdf
1,เอกสารฝ่ายหลักสูตร,27,ข้อมูลสำหรับระบบ CHECO,มติสภา 7-61 - 13 กันยายน 61 หลักสูตร ป.ตรี สาขาวิชาวิศวกรรมการอนุรักษ์พลังงาน (ต่อเนื่อง) 2561,https://edu.mju.ac.th/fileDownload/467.pdf,pdf
1,เอกสารฝ่ายหลักสูตร,27,ข้อมูลสำหรับระบบ CHECO,มติสภา 7-61 - 16 กันยายน 61 หลักสูตร ป.เอก สาขาวิชาสหวิทยาการเกษตร 2561,https://edu.mju.ac.th/fileDownload/468.pdf,pdf
1,เอกสารฝ่ายหลักสูตร,27,ข้อมูลสำหรับระบบ CHECO,มติสภา 7-61 - 16 กันยายน 61 หลักสูตร ป.โท สาขาวิชาสหวิทยาการเกษตร 2561,https://edu.mju.ac.th/fileDownload/469.pdf,pdf
1,เอกสารฝ่ายหลักสูตร,27,ข้อมูลสำหรับระบบ CHECO,มติสภา 7-61 - 16 กันยายน 61 หลักสูตร ป.เอก สาขาวิชาวิศวกรรมอาหาร 2561,https://edu.mju.ac.th/fileDownload/470.pdf,pdf
1,เอกสารฝ่ายหลักสูตร,27,ข้อมูลสำหรับระบบ CHECO,มติสภา 6 กันยายน 2561-การเปลี่ยนแปลงอาจารญืผู้รับผิดชอบหลักสูตร 14 หลักสูตร,https://edu.mju.ac.th/fileDownload/471.pdf,pdf
1,เอกสารฝ่ายหลักสูตร,27,ข้อมูลสำหรับระบบ CHECO,มติสภา 16 กันยายน 2561-แต่งตั้งอ.พิเศษที่มีคุณสมบัติไม่เป็นไปตามเกณฑ์ฯ,https://edu.mju.ac.th/fileDownload/472.pdf,pdf
1,เอกสารฝ่ายหลักสูตร,27,ข้อมูลสำหรับระบบ CHECO,มติสภา 16 ก.ย. 2561 แนวทางการแก้ไขปัญหาหลักสูตรที่ใช้ร่วมกัน 3 วิทยาเขต,https://edu.mju.ac.th/fileDownload/473.pdf,pdf
1,เอกสารฝ่ายหลักสูตร,27,ข้อมูลสำหรับระบบ CHECO,มติสภามหาวิทยาลัย ครั้งที่ 8/61 วันที่ 27 ตุลาคม 61 หลักสูตร-ป.ตรี-การส่งเสริมและสื่อสารเกษตร,https://edu.mju.ac.th/fileDownload/477.pdf,pdf
1,เอกสารฝ่ายหลักสูตร,27,ข้อมูลสำหรับระบบ CHECO,มติสภามหาวิทยาลัย ครั้งที่ 8/61 วันที่ 27 ตุลาคม 61 หลักสูตร-ป.ตรี-เทคโนโลยีการผลิตพืช,https://edu.mju.ac.th/fileDownload/478.pdf,pdf
1,เอกสารฝ่ายหลักสูตร,27,ข้อมูลสำหรับระบบ CHECO,มติสภามหาวิทยาลัย ครั้งที่ 8/61 วันที่ 27 ตุลาคม 61หลักสูตร-ป.ตรี-อารักขาพืช,https://edu.mju.ac.th/fileDownload/479.pdf,pdf
1,เอกสารฝ่ายหลักสูตร,27,ข้อมูลสำหรับระบบ CHECO,มติสภามหาวิทยาลัย ครั้งที่ 8/61 วันที่ 27 ตุลาคม 61 หลักสูตร-ป.โท-การจัดการป่าไม้-แพร่,https://edu.mju.ac.th/fileDownload/480.pdf,pdf
1,เอกสารฝ่ายหลักสูตร,27,ข้อมูลสำหรับระบบ CHECO,มติสภามหาวิทยาลัย ครั้งที่ 8/61 วันที่ 27 ตุลาคม 61 หลักสูตร-ป.โท-พัฒนาการท่องเที่ยว,https://edu.mju.ac.th/fileDownload/481.pdf,pdf
1,เอกสารฝ่ายหลักสูตร,27,ข้อมูลสำหรับระบบ CHECO,มติสภามหาวิทยาลัย ครั้งที่ 8/61 วันที่ 27 ตุลาคม 61 หลักสูตร-ป.เอก-พัฒนาการท่องเที่ยว,https://edu.mju.ac.th/fileDownload/482.pdf,pdf
1,เอกสารฝ่ายหลักสูตร,27,ข้อมูลสำหรับระบบ CHECO,มติสภามหาวิทยาลัย ครั้งที่ 10/61 วันที่ 24 พฤศจิกายน 61 หลักสูตร-ป.ตรี-เกษตรป่าไม้-แพร่-2562,https://edu.mju.ac.th/fileDownload/483.pdf,pdf
1,เอกสารฝ่ายหลักสูตร,27,ข้อมูลสำหรับระบบ CHECO,มติสภามหาวิทยาลัย ครั้งที่ 10/61 วันที่ 24 พฤศจิกายน 61 หลักสูตร-ป.ตรี-รัฐศาสตร์-เชียงใหม่-2562,https://edu.mju.ac.th/fileDownload/484.pdf,pdf
1,เอกสารฝ่ายหลักสูตร,27,ข้อมูลสำหรับระบบ CHECO,มติสภามหาวิทยาลัย ครั้งที่ 10/61 วันที่ 24 พฤศจิกายน 61 หลักสูตร-ป.โท-การบริหารสาธารณะ,https://edu.mju.ac.th/fileDownload/485.pdf,pdf
1,เอกสารฝ่ายหลักสูตร,27,ข้อมูลสำหรับระบบ CHECO,มติสภามหาวิทยาลัย ครั้งที่ 10/61 วันที่ 24 พฤศจิกายน 61 หลักสูตร-ป.เอก-บริหารศาสตร์,https://edu.mju.ac.th/fileDownload/486.pdf,pdf
1,เอกสารฝ่ายหลักสูตร,27,ข้อมูลสำหรับระบบ CHECO,มติสภามหาวิทยาลัย ครั้งที่ 8/61 วันที่ 27 ตุลาคม 61 หลักสูตร ป.เอก เทคโนโลยีการประมงและทรัพยากรทางน้ำ,https://edu.mju.ac.th/fileDownload/487.pdf,pdf
1,เอกสารฝ่ายหลักสูตร,27,ข้อมูลสำหรับระบบ CHECO,มติสภามหาวิทยาลัย ครั้งที่ 10/61 วันที่ 24 พฤศจิกายน 61 การขอแก้ไขรายวิชาเคมี ของหลักสูตรชีววิทยาประยุกต์,https://edu.mju.ac.th/fileDownload/488.pdf,pdf
1,เอกสารฝ่ายหลักสูตร,27,ข้อมูลสำหรับระบบ CHECO,มติสภามหาวิทยาลัย ครั้งที่ 10/61 วันที่ 24 พฤศจิกายน 61 หลักสูตร ป.โท การจัดการการท่องเที่ยว (นานาชาติ) 2562,https://edu.mju.ac.th/fileDownload/489.pdf,pdf
1,เอกสารฝ่ายหลักสูตร,27,ข้อมูลสำหรับระบบ CHECO,มติสภามหาวิทยาลัย ครั้งที่ 10/61 วันที่ 24 พฤศจิกายน 61 หลักสูตร ป.เอก การจัดการการท่องเที่ยว (นานาชาติ) 2562,https://edu.mju.ac.th/fileDownload/490.pdf,pdf
1,เอกสารฝ่ายหลักสูตร,27,ข้อมูลสำหรับระบบ CHECO,1.มติสภา-15 ตค.60 -หลักสูตร ป.ตรี การเพาะเลี้ยงสัตว์น้ำชายฝั่ง ชุมพร 2561,https://edu.mju.ac.th/fileDownload/399.pdf,pdf
1,เอกสารฝ่ายหลักสูตร,27,ข้อมูลสำหรับระบบ CHECO,2. มติสภา- 10 มิย. 2560 - หลักสูตร วท.บ. การประมง ป.ตรี 2560,https://edu.mju.ac.th/fileDownload/400.pdf,pdf
1,เอกสารฝ่ายหลักสูตร,27,ข้อมูลสำหรับระบบ CHECO,3. มติสภา- 23 กค. 2560 - หลักสูตร ป.ตรี เทคโนโลยีการอาหาร แพร่ ใหม่ 2560,https://edu.mju.ac.th/fileDownload/401.pdf,pdf
1,เอกสารฝ่ายหลักสูตร,27,ข้อมูลสำหรับระบบ CHECO,4.มติสภา- 19 มีค 2560 - หลักสูตร วท.บ. สถิติ 2560,https://edu.mju.ac.th/fileDownload/402.pdf,pdf
1,เอกสารฝ่ายหลักสูตร,27,ข้อมูลสำหรับระบบ CHECO,5.มติสภา- 30 เม.ย. 2560 - หลักสูตร วท.บ. เทคโนโลยีชีวภาพ 2560,https://edu.mju.ac.th/fileDownload/403.pdf,pdf
1,เอกสารฝ่ายหลักสูตร,27,ข้อมูลสำหรับระบบ CHECO,6. มติสภา-15 ตค.60 -หลักสูตร ป.ตรี พืชไร่ 2560,https://edu.mju.ac.th/fileDownload/404.pdf,pdf
1,เอกสารฝ่ายหลักสูตร,27,ข้อมูลสำหรับระบบ CHECO,7.มติสภา- 19 มีค 2560 - หลักสูตร วท.บ. เศรษบศาสตร์เกษตรและสิ่งแวดล้อม 2560,https://edu.mju.ac.th/fileDownload/405.pdf,pdf
1,เอกสารฝ่ายหลักสูตร,27,ข้อมูลสำหรับระบบ CHECO,8.มติสภา- 30 เม.ย. 2560 - หลักสูตร วท.บ. วัสดุศาสตร์ 2560,https://edu.mju.ac.th/fileDownload/406.pdf,pdf
1,เอกสารฝ่ายหลักสูตร,27,ข้อมูลสำหรับระบบ CHECO,9.มติสภา-26 พย 60 -หลักสูตร ป.ตรี ชีววิทยาประยุกต์ แพร่ ใหม่ 2561,https://edu.mju.ac.th/fileDownload/407.pdf,pdf
1,เอกสารฝ่ายหลักสูตร,27,ข้อมูลสำหรับระบบ CHECO,10.มติสภา-15 ตค.60 -หลักสูตร ป.ตรี เทคโนโลยีหลังการเก็บเกี่ยว 2560,https://edu.mju.ac.th/fileDownload/408.pdf,pdf
1,เอกสารฝ่ายหลักสูตร,27,ข้อมูลสำหรับระบบ CHECO,11.มติสภา- 30 เม.ย. 2560 - หลักสูตร วท.บ. เกษตรเคมี 2560,https://edu.mju.ac.th/fileDownload/409.pdf,pdf
1,เอกสารฝ่ายหลักสูตร,27,ข้อมูลสำหรับระบบ CHECO,12. มติสภา- 23 กค. 2560 - หลักสูตร ป.ตรี เคมีอุตสาหกรรมและเทคโนโลยีสิ่งทอ 2560,https://edu.mju.ac.th/fileDownload/410.pdf,pdf
1,เอกสารฝ่ายหลักสูตร,27,ข้อมูลสำหรับระบบ CHECO,13.มติสภา- 19 มีค 2560 - หลักสูตร ป.ตรี เทคโนโลยีชีวภาพทางอุตสาหกรรมเกษตร แพร่ ใหม่ 2560,https://edu.mju.ac.th/fileDownload/411.pdf,pdf
1,เอกสารฝ่ายหลักสูตร,27,ข้อมูลสำหรับระบบ CHECO,14.มติสภา- 30 เม.ย. 2560 - หลักสูตร ป.ตรี เศรษฐศาสตร์สหกรณ์ 2560,https://edu.mju.ac.th/fileDownload/412.pdf,pdf
1,เอกสารฝ่ายหลักสูตร,27,ข้อมูลสำหรับระบบ CHECO,15. มติสภา- 23 กค. 2560 - หลักสูตร วท.บ. วิทยาศาสตร์และเทคโนโลยีการอาหาร 2560,https://edu.mju.ac.th/fileDownload/413.pdf,pdf
1,เอกสารฝ่ายหลักสูตร,27,ข้อมูลสำหรับระบบ CHECO,16. มติสภา- 23 กค. 2560 - หลักสูตร ศศ.บ. ภาษาอังกฤษ 2560,https://edu.mju.ac.th/fileDownload/414.pdf,pdf
1,เอกสารฝ่ายหลักสูตร,27,ข้อมูลสำหรับระบบ CHECO,17.มติสภา- 30 เม.ย. 2560 - หลักสูตร ป.ตรี บริหารธุรกิจ 2560,https://edu.mju.ac.th/fileDownload/415.pdf,pdf
1,เอกสารฝ่ายหลักสูตร,27,ข้อมูลสำหรับระบบ CHECO,18.มติสภา-26 พย 60 -หลักสูตร ป.ตรี การตลาด แพร่ ใหม่ 2561,https://edu.mju.ac.th/fileDownload/416.pdf,pdf
1,เอกสารฝ่ายหลักสูตร,27,ข้อมูลสำหรับระบบ CHECO,19.มติสภา- 23 กค. 2560 - หลักสูตร ป.ตรี บัญชีบัณฑิต 2560,https://edu.mju.ac.th/fileDownload/417.pdf,pdf
1,เอกสารฝ่ายหลักสูตร,27,ข้อมูลสำหรับระบบ CHECO,20.มติสภา- 19 มีค 2560 - หลักสูตร ป.ตรี เศรษฐศาสตร์ประยุกต์เพื่อการพัฒนาชุมชน แพร่ ใหม่ 2560,https://edu.mju.ac.th/fileDownload/418.pdf,pdf
1,เอกสารฝ่ายหลักสูตร,27,ข้อมูลสำหรับระบบ CHECO,21.มติสภา- 19 มีค 2560 - หลักสูตร ป.ตรี ระบบสารสนเทศทางธุรกิจ 2560,https://edu.mju.ac.th/fileDownload/419.pdf,pdf
1,เอกสารฝ่ายหลักสูตร,27,ข้อมูลสำหรับระบบ CHECO,22.มติสภา- 19 มีค 2560 - หลักสูตร ป.ตรี เศรษฐศาสตร์ 2560,https://edu.mju.ac.th/fileDownload/420.pdf,pdf
1,เอกสารฝ่ายหลักสูตร,27,ข้อมูลสำหรับระบบ CHECO,23.มติสภา- 30 เม.ย. 2560 - หลักสูตร ป.โท เศรษฐศาสตร์ประยุกต์ 2560,https://edu.mju.ac.th/fileDownload/421.pdf,pdf
1,เอกสารฝ่ายหลักสูตร,27,ข้อมูลสำหรับระบบ CHECO,24.มติสภา- 5 กพ 2560 - หลักสูตร ปร.ด. สัตวศาสตร์ 2560,https://edu.mju.ac.th/fileDownload/422.pdf,pdf
1,เอกสารฝ่ายหลักสูตร,27,ข้อมูลสำหรับระบบ CHECO,25.มติสภา- 5 กพ 2560 - หลักสูตร วศ.ด. วิศวกรรมพลังงานทดแทน 2560,https://edu.mju.ac.th/fileDownload/423.pdf,pdf
1,เอกสารฝ่ายหลักสูตร,27,ข้อมูลสำหรับระบบ CHECO,26.มติสภา- 23 กค. 2560 - หลักสูตร วท.ม. สัตวศาสตร์ 2561,https://edu.mju.ac.th/fileDownload/424.pdf,pdf
1,เอกสารฝ่ายหลักสูตร,27,ข้อมูลสำหรับระบบ CHECO,27.มติสภา- 30 เม.ย. 2560 - หลักสูตร ป.เอก เศรษฐศาสตร์ประยุกต์ 2560,https://edu.mju.ac.th/fileDownload/425.pdf,pdf
1,เอกสารฝ่ายหลักสูตร,27,ข้อมูลสำหรับระบบ CHECO,28. มติสภา- 10 มิย. 2560 - หลักสูตร วศ.ม. วิศวกรรมเกษตร ป.โท 2559,https://edu.mju.ac.th/fileDownload/426.pdf,pdf
1,เอกสารฝ่ายหลักสูตร,27,ข้อมูลสำหรับระบบ CHECO,29.มติสภา- 23 กค. 2560 - หลักสูตร วท.ม. วิทยาศาสตร์และเทคโนโลยีนาโน,https://edu.mju.ac.th/fileDownload/427.pdf,pdf
1,เอกสารฝ่ายหลักสูตร,27,ข้อมูลสำหรับระบบ CHECO,30.มติสภา-15 ตค.60 -หลักสูตร ป.โท พืชสวน 2560,https://edu.mju.ac.th/fileDownload/428.pdf,pdf
1,เอกสารฝ่ายหลักสูตร,27,ข้อมูลสำหรับระบบ CHECO,31.มติสภา- 10 มิย. 2560 - หลักสูตร วท.ม. เทคโนโลยีสิ่งแวดล้อม 2560,https://edu.mju.ac.th/fileDownload/429.pdf,pdf
1,เอกสารฝ่ายหลักสูตร,27,ข้อมูลสำหรับระบบ CHECO,32. มติสภา- 23 กค. 2560 - หลักสูตร วท.ม. การพัฒนาภูมิสังคมอย่างยั่งยืน 2560,https://edu.mju.ac.th/fileDownload/430.pdf,pdf
1,เอกสารฝ่ายหลักสูตร,27,ข้อมูลสำหรับระบบ CHECO,33. มติสภา- 30 เมย 2560 - หลักสูตร ศศ.ม. ภาษาเพื่อการพัฒนา 2560,https://edu.mju.ac.th/fileDownload/431.pdf,pdf
1,เอกสารฝ่ายหลักสูตร,27,ข้อมูลสำหรับระบบ CHECO,มติสภา 5-60 - 26 พย 60 หลักสูตร ป.ตรี สาขาวิชารัฐประศาสนศาสตร์ 2560,https://edu.mju.ac.th/fileDownload/448.pdf,pdf
1,เอกสารฝ่ายหลักสูตร,27,ข้อมูลสำหรับระบบ CHECO,มติสภา 5-60 - 26 พย 60 หลักสูตร ป.ตรี สาขาวิชาวิทยาการสมุนไพร 2560,https://edu.mju.ac.th/fileDownload/449.pdf,pdf
1,เอกสารฝ่ายหลักสูตร,27,ข้อมูลสำหรับระบบ CHECO,มติสภา 5-60 - 26 พย 60 หลักสูตร ป.โท การสื่อสารดิจิทัล ปรับปรุง 2560,https://edu.mju.ac.th/fileDownload/450.pdf,pdf
1,เอกสารฝ่ายหลักสูตร,27,ข้อมูลสำหรับระบบ CHECO,มติสภา 5-60 - 26 พย 60 หลักสูตรชีววิทยาประยุกต์ หลักสูตรใหม่ พ.ศ. 2561 แพร่,https://edu.mju.ac.th/fileDownload/451.pdf,pdf
1,เอกสารฝ่ายหลักสูตร,20,รายชื่อคุณวุฒิที่รับรองจาก ก.ค.ศ.,รายชื่อคุณวุฒิที่ กคศ รับรองเพื่อประโยชน์ในการบรรจุและแต่งตั้งเป็นข้าราชการครูฯ เพิ่มเติม 31-ตุลาคม-2566 (เศรษฐศาสตร์เกษตรและสิ่งแวดล้อม หลักสูตรปรับปรุง พ.ศ.2565),https://edu.mju.ac.th/fileDownload/748.pdf,pdf
1,เอกสารฝ่ายหลักสูตร,20,รายชื่อคุณวุฒิที่รับรองจาก ก.ค.ศ.,รายชื่อคุณวุฒิที่ กคศ รับรองเพื่อประโยชน์ในการบรรจุและแต่งตั้งเป็นข้าราชการครูฯ เพิ่มเติม 31-ตุลาคม-2566,https://edu.mju.ac.th/fileDownload/747.pdf,pdf
1,เอกสารฝ่ายหลักสูตร,20,รายชื่อคุณวุฒิที่รับรองจาก ก.ค.ศ.,รายชื่อคุณวุฒิที่ กคศ รับรองเพื่อประโยชน์ในการบรรจุและแต่งตั้งเป็นข้าราชการครูฯ เพิ่มเติม 24-มีนาคม-2566,https://edu.mju.ac.th/fileDownload/716.pdf,pdf
1,เอกสารฝ่ายหลักสูตร,20,รายชื่อคุณวุฒิที่รับรองจาก ก.ค.ศ.,รายชื่อหลักสูตรที่ ก.ค.ศ. รับรอง (วิศวกรรมฟาร์มอัจฉริยะ และ การบริหารสาธารณะ (เพิ่มเติม 6 ธ.ค. 2566),https://edu.mju.ac.th/fileDownload/752.pdf,pdf
1,เอกสารฝ่ายหลักสูตร,20,รายชื่อคุณวุฒิที่รับรองจาก ก.ค.ศ.,รายชื่อหลักสูตรที่ ก.ค.ศ. รับรอง (เทคโนโลยีชีวภาพ และ นวัตกรรมการจัดการธุรกิจประมง (เพิ่มเติม 24 ม.ค. 2567),https://edu.mju.ac.th/fileDownload/753.pdf,pdf
1,เอกสารฝ่ายหลักสูตร,20,รายชื่อคุณวุฒิที่รับรองจาก ก.ค.ศ.,"รายชื่อหลักสูตรที่ ก.ค.ศ. รับรอง (วิทยาศาสตร์และเทคโนโลยีการอาหาร, บริหารธุรกิจบัณฑิต, วิศวกรรมการอนุรักษ์พลังงาน, บัญชีบัณฑิต (เพิ่มเติม 24 ม.ค. 2567))",https://edu.mju.ac.th/fileDownload/754.pdf,pdf
1,เอกสารฝ่ายหลักสูตร,20,รายชื่อคุณวุฒิที่รับรองจาก ก.ค.ศ.,รายชื่อคุณวุฒิที่ กคศ รับรองเพื่อประโยชน์ในการบรรจุและแต่งตั้งเป็นข้าราชการครูฯ เพิ่มเติม 16-มีนาคม-2566,https://edu.mju.ac.th/fileDownload/719.pdf,pdf
1,เอกสารฝ่ายหลักสูตร,20,รายชื่อคุณวุฒิที่รับรองจาก ก.ค.ศ.,รายชื่อคุณวุฒิที่ กคศ รับรองเพื่อประโยชน์ในการบรรจุและแต่งตั้งเป็นข้าราชการครูฯ เพิ่มเติม 26-กรกฎาคม-2566,https://edu.mju.ac.th/fileDownload/729.pdf,pdf
1,เอกสารฝ่ายหลักสูตร,20,รายชื่อคุณวุฒิที่รับรองจาก ก.ค.ศ.,รายชื่อคุณวุฒิที่ กคศ รับรองเพื่อประโยชน์ในการบรรจุและแต่งตั้งเป็นข้าราชการครูฯ เพิ่มเติม 3-สิงหาคม-2566 (4 คุณวุฒิ),https://edu.mju.ac.th/fileDownload/730.pdf,pdf
1,เอกสารฝ่ายหลักสูตร,20,รายชื่อคุณวุฒิที่รับรองจาก ก.ค.ศ.,รายชื่อคุณวุฒิที่ กคศ รับรองเพื่อประโยชน์ในการบรรจุและแต่งตั้งเป็นข้าราชการครูฯ เพิ่มเติม 3-สิงหาคม-2566 (6 คุณวุฒิ),https://edu.mju.ac.th/fileDownload/731.pdf,pdf
1,เอกสารฝ่ายหลักสูตร,20,รายชื่อคุณวุฒิที่รับรองจาก ก.ค.ศ.,รายชื่อคุณวุฒิที่ กคศ รับรองเพื่อประโยชน์ในการบรรจุและแต่งตั้งเป็นข้าราชการครูฯ เพิ่มเติม 23-มิถุนายน-2565,https://edu.mju.ac.th/fileDownload/717.pdf,pdf
1,เอกสารฝ่ายหลักสูตร,20,รายชื่อคุณวุฒิที่รับรองจาก ก.ค.ศ.,รายชื่อคุณวุฒิที่ กคศ รับรองเพื่อประโยชน์ในการบรรจุและแต่งตั้งเป็นข้าราชการครูฯ เพิ่มเติม 25-มกราคม-2565,https://edu.mju.ac.th/fileDownload/715.pdf,pdf
1,เอกสารฝ่ายหลักสูตร,20,รายชื่อคุณวุฒิที่รับรองจาก ก.ค.ศ.,รายชื่อคุณวุฒิที่ กคศ รับรองเพื่อประโยชน์ในการบรรจุและแต่งตั้งเป็นข้าราชการครูฯ เพิ่มเติม 23-พฤศจิกายน-2564,https://edu.mju.ac.th/fileDownload/718.pdf,pdf
1,เอกสารฝ่ายหลักสูตร,20,รายชื่อคุณวุฒิที่รับรองจาก ก.ค.ศ.,รายชื่อคุณวุฒิที่ กคศ รับรองเพื่อประโยชน์ในการบรรจุและแต่งตั้งเป็นข้าราชการครูฯ เพิ่มเติม 27-สิงหาคม-2564,https://edu.mju.ac.th/fileDownload/713.pdf,pdf
1,เอกสารฝ่ายหลักสูตร,20,รายชื่อคุณวุฒิที่รับรองจาก ก.ค.ศ.,รายชื่อคุณวุฒิที่ ก.ค.ศ. รับรองเพื่อประโยชน์ในการบรรจุและแต่งตั้งเป็นข้าราชการครูฯ เพิ่มเติม 31 พ.ค. 2564,https://edu.mju.ac.th/fileDownload/603.pdf,pdf
1,เอกสารฝ่ายหลักสูตร,20,รายชื่อคุณวุฒิที่รับรองจาก ก.ค.ศ.,รายชื่อคุณวุฒิที่ กคศ รับรองเพื่อประโยชน์ในการบรรจุและแต่งตั้งเป็นข้าราชการครูฯ เพิ่มเติม 30-มีนาคม-2564 (1 คุณวุฒิ),https://edu.mju.ac.th/fileDownload/712.pdf,pdf
1,เอกสารฝ่ายหลักสูตร,20,รายชื่อคุณวุฒิที่รับรองจาก ก.ค.ศ.,รายชื่อคุณวุฒิที่ กคศ รับรองเพื่อประโยชน์ในการบรรจุและแต่งตั้งเป็นข้าราชการครูฯ เพิ่มเติม 18-เมษายน-2543(18หลักสูตร),https://edu.mju.ac.th/fileDownload/720.pdf,pdf
1,เอกสารฝ่ายหลักสูตร,20,รายชื่อคุณวุฒิที่รับรองจาก ก.ค.ศ.,รายชื่อคุณวุฒิที่ กคศ รับรองเพื่อประโยชน์ในการบรรจุและแต่งตั้งเป็นข้าราชการครูฯ เพิ่มเติม 30-พฤษภาคม-2545(4คุณวุฒิ),https://edu.mju.ac.th/fileDownload/721.pdf,pdf
1,เอกสารฝ่ายหลักสูตร,20,รายชื่อคุณวุฒิที่รับรองจาก ก.ค.ศ.,รายชื่อคุณวุฒิที่ กคศ รับรองเพื่อประโยชน์ในการบรรจุและแต่งตั้งเป็นข้าราชการครูฯ (การจัดการและพัฒนาทรัพยากร หลักสูตรใหม่ พ.ศ.2564),https://edu.mju.ac.th/fileDownload/722.pdf,pdf
1,เอกสารฝ่ายหลักสูตร,20,รายชื่อคุณวุฒิที่รับรองจาก ก.ค.ศ.,รายชื่อคุณวุฒิที่ กคศ รับรองเพื่อประโยชน์ในการบรรจุและแต่งตั้งเป็นข้าราชการครูฯ (เศรษฐศาสตร์ดิจิทัลและนวัตกรรมการจัดการ หลักสูตรใหม่ นานาชาติ พ.ศ.2564),https://edu.mju.ac.th/fileDownload/723.pdf,pdf
1,เอกสารฝ่ายหลักสูตร,20,รายชื่อคุณวุฒิที่รับรองจาก ก.ค.ศ.,รายชื่อคุณวุฒิที่ กคศ รับรองเพื่อประโยชน์ในการบรรจุและแต่งตั้งเป็นข้าราชการครูฯ (รัฐประศาสนศาสตร์ หลักสูตรปรับปรุง พ.ศ.2565),https://edu.mju.ac.th/fileDownload/724.pdf,pdf
1,เอกสารฝ่ายหลักสูตร,20,รายชื่อคุณวุฒิที่รับรองจาก ก.ค.ศ.,รายชื่อคุณวุฒิที่ กคศ รับรองเพื่อประโยชน์ในการบรรจุและแต่งตั้งเป็นข้าราชการครูฯ เพิ่มเติม 3-พฤษภาคม-2556 (8 คุณวุฒิ),https://edu.mju.ac.th/fileDownload/728.pdf,pdf
1,เอกสารฝ่ายหลักสูตร,20,รายชื่อคุณวุฒิที่รับรองจาก ก.ค.ศ.,รายชื่อคุณวุฒิที่ ก.ค.ศ. รับรองเพื่อประโยชน์ในการบรรจุและแต่งตั้งเป็นข้าราชการครูฯ เพิ่มเติม 30 มี.ค. 2564,https://edu.mju.ac.th/fileDownload/592.pdf,pdf
1,เอกสารฝ่ายหลักสูตร,20,รายชื่อคุณวุฒิที่รับรองจาก ก.ค.ศ.,รายชื่อคุณวุฒิที่ ก.ค.ศ. รับรองเพื่อประโยชน์ในการบรรจุและแต่งตั้งเป็นข้าราชการครูฯ 20 เม.ย. 2553,https://edu.mju.ac.th/fileDownload/284.pdf,pdf
1,เอกสารฝ่ายหลักสูตร,10,สถานภาพหลักสูตร,ทะเบียนรายชื่อ อ.ประจำหลักสูตร(ผ่านคณะกรรมการวิชาการ ครั้งที่ 9/2559 เมื่อ 21 ก.ย. 59),https://edu.mju.ac.th/fileDownload/286.xls,xls
1,เอกสารฝ่ายหลักสูตร,10,สถานภาพหลักสูตร,รหัสหลักสูตรที่ผ่านการรับทราบจาก สกอ.,https://edu.mju.ac.th/fileDownload/124.pdf,pdf
1,เอกสารฝ่ายหลักสูตร,10,สถานภาพหลักสูตร,สรุปจำนวนหลักสูตรที่มีรหัสหลักสูตรจาก สกอ. (New),https://edu.mju.ac.th/fileDownload/194201695883.pdf,pdf
1,เอกสารฝ่ายหลักสูตร,10,สถานภาพหลักสูตร,ขั้นตอนการเสนอ/การขอปรับปรุงรายวิชา,https://edu.mju.ac.th/fileDownload/137.pdf,pdf
1,เอกสารฝ่ายหลักสูตร,10,สถานภาพหลักสูตร,ขั้นตอนการเสนอ/การขอเปิดรายวิชาใหม่,https://edu.mju.ac.th/fileDownload/138.pdf,pdf
1,เอกสารฝ่ายหลักสูตร,10,สถานภาพหลักสูตร,แบบฟอร์ม สมอ.08 ระดับปริญญาตรี,https://edu.mju.ac.th/fileDownload/568.doc,doc
1,เอกสารฝ่ายหลักสูตร,10,สถานภาพหลักสูตร,แบบฟอร์ม สมอ.08 ระดับปริญญาโท-เอก,https://edu.mju.ac.th/fileDownload/569.doc,doc
1,เอกสารฝ่ายหลักสูตร,10,สถานภาพหลักสูตร,แบบตรวจสอบเอกสารประกอบการขอเปลี่ยนแปลงอาจารย์ประจำหลักสูตร,https://edu.mju.ac.th/fileDownload/570.docx,docx
1,เอกสารฝ่ายหลักสูตร,10,สถานภาพหลักสูตร,แบบตรวจสอบเอกสารประกอบการขอเปลี่ยนแปลงอาจารย์ผู้รับผิดชอบหลักสูตร,https://edu.mju.ac.th/fileDownload/571.docx,docx
1,เอกสารฝ่ายหลักสูตร,10,สถานภาพหลักสูตร,เอกสารแนบ 1 ประวัติและผลงานของอาจารย์ผู้รับผิดชอบหลักสูตร,https://edu.mju.ac.th/fileDownload/572.doc,doc
1,เอกสารฝ่ายหลักสูตร,10,สถานภาพหลักสูตร,สรุปร้อยละการดำเนินการปรับปรุงหลักสูตรให้เป็นไปตามกรอบ TQF,https://edu.mju.ac.th/fileDownload/133.pdf,pdf
1,เอกสารฝ่ายหลักสูตร,10,สถานภาพหลักสูตร,สถานภาพหลักสูตรระดับปริญญาตรี,https://edu.mju.ac.th/fileDownload/134.pdf,pdf
1,เอกสารฝ่ายหลักสูตร,10,สถานภาพหลักสูตร,สถานภาพหลักสูตรระดับปริญญาโท,https://edu.mju.ac.th/fileDownload/135.pdf,pdf
1,เอกสารฝ่ายหลักสูตร,10,สถานภาพหลักสูตร,สถานภาพหลักสูตรระดับปริญญาเอก,https://edu.mju.ac.th/fileDownload/136.pdf,pdf
1,เอกสารฝ่ายหลักสูตร,10,สถานภาพหลักสูตร,ตัวอย่างรายชื่ออาจารย์ผู้สอน สาขาวิชาเคมี ระดับปริญญาตรี,https://edu.mju.ac.th/fileDownload/161020151539553.pdf,pdf
1,เอกสารฝ่ายหลักสูตร,10,สถานภาพหลักสูตร,ตัวอย่างรายชื่ออาจารย์ผู้สอน สาขาวิชาเคมีประยุกต์ ระดับปริญญาโท,https://edu.mju.ac.th/fileDownload/161020151541756.pdf,pdf
1,เอกสารฝ่ายหลักสูตร,10,สถานภาพหลักสูตร,ตัวอย่างรายชื่ออาจารย์ผู้สอน สาขาวิชาเคมีประยุกต์ ระดับปริญญาเอก,https://edu.mju.ac.th/fileDownload/161020151541569.pdf,pdf
1,เอกสารฝ่ายหลักสูตร,10,สถานภาพหลักสูตร,แบบฟอร์มรายชื่ออาจารย์ผู้สอน ระดับปริญญาตรี,https://edu.mju.ac.th/fileDownload/16102015154137.docx,docx
1,เอกสารฝ่ายหลักสูตร,10,สถานภาพหลักสูตร,แบบฟอร์มรายชื่ออาจารย์ผู้สอน ระดับปริญญาโท,https://edu.mju.ac.th/fileDownload/16102015154269.docx,docx
1,เอกสารฝ่ายหลักสูตร,10,สถานภาพหลักสูตร,แบบฟอร์มรายชื่ออาจารย์ผู้สอน ระดับปริญญาเอก,https://edu.mju.ac.th/fileDownload/161020151542600.docx,docx
1,เอกสารฝ่ายหลักสูตร,6,เอกสารเกี่ยวกับรายวิชา,แบบฟอร์มการขอเปิดรายวิชา,https://edu.mju.ac.th/fileDownload/112.doc,doc
1,เอกสารฝ่ายหลักสูตร,6,เอกสารเกี่ยวกับรายวิชา,แบบฟอร์มการขอปรับปรุงรายวิชา,https://edu.mju.ac.th/fileDownload/113.doc,doc
1,เอกสารฝ่ายหลักสูตร,6,เอกสารเกี่ยวกับรายวิชา,ขั้นตอนการเสนอรายวิชา และแผนผังการเสนอรายวิชา,https://edu.mju.ac.th/fileDownload/505.pdf,pdf
1,เอกสารฝ่ายหลักสูตร,6,เอกสารเกี่ยวกับรายวิชา,รายวิชาเลือกเสรี คณะศิลปศาสตร์ตามหลักเกณฑ์การกำหนดรหัสรายวิชาของหลักสูตร พ.ศ. 2564 (รหัสวิชา 8 หลัก),https://edu.mju.ac.th/fileDownload/595.pdf,pdf
1,เอกสารฝ่ายหลักสูตร,6,เอกสารเกี่ยวกับรายวิชา,รายวิชาศึกษาทั่วไป ฉบับปรับปรุง ปี พ.ศ.2564,https://edu.mju.ac.th/fileDownload/691.pdf,pdf
1,เอกสารฝ่ายหลักสูตร,6,เอกสารเกี่ยวกับรายวิชา,รายวิชา ศป032 ภาษาไทยสำหรับชาวต่างชาติ,https://edu.mju.ac.th/fileDownload/1942016953973.pdf,pdf
1,เอกสารฝ่ายหลักสูตร,6,เอกสารเกี่ยวกับรายวิชา,รายวิชาในกลุ่มศึกษาทั่วไป พ.ศ.2557 ข้อมูล ณ วันที่ 29 ต.ค.2557,https://edu.mju.ac.th/fileDownload/101.pdf,pdf
1,เอกสารฝ่ายหลักสูตร,6,เอกสารเกี่ยวกับรายวิชา,มาตรฐานผลการเรียนรู้ 5 ด้าน ระดับปริญญาตรี (ผ่านสภาฯ 13 พ.ย.59),https://edu.mju.ac.th/fileDownload/337.doc,doc
1,เอกสารฝ่ายหลักสูตร,6,เอกสารเกี่ยวกับรายวิชา,มาตรฐานผลการเรียนรู้ 5 ด้าน ระดับปริญญาโท (ผ่านสภาฯ 5 ก.พ.60),https://edu.mju.ac.th/fileDownload/338.doc,doc
1,เอกสารฝ่ายหลักสูตร,6,เอกสารเกี่ยวกับรายวิชา,มาตรฐานผลการเรียนรู้ 5 ด้าน ระดับปริญญาเอก (ผ่านสภาฯ 5 ก.พ.60),https://edu.mju.ac.th/fileDownload/339.doc,doc
1,เอกสารฝ่ายหลักสูตร,6,เอกสารเกี่ยวกับรายวิชา,ผลการเรียนรู้ในระดับปริญญาโทและปริญญาเอก (ปรับปรุง 17/3/2558),https://edu.mju.ac.th/fileDownload/116.doc,doc
1,เอกสารฝ่ายหลักสูตร,6,เอกสารเกี่ยวกับรายวิชา,แบบฟอร์มแต่งตั้งอาจารย์พิเศษ,https://edu.mju.ac.th/fileDownload/118.doc,doc
1,เอกสารฝ่ายหลักสูตร,6,เอกสารเกี่ยวกับรายวิชา,แบบรายงานข้อมูลจำนวนหนังสือใช้สำหรับปีการศึกษา 2558,https://edu.mju.ac.th/fileDownload/119.pdf,pdf
1,เอกสารฝ่ายหลักสูตร,6,เอกสารเกี่ยวกับรายวิชา,แบบรายงานข้อมูลจำนวนหนังสือใช้สำหรับปีการศึกษา 2559,https://edu.mju.ac.th/fileDownload/255.pdf,pdf
1,เอกสารฝ่ายหลักสูตร,6,เอกสารเกี่ยวกับรายวิชา,แบบรายงานข้อมูลจำนวนหนังสือใช้สำหรับปีการศึกษา 2560,https://edu.mju.ac.th/fileDownload/336.pdf,pdf
1,เอกสารฝ่ายหลักสูตร,23,คู่มือระบบ AUN-QA,คู่มือ AUN-QA (เวอร์ชั่นภาษาไทย),https://edu.mju.ac.th/fileDownload/334.pdf,pdf
1,เอกสารฝ่ายหลักสูตร,26,ขั้นตอนการเสนอหลักสูตร ฉบับปี 2561,ขั้นตอนการเสนอหลักสูตร,https://edu.mju.ac.th/fileDownload/395.pdf,pdf
2,เอกสารฝ่ายทะเบียน,13,ปฏิทินการศึกษา,ปฏิทินการศึกษา 2569,https://edu.mju.ac.th/fileDownload/891.pdf,pdf
2,เอกสารฝ่ายทะเบียน,13,ปฏิทินการศึกษา,ปฏิทินการศึกษา 2569 (ระดับบัณฑิตศึกษา),https://edu.mju.ac.th/fileDownload/913.pdf,pdf
2,เอกสารฝ่ายทะเบียน,13,ปฏิทินการศึกษา,ปฏิทินการศึกษา 2568,https://edu.mju.ac.th/fileDownload/767.pdf,pdf
2,เอกสารฝ่ายทะเบียน,13,ปฏิทินการศึกษา,ประกาศเปลี่ยนแปลงปฏิทินการศึกษา ประจำภาคเรียนที่ 3/2567,https://edu.mju.ac.th/fileDownload/809.pdf,pdf
2,เอกสารฝ่ายทะเบียน,13,ปฏิทินการศึกษา,ปฏิทินการศึกษา 2567,https://edu.mju.ac.th/fileDownload/746.pdf,pdf
2,เอกสารฝ่ายทะเบียน,13,ปฏิทินการศึกษา,ปฏิทินการศึกษา 2566,https://edu.mju.ac.th/fileDownload/709.pdf,pdf
2,เอกสารฝ่ายทะเบียน,13,ปฏิทินการศึกษา,ปฏิทินการศึกษา 2565,https://edu.mju.ac.th/fileDownload/646.pdf,pdf
2,เอกสารฝ่ายทะเบียน,41,รอบการอนุมัติวันที่สำเร็จการศึกษา,รอบวันที่จบ ปีการศึกษา 2568,https://edu.mju.ac.th/fileDownload/904.pdf,pdf
2,เอกสารฝ่ายทะเบียน,41,รอบการอนุมัติวันที่สำเร็จการศึกษา,รอบวันที่จบ ปีการศึกษา 2567,https://edu.mju.ac.th/fileDownload/768.pdf,pdf
2,เอกสารฝ่ายทะเบียน,41,รอบการอนุมัติวันที่สำเร็จการศึกษา,รอบวันที่จบ ปีการศึกษา 2566,https://edu.mju.ac.th/fileDownload/749.pdf,pdf
2,เอกสารฝ่ายทะเบียน,41,รอบการอนุมัติวันที่สำเร็จการศึกษา,รอบวันที่จบ ปีการศึกษา 2565,https://edu.mju.ac.th/fileDownload/710.pdf,pdf
2,เอกสารฝ่ายทะเบียน,8,ขั้นตอนการทำงาน,แนวปฏิบัติการส่งผลการศึกษาของนักศึกษาระดับบัณฑิตศึกษา,https://edu.mju.ac.th/fileDownload/341.pdf,pdf
2,เอกสารฝ่ายทะเบียน,8,ขั้นตอนการทำงาน,ขั้นตอนการอนุมัติปริญญาแก่ผู้สำเร็จการศึกษาของนักศึกษาระดับบัณฑิตศึกษา,https://edu.mju.ac.th/fileDownload/342.pdf,pdf
2,เอกสารฝ่ายทะเบียน,8,ขั้นตอนการทำงาน,ขั้นตอนการเสนอลงนามใบปริญญาบัตร ประจำปีการศึกษา 2559-2560,https://edu.mju.ac.th/fileDownload/344.pdf,pdf
2,เอกสารฝ่ายทะเบียน,8,ขั้นตอนการทำงาน,การเทียบโอนหน่วยกิตและผลการเรียน,https://edu.mju.ac.th/fileDownload/357.pdf,pdf
2,เอกสารฝ่ายทะเบียน,8,ขั้นตอนการทำงาน,คู่มือการตรวจสอบนักศึกษาที่มีผลคะแนนต่ำกว่าเกณฑ์,https://edu.mju.ac.th/fileDownload/556.pdf,pdf
2,เอกสารฝ่ายทะเบียน,8,ขั้นตอนการทำงาน,ขั้นตอนการส่งผลคะแนนนักศึกษาระดับปริญญาตรี (ส่งเกรด),https://edu.mju.ac.th/fileDownload/125.pdf,pdf
2,เอกสารฝ่ายทะเบียน,8,ขั้นตอนการทำงาน,ขั้นตอนการตรวจสอบและสำเร็จการศึกษา,https://edu.mju.ac.th/fileDownload/126.pdf,pdf
2,เอกสารฝ่ายทะเบียน,30,ข้อมูลรายวิชา,รายวิชาที่เทียบโอนได้,https://edu.mju.ac.th/fileDownload/573.pdf,pdf
2,เอกสารฝ่ายทะเบียน,11,ขั้นตอนการลงทะเบียนออนไลน์,การเข้าสู่ระบบ,https://edu.mju.ac.th/fileDownload/login.pdf,pdf
2,เอกสารฝ่ายทะเบียน,11,ขั้นตอนการลงทะเบียนออนไลน์,การเปลี่ยนรหัสผ่าน,https://maejonet.mju.ac.th/wtms_newsDetail.aspx?nID=14054&lang=th-TH,
2,เอกสารฝ่ายทะเบียน,11,ขั้นตอนการลงทะเบียนออนไลน์,ลืมรหัสผ่าน,https://maejonet.mju.ac.th/wtms_newsDetail.aspx?nID=25182&lang=th-TH,
2,เอกสารฝ่ายทะเบียน,11,ขั้นตอนการลงทะเบียนออนไลน์,การลงทะเบียนปกติ,https://edu.mju.ac.th/fileDownload/enroll.pdf,pdf
2,เอกสารฝ่ายทะเบียน,11,ขั้นตอนการลงทะเบียนออนไลน์,การเพิ่มรายวิชา,https://edu.mju.ac.th/fileDownload/add.pdf,pdf
2,เอกสารฝ่ายทะเบียน,11,ขั้นตอนการลงทะเบียนออนไลน์,การถอนรายวิชา,https://edu.mju.ac.th/fileDownload/drop.pdf,pdf
2,เอกสารฝ่ายทะเบียน,11,ขั้นตอนการลงทะเบียนออนไลน์,การเปลี่ยนกลุ่มรายวิชา,https://edu.mju.ac.th/fileDownload/change.pdf,pdf
2,เอกสารฝ่ายทะเบียน,11,ขั้นตอนการลงทะเบียนออนไลน์,การตรวจสอบผลการลงทะเบียน,https://edu.mju.ac.th/fileDownload/result.pdf,pdf
2,เอกสารฝ่ายทะเบียน,11,ขั้นตอนการลงทะเบียนออนไลน์,การแก้ไขปัญหา / ข้อผิดพลาด (ยืนยันการลงทะเบียนไม่ได้),https://edu.mju.ac.th/fileDownload/solve.pdf,pdf
2,เอกสารฝ่ายทะเบียน,31,เอกสาร & คู่มือ,คู่มืออาจารย์ที่ปรึกษา,https://edu.mju.ac.th/fileDownload/574.pdf,pdf
2,เอกสารฝ่ายทะเบียน,31,เอกสาร & คู่มือ,คู่มือการปฏิบัติงานการกำหนดรหัสประจำตัวนักศึกษาใหม่ ระดับปริญญาตรี,https://edu.mju.ac.th/fileDownload/928.pdf,pdf
2,เอกสารฝ่ายทะเบียน,21,เอกสารเผยแพร่,ขั้นตอนการส่งผลคะแนนนักศึกษา (เกรด),https://edu.mju.ac.th/fileDownload/289.pdf,pdf
2,เอกสารฝ่ายทะเบียน,21,เอกสารเผยแพร่,ขั้นตอนการบอกเลิกรายวิชา โดยได้รับอักษร W,https://edu.mju.ac.th/fileDownload/614.pdf,pdf
2,เอกสารฝ่ายทะเบียน,21,เอกสารเผยแพร่,ขั้นตอนการตรวจสอบและสำเร็จการศึกษา,https://edu.mju.ac.th/fileDownload/126.pdf,pdf
2,เอกสารฝ่ายทะเบียน,21,เอกสารเผยแพร่,เทคนิคการประชุมระดมความคิดแลกเปลี่ยนความรู้ฝังลึก,https://edu.mju.ac.th/fileDownload/291.pdf,pdf
2,เอกสารฝ่ายทะเบียน,21,เอกสารเผยแพร่,การเข้าใช้ระบบตรวจสอบการสำเร็จการศึกษา ระดับปริญญาตรี,https://edu.mju.ac.th/fileDownload/365.docx,docx
2,เอกสารฝ่ายทะเบียน,21,เอกสารเผยแพร่,การจัดการองค์ความรู้ หัวข้อค่าใช้จ่ายในการเดินทางไปปฏิบัติงาน,https://edu.mju.ac.th/fileDownload/366.pdf,pdf
2,เอกสารฝ่ายทะเบียน,21,เอกสารเผยแพร่,การจัดการความรู้ กพร.,https://edu.mju.ac.th/fileDownload/292.pdf,pdf
2,เอกสารฝ่ายทะเบียน,21,เอกสารเผยแพร่,การจัดการความรู้,https://edu.mju.ac.th/fileDownload/293.pdf,pdf
2,เอกสารฝ่ายทะเบียน,21,เอกสารเผยแพร่,คู่มือการใช้ข้อมูลห้องสอบอย่างมีประสิทธิภาพ,https://edu.mju.ac.th/fileDownload/294.pdf,pdf
2,เอกสารฝ่ายทะเบียน,21,เอกสารเผยแพร่,คู่มือการปฏิบัติงาน เรื่อง การเทียบโอนหน่วยกิตและผลการเรียน,https://edu.mju.ac.th/fileDownload/355.pdf,pdf
2,เอกสารฝ่ายทะเบียน,21,เอกสารเผยแพร่,คู่มือการเบิกจ่ายงบบูรณาการ ประจำปี 2561,https://edu.mju.ac.th/fileDownload/386.pdf,pdf
2,เอกสารฝ่ายทะเบียน,21,เอกสารเผยแพร่,คู่มือการขอเอกสารผ่านระบบขอเอกสารออนไลน์,https://edu.mju.ac.th/fileDownload/392.pdf,pdf
2,เอกสารฝ่ายทะเบียน,21,เอกสารเผยแพร่,คู่มือปฏิบัติงาน-การออกเอกสารทางการศึกษา,https://edu.mju.ac.th/fileDownload/393.pdf,pdf
2,เอกสารฝ่ายทะเบียน,21,เอกสารเผยแพร่,คู่มือปฏิบัติงานออกเอกสารหนังสือรับรองต่างๆ,https://edu.mju.ac.th/fileDownload/394.pdf,pdf
2,เอกสารฝ่ายทะเบียน,21,เอกสารเผยแพร่,ระบบตรวจสอบการสำเร็จการศึกษาระดับปริญญาตรี,https://edu.mju.ac.th/fileDownload/465.pdf,pdf
2,เอกสารฝ่ายทะเบียน,21,เอกสารเผยแพร่,คู่มือการขอเอกสารทางการศึกษาออนไลน์,https://edu.mju.ac.th/fileDownload/756.pdf,pdf
2,เอกสารฝ่ายทะเบียน,21,เอกสารเผยแพร่,คู่มือการส่งคาดว่าจะสำเร็จการศึกษาออนไลน์,https://edu.mju.ac.th/fileDownload/757.pdf,pdf
2,เอกสารฝ่ายทะเบียน,21,เอกสารเผยแพร่,คู่มือกิจกรรมแนวปฏิบัติการจัดทำหลักสูตร,https://edu.mju.ac.th/fileDownload/295.pdf,pdf
2,เอกสารฝ่ายทะเบียน,21,เอกสารเผยแพร่,คู่มือแนวปฏิบัติการส่งเอกสาร,https://edu.mju.ac.th/fileDownload/296.pdf,pdf
2,เอกสารฝ่ายทะเบียน,21,เอกสารเผยแพร่,คู่มือกิจกรรมสื่อสิ่งพิมพ์,https://edu.mju.ac.th/fileDownload/297.pdf,pdf
2,เอกสารฝ่ายทะเบียน,21,เอกสารเผยแพร่,คู่มือการออกเอกสารหลักฐานการศึกษา,https://edu.mju.ac.th/fileDownload/298.pdf,pdf
2,เอกสารฝ่ายทะเบียน,21,เอกสารเผยแพร่,คู่มือการรับเข้านักศึกษา,https://edu.mju.ac.th/fileDownload/299.pdf,pdf
2,เอกสารฝ่ายทะเบียน,21,เอกสารเผยแพร่,คู่มือการใช้งานการขอเอกสารออนไลน์,https://edu.mju.ac.th/fileDownload/301.pdf,pdf
2,เอกสารฝ่ายทะเบียน,21,เอกสารเผยแพร่,"คู่มือการใช้งานระบบสารสนเทศสำหรับเจ้าหน้าที่ (บันทึกแผนการศึกษา, สำรองที่นั่ง นศ.)",https://edu.mju.ac.th/fileDownload/302.pdf,pdf
2,เอกสารฝ่ายทะเบียน,21,เอกสารเผยแพร่,คู่มือการขอทำบัตรประจำตัวนักศึกษา,https://edu.mju.ac.th/fileDownload/303.pdf,pdf
2,เอกสารฝ่ายทะเบียน,21,เอกสารเผยแพร่,คู่มือการบันทึกเกรด(สำหรับอาจารย์ผู้สอน),https://edu.mju.ac.th/fileDownload/304.pdf,pdf
2,เอกสารฝ่ายทะเบียน,21,เอกสารเผยแพร่,คู่มือการยื่นแบบฟอร์มขอบอกเลิกรายวิชา W,https://edu.mju.ac.th/fileDownload/305.pdf,pdf
2,เอกสารฝ่ายทะเบียน,21,เอกสารเผยแพร่,ประกาศมหาวิทยาลัยแม่โจ้ เรื่อง ค่าใช้จ่ายในการประชุม,https://edu.mju.ac.th/fileDownload/384.pdf,pdf
2,เอกสารฝ่ายทะเบียน,21,เอกสารเผยแพร่,"การจัดการองค์ความรู้ ""ค่าใช้จ่ายในการเดินทางไปปฏิบัติงาน""",https://edu.mju.ac.th/fileDownload/385.pdf,pdf
2,เอกสารฝ่ายทะเบียน,21,เอกสารเผยแพร่,การเขียนหนังสือราชการและการใช้ภาษาไทยในราชการ,https://edu.mju.ac.th/fileDownload/306.pdf,pdf
2,เอกสารฝ่ายทะเบียน,21,เอกสารเผยแพร่,ตัวอย่างการเขียนแบบฟอร์มคำสั่งมหาวิทยาลัยแม่โจ้,https://edu.mju.ac.th/fileDownload/307.pdf,pdf
3,เอกสารฝ่ายบัณฑิตศึกษา,39,ประกาศมหาวิทยาลัยแม่โจ้,ประกาศมหาวิทยาลัยแม่โจ้ เรื่อง หลักเกณฑ์ วิธีการ และเงื่อนไขการลงทะเบียนเรียน/ชำระค่าธรรมเนียมการศึกษา ระดับบัณฑิตศึกษา,https://edu.mju.ac.th/fileDownload/593.pdf,pdf
3,เอกสารฝ่ายบัณฑิตศึกษา,39,ประกาศมหาวิทยาลัยแม่โจ้,ประกาศมหาวิทยาลัยแม่โจ้ เรื่อง รูปแบบการจัดการศึกษาและระบบการศึกษาระดับบัณฑิตศึกษา,https://edu.mju.ac.th/fileDownload/616.pdf,pdf
3,เอกสารฝ่ายบัณฑิตศึกษา,39,ประกาศมหาวิทยาลัยแม่โจ้,ประกาศมหาวิทยาลัยแม่โจ้ เรื่อง ภาษาที่ใช้ในการศึกษาระดับบัณฑิตศึกษา,https://edu.mju.ac.th/fileDownload/606.pdf,pdf
3,เอกสารฝ่ายบัณฑิตศึกษา,39,ประกาศมหาวิทยาลัยแม่โจ้,ประกาศมหาวิทยาลัยแม่โจ้ เรื่อง ระยะเวลาการศึกษาระดับบัณฑิตศึกษา,https://edu.mju.ac.th/fileDownload/607.pdf,pdf
3,เอกสารฝ่ายบัณฑิตศึกษา,39,ประกาศมหาวิทยาลัยแม่โจ้,ประกาศมหาวิทยาลัยแม่โจ้ เรื่อง การเปลี่ยนสภาพนักศึกษาทดลองเรียนเป็นนักศึกษาสามัญระดับบัณฑิตศึกษา,https://edu.mju.ac.th/fileDownload/608.pdf,pdf
3,เอกสารฝ่ายบัณฑิตศึกษา,39,ประกาศมหาวิทยาลัยแม่โจ้,ประกาศมหาวิทยาลัยแม่โจ้ เรื่อง หลักเกณฑ์และวิธีการแต่งตั้งอาจารย์ที่ปรึกษาการค้นคว้าอิสระ วิทยานิพนธ์ และดุษฏีนิพนธ์,https://edu.mju.ac.th/fileDownload/609.pdf,pdf
3,เอกสารฝ่ายบัณฑิตศึกษา,39,ประกาศมหาวิทยาลัยแม่โจ้,ประกาศมหาวิทยาลัยแม่โจ้ เรื่อง ภาระงานอาจารย์ที่ปรึกษาสำหรับการค้นคว้าอิสระ วิทยานิพนธ์ หรือดุษฏีนิพนธ์,https://edu.mju.ac.th/fileDownload/610.pdf,pdf
3,เอกสารฝ่ายบัณฑิตศึกษา,39,ประกาศมหาวิทยาลัยแม่โจ้,ประกาศมหาวิทยาลัยแม่โจ้ เรื่อง หลักเกณฑ์การทำและสอบการค้นคว้าอิสระ วิทยานิพนธ์ และดุษฏีนิพนธ์,https://edu.mju.ac.th/fileDownload/611.pdf,pdf
3,เอกสารฝ่ายบัณฑิตศึกษา,39,ประกาศมหาวิทยาลัยแม่โจ้,ประกาศมหาวิทยาลัยแม่โจ้ เรื่อง หลักเกณฑ์การลาพักการศึกษาของนักศึกษาระดับบัณฑิตศึกษา,https://edu.mju.ac.th/fileDownload/612.pdf,pdf
3,เอกสารฝ่ายบัณฑิตศึกษา,39,ประกาศมหาวิทยาลัยแม่โจ้,ประกาศมหาวิทยาลัยแม่โจ้ เรื่อง หลักเกณฑ์และวิธีการขอคืนสภาพนักศึกษาระดับบัณฑิตศึกษา,https://edu.mju.ac.th/fileDownload/613.pdf,pdf
4,เอกสารฝ่ายสหกิจศึกษา,40,ข้อบังคับ ระเบียบ ประกาศ (สหกิจศึกษา),ระเบียบมหาวิทยาลัยแม่โจ้ ว่าด้วยการศึกษากลุ่มวิชาสหกิจศึกษา พ.ศ.2567,https://edu.mju.ac.th/fileDownload/764.pdf,pdf
4,เอกสารฝ่ายสหกิจศึกษา,40,ข้อบังคับ ระเบียบ ประกาศ (สหกิจศึกษา),ระเบียบมหาวิทยาลัยแม่โจ้ ว่าด้วยการศึกษากลุ่มวิชาสหกิจศึกษา พ.ศ. 2563,https://edu.mju.ac.th/fileDownload/536.pdf,pdf
4,เอกสารฝ่ายสหกิจศึกษา,40,ข้อบังคับ ระเบียบ ประกาศ (สหกิจศึกษา),ระเบียบมหาวิทยาลัยแม่โจ้ ว่าด้วยการศึกษากลุ่มวิชาสหกิจศึกษา (ฉบับที่ 2) พ.ศ.2562,https://edu.mju.ac.th/fileDownload/518.pdf,pdf
4,เอกสารฝ่ายสหกิจศึกษา,40,ข้อบังคับ ระเบียบ ประกาศ (สหกิจศึกษา),ระเบียบมหาวิทยาลัยแม่โจ้ ว่าด้วยการศึกษากลุ่มวิชาสหกิจศึกษา พ.ศ.2558,https://edu.mju.ac.th/fileDownload/287.pdf,pdf
5,เอกสารกองบริหารงานสำนักฯ,14,งานธุรการ,แบบคำร้อง ขอรับเงินสวัสดิการ กรณีถึงแก่กรรม,https://edu.mju.ac.th/fileDownload/179.pdf,pdf
5,เอกสารกองบริหารงานสำนักฯ,14,งานธุรการ,แบบคำร้อง การขอรับเงินค่าช่วยเหลือการทำบุญบำเพ็ญกุศลศพ,https://edu.mju.ac.th/fileDownload/180.pdf,pdf
5,เอกสารกองบริหารงานสำนักฯ,14,งานธุรการ,แบบรายงานสรุปผลการเข้าร่วมประชุม การฝึกอบรม/สัมมนา,https://edu.mju.ac.th/fileDownload/80.docx,docx
5,เอกสารกองบริหารงานสำนักฯ,14,งานธุรการ,แบบฟอร์มแจ้งการลงเวลาปฏิบัติราชการ,https://edu.mju.ac.th/fileDownload/82.pdf,pdf
5,เอกสารกองบริหารงานสำนักฯ,14,งานธุรการ,สิทธิการลา,https://edu.mju.ac.th/fileDownload/95.pdf,pdf
5,เอกสารกองบริหารงานสำนักฯ,14,งานธุรการ,จรรยาบรรณสำนักบริหารและพัฒนาวิชาการ,https://edu.mju.ac.th/fileDownload/96.pdf,pdf
5,เอกสารกองบริหารงานสำนักฯ,14,งานธุรการ,แบบฟอร์มหนังสือทุกประเภท(ตราสัญลักษณ์มหาวิทยาลัย),https://edu.mju.ac.th/fileDownload/185.docx,docx
5,เอกสารกองบริหารงานสำนักฯ,14,งานธุรการ,แบบฟอร์มวิจัยสถาบัน,https://edu.mju.ac.th/fileDownload/253.doc,doc
5,เอกสารกองบริหารงานสำนักฯ,14,งานธุรการ,ใบบันทึกเสนอเอกสาร ฝ่ายรับสมัคร,https://edu.mju.ac.th/fileDownload/914.pdf,pdf
5,เอกสารกองบริหารงานสำนักฯ,14,งานธุรการ,ใบบันทึกเสนอเอกสาร กองบริหารงาน,https://edu.mju.ac.th/fileDownload/915.pdf,pdf
5,เอกสารกองบริหารงานสำนักฯ,14,งานธุรการ,ใบบันทึกเสนอเอกสาร ฝ่ายสหกิจศึกษา,https://edu.mju.ac.th/fileDownload/916.pdf,pdf
5,เอกสารกองบริหารงานสำนักฯ,14,งานธุรการ,ใบบันทึกเสนอเอกสาร ฝ่ายบัณฑิตศึกษา,https://edu.mju.ac.th/fileDownload/917.pdf,pdf
5,เอกสารกองบริหารงานสำนักฯ,14,งานธุรการ,ใบบันทึกเสนอเอกสาร ฝ่ายทะเบียน,https://edu.mju.ac.th/fileDownload/918.pdf,pdf
5,เอกสารกองบริหารงานสำนักฯ,14,งานธุรการ,ใบบันทึกเสนอเอกสาร ฝ่ายหลักสูตร,https://edu.mju.ac.th/fileDownload/919.pdf,pdf
5,เอกสารกองบริหารงานสำนักฯ,14,งานธุรการ,บันทึกเสนอ ฝ่ายทะเบียน (หนังสือรับรองการเป็นนักศึกษาต่างชาติ),https://edu.mju.ac.th/fileDownload/920.pdf,pdf
5,เอกสารกองบริหารงานสำนักฯ,16,งานนโยบายและแผน,นโยบายการจัดทำงบประมาณ ปีงบประมาณ พ.ศ. 2568-2571,https://edu.mju.ac.th/fileDownload/247.pdf,pdf
5,เอกสารกองบริหารงานสำนักฯ,15,งานคลังและพัสดุ,ขออนุมัติเบิกเงินค่าใช้จ่ายในการเดินทางไปปฏิบัติงานเพิ่มเติม,https://edu.mju.ac.th/fileDownload/396.docx,docx
5,เอกสารกองบริหารงานสำนักฯ,15,งานคลังและพัสดุ,แบบแจ้งข้อมูลการับเงินโอนผ่านระบบ KTB Corporate Online,https://edu.mju.ac.th/fileDownload/812.docx,docx
5,เอกสารกองบริหารงานสำนักฯ,15,งานคลังและพัสดุ,แบบรายงานโครงการที่กำหนดไว้ในระเบียบ,https://edu.mju.ac.th/fileDownload/813.xlsx,xlsx
5,เอกสารกองบริหารงานสำนักฯ,15,งานคลังและพัสดุ,ใบตรวจรับอาหาร,https://edu.mju.ac.th/fileDownload/814.docx,docx
5,เอกสารกองบริหารงานสำนักฯ,15,งานคลังและพัสดุ,ใบเบิกค่าใช้จ่ายในการเดินทางปฏิบัติงาน ส่วนที่ 1-2,https://edu.mju.ac.th/fileDownload/815.xls,xls
5,เอกสารกองบริหารงานสำนักฯ,15,งานคลังและพัสดุ,ใบรับรองแทนใบเสร็จรับเงิน แบบ บก.4231,https://edu.mju.ac.th/fileDownload/816.xls,xls
5,เอกสารกองบริหารงานสำนักฯ,15,งานคลังและพัสดุ,ใบสำคัญรับเงิน (สำหรับค่าสมนาคุณวิทยากร),https://edu.mju.ac.th/fileDownload/817.doc,doc
5,เอกสารกองบริหารงานสำนักฯ,15,งานคลังและพัสดุ,ใบสำคัญรับเงิน แบบ บค.002,https://edu.mju.ac.th/fileDownload/818.doc,doc
5,เอกสารกองบริหารงานสำนักฯ,15,งานคลังและพัสดุ,ใบเสนอจัดทำอาหาร,https://edu.mju.ac.th/fileDownload/819.docx,docx
5,เอกสารกองบริหารงานสำนักฯ,15,งานคลังและพัสดุ,สัญญาค้ำประกัน,https://edu.mju.ac.th/fileDownload/820.docx,docx
5,เอกสารกองบริหารงานสำนักฯ,15,งานคลังและพัสดุ,สัญญายืมเงิน,https://edu.mju.ac.th/fileDownload/821.xlsx,xlsx
5,เอกสารกองบริหารงานสำนักฯ,15,งานคลังและพัสดุ,หลักฐานการจ่ายเงินตอบแทนการปฏิบัติงานนอกเวลา บค.003,https://edu.mju.ac.th/fileDownload/822.xls,xls
5,เอกสารกองบริหารงานสำนักฯ,15,งานคลังและพัสดุ,ขออนุมัติเบิกเงินเพื่อชำระหนี้ระหว่างหน่วยงาน,https://edu.mju.ac.th/fileDownload/871.docx,docx
5,เอกสารกองบริหารงานสำนักฯ,15,งานคลังและพัสดุ,แบบแจ้งข้อมูลการับเงินโอนผ่านระบบ KTB Corporate Online,https://edu.mju.ac.th/fileDownload/872.docx,docx
5,เอกสารกองบริหารงานสำนักฯ,15,งานคลังและพัสดุ,แบบสรุปการส่งเอกสารหลักฐานการใช้จ่ายเงิน,https://edu.mju.ac.th/fileDownload/873.xls,xls
5,เอกสารกองบริหารงานสำนักฯ,15,งานคลังและพัสดุ,ใบสำคัญรับเงิน แบบ บค.004,https://edu.mju.ac.th/fileDownload/874.xlsx,xlsx
5,เอกสารกองบริหารงานสำนักฯ,15,งานคลังและพัสดุ,ขออนุมัติขอเข้าร่วมผึกอบรมและเข้าร่วมประชุม,https://edu.mju.ac.th/fileDownload/186.docx,docx
5,เอกสารกองบริหารงานสำนักฯ,15,งานคลังและพัสดุ,ขออนุมัติเดินทางและขออนุมัติเบิกเงินชดเชยการใช้พาหนะส่วนตัว,https://edu.mju.ac.th/fileDownload/187.docx,docx
5,เอกสารกองบริหารงานสำนักฯ,15,งานคลังและพัสดุ,รายงานการปฏิบัติงานนอกเวลา,https://edu.mju.ac.th/fileDownload/197.docx,docx
5,เอกสารกองบริหารงานสำนักฯ,15,งานคลังและพัสดุ,รายงานผลการปฏิบัติงานกรณีเดินทางไปเข้าร่วมอบรมและเข้าร่วมประชุม,https://edu.mju.ac.th/fileDownload/200.docx,docx
5,เอกสารกองบริหารงานสำนักฯ,15,งานคลังและพัสดุ,ขออนุมัติปฏิบัติงานนอกเวลาและเบิกเงินตอบแทนพิเศษการปฏิบัติงานเกินระยะเวลาทำการ,https://edu.mju.ac.th/fileDownload/202.docx,docx
5,เอกสารกองบริหารงานสำนักฯ,15,งานคลังและพัสดุ,กำหนดแนวปฏิบัติการเบิกจ่ายค่าสัมภาระเพิ่มเติมกรณีเดินทางโดยพาหนะเครื่องบิน,https://edu.mju.ac.th/fileDownload/205.pdf,pdf
5,เอกสารกองบริหารงานสำนักฯ,15,งานคลังและพัสดุ,แนวทางปฏิบัติในการเบิกจ่ายค่าใช้จ่ายในการฝึกอบรม,https://edu.mju.ac.th/fileDownload/206.pdf,pdf
5,เอกสารกองบริหารงานสำนักฯ,15,งานคลังและพัสดุ,แนวปฏิบัติการยืมเงินทดรองราชการ,https://edu.mju.ac.th/fileDownload/207.pdf,pdf
5,เอกสารกองบริหารงานสำนักฯ,15,งานคลังและพัสดุ,กำหนดอัตราการจ่ายเงินตอบแทนพิเศษสำหรับการปฏิบัติงาน,https://edu.mju.ac.th/fileDownload/770.pdf,pdf
5,เอกสารกองบริหารงานสำนักฯ,15,งานคลังและพัสดุ,กำหนดอัตราการจ่ายเงินตอบแทนพิเศษสำหรับการปฏิบัติงาน (ฉบับที่ 2) (20 ก.ย. 2567),https://edu.mju.ac.th/fileDownload/771.pdf,pdf
5,เอกสารกองบริหารงานสำนักฯ,15,งานคลังและพัสดุ,กำหนดอัตราค่าตอบแทนกรรมการประเมินคุณภาพภายใน (31 ต.ค. 2556),https://edu.mju.ac.th/fileDownload/773.pdf,pdf
5,เอกสารกองบริหารงานสำนักฯ,15,งานคลังและพัสดุ,หลักเกณฑ์และอัตราค่าตอบแทนนักศึกษาช่วยปฏิบัติงาน (13 มี.ค. 2563),https://edu.mju.ac.th/fileDownload/774.pdf,pdf
5,เอกสารกองบริหารงานสำนักฯ,15,งานคลังและพัสดุ,หลักเกณฑ์และอัตราการเบิกจ่ายค่าตอบแทนคณะกรรมการซื้อหรือจ้าง (8 ก.พ. 2567),https://edu.mju.ac.th/fileDownload/775.pdf,pdf
5,เอกสารกองบริหารงานสำนักฯ,15,งานคลังและพัสดุ,อัตราเงินประจำตำแหน่งและเงินค่าตอบแทนตำแหน่งสำหรับพนักงานมหาวิทยาลัย ประเภทบริหาร (4 มิ.ย. 2563),https://edu.mju.ac.th/fileDownload/776.pdf,pdf
5,เอกสารกองบริหารงานสำนักฯ,15,งานคลังและพัสดุ,หลักเกณฑ์และอัตราการจ่ายเงินเพิ่มสำหรับตำแหน่งที่มีเหตุพิเศษ ตำแหน่งนักวิชาการพัสดุ(18สค2566),https://edu.mju.ac.th/fileDownload/209.pdf,pdf
5,เอกสารกองบริหารงานสำนักฯ,15,งานคลังและพัสดุ,กำหนดหลักเกณฑ์และอัตราค่าตอบแทนกรรมการตรวจประเมินภายในสำนักงานสีเขียว,https://edu.mju.ac.th/fileDownload/210.pdf,pdf
5,เอกสารกองบริหารงานสำนักฯ,15,งานคลังและพัสดุ,ระเบียบมหาวิทยาลัยแม่โ่จ้ ว่าด้ายการจัดฝึกอบรม พ.ศ.2567 (4 มิ.ย.2567),https://edu.mju.ac.th/fileDownload/777.pdf,pdf
5,เอกสารกองบริหารงานสำนักฯ,15,งานคลังและพัสดุ,ระเบียบมหาวิทยาลัยแม่โจ้ ว่าด้วยกองทุนสำนักบริหารและพัฒนาวิชาการ พศ2563 (16 ก.ค. 2563),https://edu.mju.ac.th/fileDownload/785.pdf,pdf
5,เอกสารกองบริหารงานสำนักฯ,15,งานคลังและพัสดุ,ระเบียบมหาวิทยาลัยแม่โจ้ ว่าด้วยการจ่ายเงินรายได้เป็นค่ารับรอง พ.ศ. 2567 (16 ม.ค. 2567),https://edu.mju.ac.th/fileDownload/786.pdf,pdf
5,เอกสารกองบริหารงานสำนักฯ,15,งานคลังและพัสดุ,ระเบียบมหาวิทยาลัยแม่โจ้ ว่าด้วยการเบิกเบิกเงิน การรับเงิน การจ่ายเงิน การเก็บรักษาเงิน และการนำส่งเงิน พ.ศ. 2562 (22 ต.ค.2562),https://edu.mju.ac.th/fileDownload/787.pdf,pdf
5,เอกสารกองบริหารงานสำนักฯ,15,งานคลังและพัสดุ,ระเบียบมหาวิทยาลัยแม่โจ้ ว่าด้วยค่าใช้จ่ายโทรศัพท์เคลือนที่ พ.ศ. 2563 (31 มี.ค. 2563),https://edu.mju.ac.th/fileDownload/788.pdf,pdf
5,เอกสารกองบริหารงานสำนักฯ,15,งานคลังและพัสดุ,ระเบียบมหาวิทยาลัยแม่โจ้ ว่าด้วยค่าใช้จ่ายในการเข้าร่วมการแข่งขันกีฬาบุคลากรมหาวิทยาลัยแห่งประเทศไทย พ.ศ.2567 (21 มี.ค. 2567),https://edu.mju.ac.th/fileDownload/789.pdf,pdf
5,เอกสารกองบริหารงานสำนักฯ,15,งานคลังและพัสดุ,ระเบียบมหาวิทยาลัยแม่โจ้ ว่าด้วยค่าใช้จ่ายในการประชุม พ.ศ. 2563 (4 มิ.ย. 2563),https://edu.mju.ac.th/fileDownload/790.pdf,pdf
5,เอกสารกองบริหารงานสำนักฯ,15,งานคลังและพัสดุ,ระเบียบกระทรวงการคลัง ว่าด้วยค่าใช้จ่ายในการฝึกอบรม การจัดงาน และการประชุมระหว่างประเทศ (ฉบับที่ 2) พ.ศ. 2552,https://edu.mju.ac.th/fileDownload/791.pdf,pdf
5,เอกสารกองบริหารงานสำนักฯ,15,งานคลังและพัสดุ,ระเบียบกระทรวงการคลัง ว่าด้วยค่าใช้จ่ายในการฝึกอบรม การจัดงาน และการประชุมระหว่างประเทศ (ฉบับที่ 3) พ.ศ. 2555,https://edu.mju.ac.th/fileDownload/792.pdf,pdf
5,เอกสารกองบริหารงานสำนักฯ,15,งานคลังและพัสดุ,ระเบียบกระทรวงการคลัง ว่าด้วยค่าใช้จ่ายในการฝึกอบรม การจัดงาน และการประชุมระหว่างประเทศ พ.ศ. 2549,https://edu.mju.ac.th/fileDownload/793.pdf,pdf
5,เอกสารกองบริหารงานสำนักฯ,15,งานคลังและพัสดุ,ระเบียบมหาวิทยาลัยแม่โจ้ ว่าด้วยค่าใช้จ่ายสำหรับการเดินทาง พ.ศ. 2563 (7 ส.ค. 2563),https://edu.mju.ac.th/fileDownload/794.pdf,pdf
5,เอกสารกองบริหารงานสำนักฯ,15,งานคลังและพัสดุ,ระเบียบมหาวิทยาลัยแม่โ่จ้ ว่าด้วยหลักเกณฑ์การรับเงิน การจ่ายเงิน สำหรับการจัดงานของมหาวิทยาลัยแม่โจ้ (ฉบับที่ 2) พ.ศ. 2567 (8 ก.ค. 2567),https://edu.mju.ac.th/fileDownload/798.pdf,pdf
5,เอกสารกองบริหารงานสำนักฯ,15,งานคลังและพัสดุ,ระเบียบมหาวิทยาลัยแม่โจ้ ว่าด้วยหลักเกณฑ์การรับเงิน การจ่ายเงิน สำหรับการจัดงานของมหาวิทยาลัยแม่โจ้ พ.ศ. 2567 (16 ม.ค. 2567),https://edu.mju.ac.th/fileDownload/799.pdf,pdf
5,เอกสารกองบริหารงานสำนักฯ,15,งานคลังและพัสดุ,ระเบียบมหาวิทยาลัยแม่โจ้ ว่าด้วยการศึกษาและการจ่ายเงินรายได้จากภาคการศึกษาฤดูร้อน (8 มี.ค. 2565),https://edu.mju.ac.th/fileDownload/231.pdf,pdf
5,เอกสารกองบริหารงานสำนักฯ,15,งานคลังและพัสดุ,ระเบียบมหาวิทยาลัยแม่โจ้ ว่าด้วยค่าใช้จ่ายสำหรับการเดินทาง(ฉบับที่ 2) พ.ศ. 2569,https://edu.mju.ac.th/fileDownload/232.pdf,pdf
5,เอกสารกองบริหารงานสำนักฯ,15,งานคลังและพัสดุ,ว่าด้วยการกำหนดอัตราเงินสนับสนุนการดำเนินการจัดสอบและหลักเกณฑ์การใช้จ่ายเงินสนับสนุนการจัดสอบศูนย์สอบมหาวิทยาลัยแม่โจ้ พศ2569,https://edu.mju.ac.th/fileDownload/245.pdf,pdf
5,เอกสารกองบริหารงานสำนักฯ,15,งานคลังและพัสดุ,ว่าด้วยกองทุนพัฒนาวิชาการ (ฉบับที่ 2) พ.ศ. 2566,https://edu.mju.ac.th/fileDownload/370.pdf,pdf
5,เอกสารกองบริหารงานสำนักฯ,15,งานคลังและพัสดุ,ว่าด้วยกองทนพัฒนาวิชาการ พ.ศ. 2563,https://edu.mju.ac.th/fileDownload/311.pdf,pdf
5,เอกสารกองบริหารงานสำนักฯ,15,งานคลังและพัสดุ,กำหนดหลักเกณฑ์การจ่ายเงินกองทุนสำนักบริหารและพัฒนาวิชาการ พ.ศ. 2564,https://edu.mju.ac.th/fileDownload/312.pdf,pdf
5,เอกสารกองบริหารงานสำนักฯ,15,งานคลังและพัสดุ,ว่าด้วยกองทุนสำนักบริหารและพัฒนาวิชาการ พ.ศ. 2563,https://edu.mju.ac.th/fileDownload/371.pdf,pdf
5,เอกสารกองบริหารงานสำนักฯ,15,งานคลังและพัสดุ,แบบคำร้อง การขอรับเงินค่าช่วยเหลือการทำบุญบำเพ็ญกุศลศพ,https://edu.mju.ac.th/fileDownload/372.pdf,pdf
5,เอกสารกองบริหารงานสำนักฯ,15,งานคลังและพัสดุ,หลักเกณฑ์การจ่ายเงินกองทุนสำนักบริหารและพัฒนาวิชาการ (ประกาศ ณ วันที่ 1 ธ.ค. 2568),https://edu.mju.ac.th/fileDownload/313.pdf,pdf
5,เอกสารกองบริหารงานสำนักฯ,15,งานคลังและพัสดุ,แบบคำร้อง ขอรับเงินสวัสดิการ กรณีถึงแก่กรรม,https://edu.mju.ac.th/fileDownload/373.pdf,pdf
5,เอกสารกองบริหารงานสำนักฯ,15,งานคลังและพัสดุ,ประกาศมหาวิทยาลัยแม่โจ้ เรื่อง การควบคุมเงินทดรอง (22 ส.ค.2567),https://edu.mju.ac.th/fileDownload/778.pdf,pdf
5,เอกสารกองบริหารงานสำนักฯ,15,งานคลังและพัสดุ,ประกาศมหาวิทยาลัยแม่โจ้ เรื่อง การเงินประจำตำแหน่งและเงินค่าตอบแทน ประเภทผู้บริหารจากเงินงบรประมาณเงินรายได้ (13 ต.ค. 2556),https://edu.mju.ac.th/fileDownload/779.pdf,pdf
5,เอกสารกองบริหารงานสำนักฯ,15,งานคลังและพัสดุ,ปรกาศมหาวิทยาลัยแม่โจ้ เรื่อง การเรียกเก็บและการใช้จ่ายเงินค่าสมัครสอบคัดเลือกเข้าศึกษาในมหาวิทยาลัยแม่โจ้ (26 พ.ย. 2567),https://edu.mju.ac.th/fileDownload/780.pdf,pdf
5,เอกสารกองบริหารงานสำนักฯ,15,งานคลังและพัสดุ,ประกาศมหาวิทยาลัยแม่โจ้ เรื่อง กำหนดอัตราทุนสนับสนุนการเผยแพร่ผลงานวิจัยสำหรับนักศึกษาระดับบัณฑิตศึกษา (11 ก.ย. 2561),https://edu.mju.ac.th/fileDownload/781.pdf,pdf
5,เอกสารกองบริหารงานสำนักฯ,15,งานคลังและพัสดุ,ประกาศมหาวิทยาลัยแม่โจ้ เรื่อง กำหนดอัตราและหลักเกณฑ์การเรียกเก็บและกำหนดหลักเกณฑ์อัตราการจ่ายเงินรายได้เป็นค่าสมนาคุณวัดคุณสมบัติและสอบประมวลความรอบรู้ฯ (21 พ.ค. 2567),https://edu.mju.ac.th/fileDownload/782.pdf,pdf
5,เอกสารกองบริหารงานสำนักฯ,15,งานคลังและพัสดุ,หนังสือกระทรวงการคลัง เรื่อง มาตรการบรรเทาผลกระทบจากการปรับอัตราค่าจ้างขั้นต่ำปี 2556,https://edu.mju.ac.th/fileDownload/784.pdf,pdf
5,เอกสารกองบริหารงานสำนักฯ,15,งานคลังและพัสดุ,ประกาศมหาวิทยาลัยแม่โจ้ เรื่อง อัตราค่าธรรมเนียมประเภทอื่นๆ สำหรับนักศึกษาระดับปริญญาตรี (ฉบับที่ 1-3),https://edu.mju.ac.th/fileDownload/795.pdf,pdf
5,เอกสารกองบริหารงานสำนักฯ,15,งานคลังและพัสดุ,ประกาศมหาวิทยาลัยแม่โจ้ เรื่อง หลักเกณฑ์การเบิกจ่ายค่าใช้จ่ายในการประชุมผ่านสื่ออิเล็กทรอนิกส์(14 ก.ค. 2563),https://edu.mju.ac.th/fileDownload/796.pdf,pdf
5,เอกสารกองบริหารงานสำนักฯ,15,งานคลังและพัสดุ,ประกาศมหาวิทยาลัยแม่โจ้ เรื่อง หลักเกณฑ์ และอัตราค่าธรรมเนียมการใช้ห้องประชุม ห้องบรรยาย ห้องปฏิบัติการ และอุปกรณ์ต่างๆ (26 ก.ย. 2554),https://edu.mju.ac.th/fileDownload/800.PDF,PDF
5,เอกสารกองบริหารงานสำนักฯ,15,งานคลังและพัสดุ,ประกาศมหาวิทยาลัยแม่โจ้ เรื่อง หลักเกณฑ์การใช้ลายมือชื่ออิเล็กทรอนิกส์สำหรับลงนามในใบเสร็จรับเงินและการอนุมัติการขอเบิกค่าใช้จ่ายและการอนุมัติการยืมเงินฯ (12 ก.พ. 2567),https://edu.mju.ac.th/fileDownload/801.pdf,pdf
5,เอกสารกองบริหารงานสำนักฯ,15,งานคลังและพัสดุ,ประกาศมหาวิทยาลัยแม่โจ้ เรื่อง หลักเกณฑ์ วิธีการ และเงื่อนไขในการลงทะเบียนแรกเข้า การลงทะเบียนเรียน และการชำระค่าธรรมเนียมการศึกษาของนักศึกษาระดับบัณฑิตศึกษา (28 เม.ย. 2564),https://edu.mju.ac.th/fileDownload/802.pdf,pdf
5,เอกสารกองบริหารงานสำนักฯ,15,งานคลังและพัสดุ,ประกาศมหาวิทยาลัยแม่โจ้ เรื่อง การเรียกเก็บและการใช้จ่ายเงินค่าสมัครสอบคัดเลือกเข้าศึกษาในมหาวิทยาลัยแม่โจ้ (26 พ.ย. 2567),https://edu.mju.ac.th/fileDownload/803.pdf,pdf
5,เอกสารกองบริหารงานสำนักฯ,15,งานคลังและพัสดุ,ประกาศมหาวิทยาลัยแม่โจ้ เรื่อง กำหนดแบบใบสำคัญรับเงิน (17 ก.ค. 2561),https://edu.mju.ac.th/fileDownload/804.pdf,pdf
5,เอกสารกองบริหารงานสำนักฯ,15,งานคลังและพัสดุ,ประกาศมหาวิทยาลัยแม่โจ้ เรื่อง กำหนดอัตราการจัดเก็บรายได้จากการผลิตสิ่งพิมพ์ของสำนักบริหารและพัฒนาวิชาการ (14 ก.ค. 2563),https://edu.mju.ac.th/fileDownload/805.pdf,pdf
5,เอกสารกองบริหารงานสำนักฯ,15,งานคลังและพัสดุ,ประกาศมหาวิทยาลัยแม่โจ้ เรื่อง กำหนดอัตราค่าใช้จ่าย และค่าบำรุงรักษารถส่วนกลางที่จำเป็นในกรณีที่ผู้ขอใช้รถส่วนกลางไม่ได้อยู่ในสังกัดสำนักงานมหาวิทยาลัย (8 ธ.ค. 2566),https://edu.mju.ac.th/fileDownload/806.pdf,pdf
5,เอกสารกองบริหารงานสำนักฯ,15,งานคลังและพัสดุ,ประกาศมหาวิทยาลัยแม่โจ้ เรื่อง หลักเกณฑ์การเบิกจ่ายค่าตอบแทนและค่าใช้จ่ายในการสอบคัดเลือกผ่านสื่ออิเล็กทรอนิกส์,https://edu.mju.ac.th/fileDownload/268.pdf,pdf
5,เอกสารกองบริหารงานสำนักฯ,15,งานคลังและพัสดุ,ประกาศมหาวิทยาลัยแม่โจ้ เรื่อง กำหนดหลักเกณฑ์และวิธีการรับเงินค่าธรรมเนียมการศึกษาล่วงหน้า (22 เม.ย. 2567),https://edu.mju.ac.th/fileDownload/266.pdf,pdf
5,เอกสารกองบริหารงานสำนักฯ,15,งานคลังและพัสดุ,ประกาศมหาวิทยาลัยแม่โจ้ เรื่อง หลักเกณฑ์การจ้างจัดการฝึกอบรม (29 ก.ย. 2568),https://edu.mju.ac.th/fileDownload/267.pdf,pdf
5,เอกสารกองบริหารงานสำนักฯ,15,งานคลังและพัสดุ,ประกาศมหาวิทยาลัยแม่โจ้ เรื่อง หลักเกณฑ์ และอัตราค่าธรรมเนียมการใช้ห้องประชุม ห้องบรรยาย ห้องปฏิบัติการ และอุปกรณ์ต่างๆ,https://edu.mju.ac.th/fileDownload/269.PDF,PDF
5,เอกสารกองบริหารงานสำนักฯ,15,งานคลังและพัสดุ,ประกาศมหาวิทยาลัยแม่โจ้ เรื่อง กำหนดอัตราการจ่ายเงินตอบแทนพิเศษสำหรับการปฏิบัติงาน (ฉบับที่2),https://edu.mju.ac.th/fileDownload/270.pdf,pdf
5,เอกสารกองบริหารงานสำนักฯ,15,งานคลังและพัสดุ,ประกาศมหาวิทยาลัยแม่โจ้ เรื่อง กำหนดอัตราการจ่ายเงินค่าตอบแทนพิเศษสำหรับการปฏิบัติงาน (5 มิ.ย. 2563),https://edu.mju.ac.th/fileDownload/271.pdf,pdf
5,เอกสารกองบริหารงานสำนักฯ,15,งานคลังและพัสดุ,ประกาศมหาวิทยาลัยแม่โจ้ เรื่อง กำหนดอัตราค่าตอบแทนคณะกรรมการสอบแข่งขันหรือสอบคัดเลือกบุคคลเป็นพนักงานมหาวิทยาลัย (18 พ.ย. 2565),https://edu.mju.ac.th/fileDownload/272.pdf,pdf
5,เอกสารกองบริหารงานสำนักฯ,15,งานคลังและพัสดุ,ประกาศมหาวิทยาลัยแม่โจ้ เรื่อง มาตรการและแนวปฏิบัติการใช้ทรัพย์สินของมหาวิทยาลัย,https://edu.mju.ac.th/fileDownload/273.pdf,pdf
5,เอกสารกองบริหารงานสำนักฯ,15,งานคลังและพัสดุ,กำหนดหลักเกณฑ์และอัตราทุนสนับสนุนการเผยแพร่ผลงานวิจัยสำหรับนักศึกษาระดับบัณฑิตศึกษา,https://edu.mju.ac.th/fileDownload/274.pdf,pdf
5,เอกสารกองบริหารงานสำนักฯ,15,งานคลังและพัสดุ,ข้อบังคับมหาวิทยาลัยแม่โจ้ ว่าด้วยค่าจ้าง เงินประจำตำแหน่งและค่าตอบแทน และเงินตอบแทนอื่นใดตามตำแหน่งสำหรับพนักงานมหาวิทยาลัยประเภทบริหาร พ.ศ. 2562,https://edu.mju.ac.th/fileDownload/783.pdf,pdf
5,เอกสารกองบริหารงานสำนักฯ,15,งานคลังและพัสดุ,ข้อบังคับมหาวิทยาลัยแม่โจ้ ว่าด้วยการจัดตั้งกองทุน พ.ศ. 2562,https://edu.mju.ac.th/fileDownload/875.pdf,pdf
5,เอกสารกองบริหารงานสำนักฯ,36,เอกสาร Green Office,แหล่งสืบค้นสินค้าและบริการที่เป็นมิตรกับสิ่งแวดล้อม,https://edu.mju.ac.th/fileDownload/604.pdf,pdf
6,แบบฟอร์มสำหรับนักศึกษา,1,แบบฟอร์มสำหรับนักศึกษา,มจท02 คำร้องทั่วไป,https://edu.mju.ac.th/fileDownload/1.pdf,pdf
6,แบบฟอร์มสำหรับนักศึกษา,1,แบบฟอร์มสำหรับนักศึกษา,มจท03 แบบฟอร์มขอทำบัตรประจำตัวนักศึกษา,https://edu.mju.ac.th/fileDownload/2.pdf,pdf
6,แบบฟอร์มสำหรับนักศึกษา,1,แบบฟอร์มสำหรับนักศึกษา,หนังสือยินยอมให้เปิดเผยข้อมูลแก่บุคคลที่สาม,https://edu.mju.ac.th/fileDownload/743.pdf,pdf
6,แบบฟอร์มสำหรับนักศึกษา,1,แบบฟอร์มสำหรับนักศึกษา,มจท08 คำร้องขอเปลี่ยน ชื่อ-นามสกุล,https://edu.mju.ac.th/fileDownload/8.pdf,pdf
6,แบบฟอร์มสำหรับนักศึกษา,1,แบบฟอร์มสำหรับนักศึกษา,มจท14/1 คำร้องขอเทียบโอนหน่วยกิต/ผลการเรียน,https://edu.mju.ac.th/fileDownload/12.pdf,pdf
6,แบบฟอร์มสำหรับนักศึกษา,1,แบบฟอร์มสำหรับนักศึกษา,มจท14/2 คำร้องขอเทียบโอนหน่วยกิต/ผลการเรียน (ต่างมหาวิทยาลัย),https://edu.mju.ac.th/fileDownload/13.pdf,pdf
6,แบบฟอร์มสำหรับนักศึกษา,1,แบบฟอร์มสำหรับนักศึกษา,มจท15 คำร้องขอโอนย้ายสาขาวิชาภายในคณะ,https://edu.mju.ac.th/fileDownload/14.pdf,pdf
6,แบบฟอร์มสำหรับนักศึกษา,1,แบบฟอร์มสำหรับนักศึกษา,คำร้องขอใบแปลเทียบวุฒิการศึกษา,https://edu.mju.ac.th/fileDownload/360.pdf,pdf
6,แบบฟอร์มสำหรับนักศึกษา,1,แบบฟอร์มสำหรับนักศึกษา,แบบคำร้องขอเทียบวุฒิการศึกษาในประเทศ,https://edu.mju.ac.th/fileDownload/361.pdf,pdf
6,แบบฟอร์มสำหรับนักศึกษา,1,แบบฟอร์มสำหรับนักศึกษา,แบบคำร้องขอใบแทนใบเทียบวุฒิการศึกษา,https://edu.mju.ac.th/fileDownload/362.pdf,pdf
6,แบบฟอร์มสำหรับนักศึกษา,1,แบบฟอร์มสำหรับนักศึกษา,มจท16 คำร้องขอโอนย้ายสาขาวิชาต่างคณะ,https://edu.mju.ac.th/fileDownload/15.pdf,pdf
6,แบบฟอร์มสำหรับนักศึกษา,1,แบบฟอร์มสำหรับนักศึกษา,มจท17 คำร้องขอลงทะเบียนเรียนเพื่อให้ได้ค่าระดับคะแนนเป็น V,https://edu.mju.ac.th/fileDownload/16.pdf,pdf
6,แบบฟอร์มสำหรับนักศึกษา,1,แบบฟอร์มสำหรับนักศึกษา,มจท18 คำร้องขอลงทะเบียนเรียนเพื่อให้ได้ค่าระดับคะแนนเป็น S หรือ U,https://edu.mju.ac.th/fileDownload/17.pdf,pdf
6,แบบฟอร์มสำหรับนักศึกษา,1,แบบฟอร์มสำหรับนักศึกษา,มจท21 คำร้องขอลาออก,https://edu.mju.ac.th/fileDownload/18.pdf,pdf
6,แบบฟอร์มสำหรับนักศึกษา,1,แบบฟอร์มสำหรับนักศึกษา,มจท27 คำร้องมอบฉันทะให้รับเอกสารแทน,https://edu.mju.ac.th/fileDownload/19.pdf,pdf
6,แบบฟอร์มสำหรับนักศึกษา,1,แบบฟอร์มสำหรับนักศึกษา,มจท32 คำร้องขอลงทะเบียนเกินกว่า หรือต่ำกว่าหน่วยกิตที่กำหนด,https://edu.mju.ac.th/fileDownload/20.pdf,pdf
6,แบบฟอร์มสำหรับนักศึกษา,1,แบบฟอร์มสำหรับนักศึกษา,มจท33 คำร้องขอเลื่อนสอบและสอบชดใช้,https://edu.mju.ac.th/fileDownload/21.pdf,pdf
6,แบบฟอร์มสำหรับนักศึกษา,1,แบบฟอร์มสำหรับนักศึกษา,มจท. 14/1 คำร้องขอ-แบบรายงานการขอเทียบโอนหน่วยกิตและผลการเรียน เพื่อปริญญาที่สอง,https://edu.mju.ac.th/fileDownload/927.docx,docx
6,แบบฟอร์มสำหรับนักศึกษา,1,แบบฟอร์มสำหรับนักศึกษา,มจท. 14/2 คำร้องขอ-แบบรายงานการขอเทียบโอนหน่วยกิตและผลการเรียน จากสถาบันอื่น ในประเทศและต่างประเทศ,https://edu.mju.ac.th/fileDownload/926.docx,docx
6,แบบฟอร์มสำหรับนักศึกษา,1,แบบฟอร์มสำหรับนักศึกษา,มจท. 14/3 คำร้องขอ-แบบรายงานการขอเทียบโอนหน่วยกิตและผลการเรียน ระบบคลังหน่วยกิต อนุปริญญา-ปริญญาตรี,https://edu.mju.ac.th/fileDownload/925.docx,docx
6,แบบฟอร์มสำหรับนักศึกษา,1,แบบฟอร์มสำหรับนักศึกษา,มจท.14/4 คำร้องขอ-เทียบโอนหน่วยกิตและผลการเรียน (กรณีพ้นภาพจากมหาวิทยาลัยแม่โจ้),https://edu.mju.ac.th/fileDownload/923.docx,docx
7,แบบฟอร์มสำหรับอาจารย์,7,แบบฟอร์มสำหรับอาจารย์,แบบฟอร์มส่งเกรดรายบุคคล,https://edu.mju.ac.th/fileDownload/22.pdf,pdf
